article_id,date,predicted_demand,predicted_demand_raw
0108775015,2020-09-23,2,1.8829758167266846
0108775015,2020-09-24,2,1.5354284048080444
0108775015,2020-09-25,2,1.5644911527633667
0108775015,2020-09-26,5,4.647336006164551
0108775015,2020-09-27,2,1.6454187631607056
0108775015,2020-09-28,6,6.490025043487549
0108775015,2020-09-29,3,3.2450430393218994
0108775015,2020-09-30,2,1.805256724357605
0108775015,2020-10-01,2,2.248955726623535
0108775015,2020-10-02,2,2.2493810653686523
0108775015,2020-10-03,3,2.6976382732391357
0108775015,2020-10-04,2,2.0947513580322266
0108775015,2020-10-05,2,1.9932868480682373
0108775015,2020-10-06,2,1.9220837354660034
0108775015,2020-10-07,2,1.99477219581604
0108775015,2020-10-08,2,1.6933702230453491
0108775015,2020-10-09,1,1.32943594455719
0108775015,2020-10-10,1,1.420493721961975
0108775015,2020-10-11,1,1.3353064060211182
0108775015,2020-10-12,1,1.3363358974456787
0108775015,2020-10-13,1,1.4259204864501953
0108775015,2020-10-14,2,1.6581488847732544
0108775015,2020-10-15,1,1.3053444623947144
0108775015,2020-10-16,1,1.132826566696167
0108775015,2020-10-17,1,1.1893447637557983
0108775015,2020-10-18,1,1.1408495903015137
0108775015,2020-10-19,1,1.1727677583694458
0108775015,2020-10-20,1,1.3582135438919067
0108775015,2020-10-21,1,1.4289896488189697
0108775015,2020-10-22,2,1.5305984020233154
0108775044,2020-09-23,2,2.222935914993286
0108775044,2020-09-24,2,2.091132640838623
0108775044,2020-09-25,2,2.078385829925537
0108775044,2020-09-26,5,5.264782428741455
0108775044,2020-09-27,2,2.0216572284698486
0108775044,2020-09-28,7,7.486018180847168
0108775044,2020-09-29,4,3.8636927604675293
0108775044,2020-09-30,2,2.345655918121338
0108775044,2020-10-01,3,2.9184179306030273
0108775044,2020-10-02,3,2.638969898223877
0108775044,2020-10-03,3,3.1387779712677
0108775044,2020-10-04,3,2.644113063812256
0108775044,2020-10-05,2,2.4047043323516846
0108775044,2020-10-06,3,2.512489080429077
0108775044,2020-10-07,3,2.5725204944610596
0108775044,2020-10-08,2,2.2583653926849365
0108775044,2020-10-09,2,2.037344217300415
0108775044,2020-10-10,2,2.2866077423095703
0108775044,2020-10-11,2,2.115168333053589
0108775044,2020-10-12,2,2.0244221687316895
0108775044,2020-10-13,2,1.9509730339050293
0108775044,2020-10-14,2,2.0797064304351807
0108775044,2020-10-15,2,1.8352770805358887
0108775044,2020-10-16,1,1.4950976371765137
0108775044,2020-10-17,1,1.4388400316238403
0108775044,2020-10-18,1,1.349414587020874
0108775044,2020-10-19,1,1.349008321762085
0108775044,2020-10-20,1,1.48897123336792
0108775044,2020-10-21,2,1.5215508937835693
0108775044,2020-10-22,2,1.5552045106887817
0111565001,2020-09-23,5,4.91589879989624
0111565001,2020-09-24,4,4.41295862197876
0111565001,2020-09-25,5,4.699912071228027
0111565001,2020-09-26,8,8.341509819030762
0111565001,2020-09-27,5,4.839754104614258
0111565001,2020-09-28,11,10.604799270629883
0111565001,2020-09-29,9,9.215807914733887
0111565001,2020-09-30,7,6.802705764770508
0111565001,2020-10-01,6,6.352354049682617
0111565001,2020-10-02,6,6.244790077209473
0111565001,2020-10-03,7,6.914093971252441
0111565001,2020-10-04,5,5.406344890594482
0111565001,2020-10-05,5,5.495325565338135
0111565001,2020-10-06,6,5.5139594078063965
0111565001,2020-10-07,6,5.78462028503418
0111565001,2020-10-08,5,5.49717378616333
0111565001,2020-10-09,5,5.155006408691406
0111565001,2020-10-10,5,5.482577323913574
0111565001,2020-10-11,5,4.675421714782715
0111565001,2020-10-12,5,4.526793956756592
0111565001,2020-10-13,5,4.755690574645996
0111565001,2020-10-14,5,5.271697998046875
0111565001,2020-10-15,5,5.155136585235596
0111565001,2020-10-16,5,5.002293109893799
0111565001,2020-10-17,5,4.950796604156494
0111565001,2020-10-18,4,4.247408866882324
0111565001,2020-10-19,4,4.244094371795654
0111565001,2020-10-20,4,4.422608852386475
0111565001,2020-10-21,5,4.667747497558594
0111565001,2020-10-22,5,4.642847061157227
0111586001,2020-09-23,7,7.3623948097229
0111586001,2020-09-24,8,8.251058578491211
0111586001,2020-09-25,10,10.448899269104004
0111586001,2020-09-26,17,16.594112396240234
0111586001,2020-09-27,8,7.633178234100342
0111586001,2020-09-28,13,13.361066818237305
0111586001,2020-09-29,13,13.38095474243164
0111586001,2020-09-30,13,13.066210746765137
0111586001,2020-10-01,12,11.742464065551758
0111586001,2020-10-02,11,11.218860626220703
0111586001,2020-10-03,12,12.315441131591797
0111586001,2020-10-04,9,8.73078441619873
0111586001,2020-10-05,9,9.151337623596191
0111586001,2020-10-06,10,10.060515403747559
0111586001,2020-10-07,11,10.778412818908691
0111586001,2020-10-08,10,10.315437316894531
0111586001,2020-10-09,11,10.903749465942383
0111586001,2020-10-10,11,11.438178062438965
0111586001,2020-10-11,8,8.275956153869629
0111586001,2020-10-12,8,8.246728897094727
0111586001,2020-10-13,9,8.50685977935791
0111586001,2020-10-14,10,9.704440116882324
0111586001,2020-10-15,9,9.278876304626465
0111586001,2020-10-16,9,9.100343704223633
0111586001,2020-10-17,10,9.553465843200684
0111586001,2020-10-18,7,7.388072490692139
0111586001,2020-10-19,7,7.080097198486328
0111586001,2020-10-20,8,7.620377540588379
0111586001,2020-10-21,8,8.187167167663574
0111586001,2020-10-22,9,9.283027648925781
0111593001,2020-09-23,7,7.340541839599609
0111593001,2020-09-24,7,7.459228515625
0111593001,2020-09-25,8,7.535356521606445
0111593001,2020-09-26,11,10.9642915725708
0111593001,2020-09-27,6,5.982994556427002
0111593001,2020-09-28,12,11.904812812805176
0111593001,2020-09-29,11,10.946367263793945
0111593001,2020-09-30,11,11.333670616149902
0111593001,2020-10-01,10,9.723358154296875
0111593001,2020-10-02,9,8.979155540466309
0111593001,2020-10-03,9,9.346902847290039
0111593001,2020-10-04,8,7.541856288909912
0111593001,2020-10-05,8,7.691074371337891
0111593001,2020-10-06,8,8.094011306762695
0111593001,2020-10-07,9,8.579178810119629
0111593001,2020-10-08,8,8.157761573791504
0111593001,2020-10-09,8,7.959369659423828
0111593001,2020-10-10,8,7.9441819190979
0111593001,2020-10-11,6,6.442848205566406
0111593001,2020-10-12,6,6.261043548583984
0111593001,2020-10-13,7,6.559093475341797
0111593001,2020-10-14,7,7.3025617599487305
0111593001,2020-10-15,7,7.174550533294678
0111593001,2020-10-16,7,6.862255573272705
0111593001,2020-10-17,7,6.753727436065674
0111593001,2020-10-18,6,5.729153156280518
0111593001,2020-10-19,6,5.584420204162598
0111593001,2020-10-20,6,5.743730545043945
0111593001,2020-10-21,6,6.090729236602783
0111593001,2020-10-22,7,6.617520332336426
0120129001,2020-09-23,2,2.034473180770874
0120129001,2020-09-24,2,1.6720876693725586
0120129001,2020-09-25,2,1.5058051347732544
0120129001,2020-09-26,5,4.582870006561279
0120129001,2020-09-27,1,1.4973891973495483
0120129001,2020-09-28,7,6.503302574157715
0120129001,2020-09-29,3,3.3494012355804443
0120129001,2020-09-30,2,1.851483702659607
0120129001,2020-10-01,2,2.1859195232391357
0120129001,2020-10-02,2,2.227090358734131
0120129001,2020-10-03,3,2.625368356704712
0120129001,2020-10-04,2,2.0397491455078125
0120129001,2020-10-05,2,2.021850824356079
0120129001,2020-10-06,2,2.115417718887329
0120129001,2020-10-07,2,2.2287161350250244
0120129001,2020-10-08,2,1.912474274635315
0120129001,2020-10-09,1,1.4506875276565552
0120129001,2020-10-10,1,1.4946085214614868
0120129001,2020-10-11,1,1.2954206466674805
0120129001,2020-10-12,1,1.3414297103881836
0120129001,2020-10-13,1,1.4102848768234253
0120129001,2020-10-14,2,1.7078622579574585
0120129001,2020-10-15,1,1.3381119966506958
0120129001,2020-10-16,1,1.1702275276184082
0120129001,2020-10-17,1,1.195806622505188
0120129001,2020-10-18,1,1.1213383674621582
0120129001,2020-10-19,1,1.177506446838379
0120129001,2020-10-20,1,1.362952470779419
0120129001,2020-10-21,1,1.4194567203521729
0120129001,2020-10-22,2,1.512355923652649
0123173001,2020-09-23,23,22.67473793029785
0123173001,2020-09-24,21,21.2525577545166
0123173001,2020-09-25,20,20.346107482910156
0123173001,2020-09-26,29,29.411396026611328
0123173001,2020-09-27,36,36.28983688354492
0123173001,2020-09-28,40,39.96027374267578
0123173001,2020-09-29,33,33.32709884643555
0123173001,2020-09-30,32,31.708955764770508
0123173001,2020-10-01,29,29.25883674621582
0123173001,2020-10-02,28,28.296079635620117
0123173001,2020-10-03,36,35.87958908081055
0123173001,2020-10-04,28,28.2248592376709
0123173001,2020-10-05,26,25.656185150146484
0123173001,2020-10-06,24,24.471513748168945
0123173001,2020-10-07,25,25.346784591674805
0123173001,2020-10-08,25,24.50889778137207
0123173001,2020-10-09,24,24.01044464111328
0123173001,2020-10-10,25,24.86902618408203
0123173001,2020-10-11,24,24.445955276489258
0123173001,2020-10-12,24,24.294599533081055
0123173001,2020-10-13,24,24.11394500732422
0123173001,2020-10-14,25,25.258277893066406
0123173001,2020-10-15,24,24.43415069580078
0123173001,2020-10-16,25,24.55553436279297
0123173001,2020-10-17,27,26.846242904663086
0123173001,2020-10-18,23,23.17120933532715
0123173001,2020-10-19,24,24.10230255126953
0123173001,2020-10-20,25,24.68613624572754
0123173001,2020-10-21,25,25.102609634399414
0123173001,2020-10-22,29,28.531688690185547
0148033001,2020-09-23,9,8.616053581237793
0148033001,2020-09-24,8,8.487549781799316
0148033001,2020-09-25,9,8.936729431152344
0148033001,2020-09-26,13,12.920342445373535
0148033001,2020-09-27,7,6.791377067565918
0148033001,2020-09-28,13,13.385519027709961
0148033001,2020-09-29,13,12.744564056396484
0148033001,2020-09-30,12,12.400609016418457
0148033001,2020-10-01,11,10.7698335647583
0148033001,2020-10-02,10,10.105392456054688
0148033001,2020-10-03,11,11.49384593963623
0148033001,2020-10-04,8,8.228778839111328
0148033001,2020-10-05,9,8.718948364257812
0148033001,2020-10-06,9,8.93657112121582
0148033001,2020-10-07,10,9.534395217895508
0148033001,2020-10-08,9,9.287425994873047
0148033001,2020-10-09,9,9.114410400390625
0148033001,2020-10-10,10,9.75993824005127
0148033001,2020-10-11,8,7.512887001037598
0148033001,2020-10-12,7,7.226281642913818
0148033001,2020-10-13,7,7.408297061920166
0148033001,2020-10-14,9,8.514567375183105
0148033001,2020-10-15,8,8.276989936828613
0148033001,2020-10-16,8,8.026446342468262
0148033001,2020-10-17,8,8.37322998046875
0148033001,2020-10-18,7,6.5829572677612305
0148033001,2020-10-19,6,6.362215518951416
0148033001,2020-10-20,7,6.592818260192871
0148033001,2020-10-21,7,7.287083625793457
0148033001,2020-10-22,8,7.889606952667236
0156231001,2020-09-23,19,19.230321884155273
0156231001,2020-09-24,24,24.16827964782715
0156231001,2020-09-25,28,28.386735916137695
0156231001,2020-09-26,49,48.64765930175781
0156231001,2020-09-27,46,45.62858200073242
0156231001,2020-09-28,67,67.15988159179688
0156231001,2020-09-29,59,58.591339111328125
0156231001,2020-09-30,54,53.818119049072266
0156231001,2020-10-01,46,46.04545211791992
0156231001,2020-10-02,45,44.89448928833008
0156231001,2020-10-03,51,50.55547332763672
0156231001,2020-10-04,45,44.75333023071289
0156231001,2020-10-05,45,45.324527740478516
0156231001,2020-10-06,42,42.4503059387207
0156231001,2020-10-07,46,45.91189193725586
0156231001,2020-10-08,44,44.24773406982422
0156231001,2020-10-09,44,43.880165100097656
0156231001,2020-10-10,52,51.53452682495117
0156231001,2020-10-11,58,58.095375061035156
0156231001,2020-10-12,46,45.78544998168945
0156231001,2020-10-13,46,46.24935531616211
0156231001,2020-10-14,50,50.376708984375
0156231001,2020-10-15,52,51.74796676635742
0156231001,2020-10-16,50,49.73602294921875
0156231001,2020-10-17,56,55.522525787353516
0156231001,2020-10-18,52,51.74080276489258
0156231001,2020-10-19,52,51.62533187866211
0156231001,2020-10-20,50,49.822383880615234
0156231001,2020-10-21,52,51.94345474243164
0156231001,2020-10-22,57,56.90904235839844
0158340001,2020-09-23,53,52.62232971191406
0158340001,2020-09-24,57,57.46961975097656
0158340001,2020-09-25,61,60.74946212768555
0158340001,2020-09-26,95,94.75408935546875
0158340001,2020-09-27,93,93.44270324707031
0158340001,2020-09-28,104,103.60118865966797
0158340001,2020-09-29,87,87.39725494384766
0158340001,2020-09-30,81,81.2614517211914
0158340001,2020-10-01,74,74.29920196533203
0158340001,2020-10-02,76,76.16368103027344
0158340001,2020-10-03,84,83.81243896484375
0158340001,2020-10-04,86,86.31905364990234
0158340001,2020-10-05,83,82.91571044921875
0158340001,2020-10-06,77,76.51609802246094
0158340001,2020-10-07,80,79.9532241821289
0158340001,2020-10-08,79,78.8896713256836
0158340001,2020-10-09,75,74.53507232666016
0158340001,2020-10-10,81,80.96699523925781
0158340001,2020-10-11,109,108.65011596679688
0158340001,2020-10-12,75,74.96171569824219
0158340001,2020-10-13,66,65.5152587890625
0158340001,2020-10-14,68,67.71835327148438
0158340001,2020-10-15,70,70.05601501464844
0158340001,2020-10-16,69,68.68818664550781
0158340001,2020-10-17,74,73.57109832763672
0158340001,2020-10-18,72,71.57000732421875
0158340001,2020-10-19,76,75.7850112915039
0158340001,2020-10-20,77,76.5191650390625
0158340001,2020-10-21,81,80.7573013305664
0158340001,2020-10-22,96,96.27144622802734
0160442007,2020-09-23,25,25.205486297607422
0160442007,2020-09-24,30,30.005512237548828
0160442007,2020-09-25,32,31.525724411010742
0160442007,2020-09-26,55,55.38508224487305
0160442007,2020-09-27,47,47.18125915527344
0160442007,2020-09-28,72,72.13716888427734
0160442007,2020-09-29,67,66.90754699707031
0160442007,2020-09-30,55,54.713157653808594
0160442007,2020-10-01,48,47.70770263671875
0160442007,2020-10-02,44,44.39734649658203
0160442007,2020-10-03,55,54.6269645690918
0160442007,2020-10-04,46,46.13893127441406
0160442007,2020-10-05,45,45.37262725830078
0160442007,2020-10-06,45,44.83523178100586
0160442007,2020-10-07,46,45.683773040771484
0160442007,2020-10-08,44,44.433109283447266
0160442007,2020-10-09,43,43.3262939453125
0160442007,2020-10-10,49,48.97365188598633
0160442007,2020-10-11,47,47.28525161743164
0160442007,2020-10-12,43,42.76457977294922
0160442007,2020-10-13,47,47.36873245239258
0160442007,2020-10-14,52,52.01268005371094
0160442007,2020-10-15,54,53.87678146362305
0160442007,2020-10-16,52,52.18189239501953
0160442007,2020-10-17,55,55.48931121826172
0160442007,2020-10-18,50,49.75607681274414
0160442007,2020-10-19,50,49.783206939697266
0160442007,2020-10-20,48,48.06031799316406
0160442007,2020-10-21,51,51.08933639526367
0160442007,2020-10-22,57,56.538246154785156
0160442010,2020-09-23,22,21.55870246887207
0160442010,2020-09-24,23,23.15081024169922
0160442010,2020-09-25,26,26.05518341064453
0160442010,2020-09-26,40,40.4322395324707
0160442010,2020-09-27,42,41.7835693359375
0160442010,2020-09-28,47,46.837982177734375
0160442010,2020-09-29,37,36.6004524230957
0160442010,2020-09-30,33,33.24677658081055
0160442010,2020-10-01,34,34.19544219970703
0160442010,2020-10-02,35,35.122100830078125
0160442010,2020-10-03,42,42.308876037597656
0160442010,2020-10-04,36,35.832786560058594
0160442010,2020-10-05,35,34.97104263305664
0160442010,2020-10-06,33,32.77322769165039
0160442010,2020-10-07,35,34.744873046875
0160442010,2020-10-08,34,34.315650939941406
0160442010,2020-10-09,34,33.73469924926758
0160442010,2020-10-10,37,37.42216491699219
0160442010,2020-10-11,36,35.65990447998047
0160442010,2020-10-12,35,35.44847106933594
0160442010,2020-10-13,33,33.22685241699219
0160442010,2020-10-14,37,37.3100471496582
0160442010,2020-10-15,38,37.59260177612305
0160442010,2020-10-16,37,36.554359436035156
0160442010,2020-10-17,42,42.0124397277832
0160442010,2020-10-18,38,37.69667434692383
0160442010,2020-10-19,35,35.46931838989258
0160442010,2020-10-20,35,35.1677360534668
0160442010,2020-10-21,43,42.524513244628906
0160442010,2020-10-22,51,50.599002838134766
0160442043,2020-09-23,4,4.338795185089111
0160442043,2020-09-24,4,3.893143653869629
0160442043,2020-09-25,4,3.8354926109313965
0160442043,2020-09-26,7,7.34529972076416
0160442043,2020-09-27,4,3.7736759185791016
0160442043,2020-09-28,9,9.457159042358398
0160442043,2020-09-29,8,7.6381516456604
0160442043,2020-09-30,5,5.434823989868164
0160442043,2020-10-01,5,5.212010860443115
0160442043,2020-10-02,5,5.029425621032715
0160442043,2020-10-03,6,5.754429817199707
0160442043,2020-10-04,5,4.776234149932861
0160442043,2020-10-05,5,4.602011203765869
0160442043,2020-10-06,5,4.657075881958008
0160442043,2020-10-07,5,5.115325927734375
0160442043,2020-10-08,5,5.025112628936768
0160442043,2020-10-09,5,4.746882438659668
0160442043,2020-10-10,5,4.80353307723999
0160442043,2020-10-11,4,4.239017009735107
0160442043,2020-10-12,4,4.202171325683594
0160442043,2020-10-13,4,4.14835786819458
0160442043,2020-10-14,5,4.690131664276123
0160442043,2020-10-15,4,4.375256538391113
0160442043,2020-10-16,4,4.236620903015137
0160442043,2020-10-17,4,4.228511810302734
0160442043,2020-10-18,4,3.7766170501708984
0160442043,2020-10-19,4,3.5593440532684326
0160442043,2020-10-20,4,3.765381097793579
0160442043,2020-10-21,4,4.050533771514893
0160442043,2020-10-22,4,4.088247776031494
0179123001,2020-09-23,3,2.634923219680786
0179123001,2020-09-24,3,2.509525775909424
0179123001,2020-09-25,2,2.30855655670166
0179123001,2020-09-26,6,5.565499782562256
0179123001,2020-09-27,2,2.142554759979248
0179123001,2020-09-28,8,7.870163917541504
0179123001,2020-09-29,4,4.0526604652404785
0179123001,2020-09-30,3,3.099729537963867
0179123001,2020-10-01,3,3.373548984527588
0179123001,2020-10-02,3,3.365161895751953
0179123001,2020-10-03,4,3.7485344409942627
0179123001,2020-10-04,3,2.977945327758789
0179123001,2020-10-05,3,2.959061861038208
0179123001,2020-10-06,3,2.831387758255005
0179123001,2020-10-07,3,3.040393590927124
0179123001,2020-10-08,3,2.867285966873169
0179123001,2020-10-09,2,2.3821861743927
0179123001,2020-10-10,3,2.564265727996826
0179123001,2020-10-11,2,2.4046390056610107
0179123001,2020-10-12,2,2.3204684257507324
0179123001,2020-10-13,2,2.2848703861236572
0179123001,2020-10-14,3,2.599061965942383
0179123001,2020-10-15,2,2.2183663845062256
0179123001,2020-10-16,2,2.0195534229278564
0179123001,2020-10-17,2,2.1462526321411133
0179123001,2020-10-18,2,1.9116668701171875
0179123001,2020-10-19,2,1.6498675346374512
0179123001,2020-10-20,2,1.7290904521942139
0179123001,2020-10-21,2,1.811431884765625
0179123001,2020-10-22,2,1.8001235723495483
0179208001,2020-09-23,9,9.337507247924805
0179208001,2020-09-24,11,10.752371788024902
0179208001,2020-09-25,12,11.52791690826416
0179208001,2020-09-26,15,15.045768737792969
0179208001,2020-09-27,10,9.533012390136719
0179208001,2020-09-28,17,17.499242782592773
0179208001,2020-09-29,15,15.370030403137207
0179208001,2020-09-30,15,15.097277641296387
0179208001,2020-10-01,13,13.241954803466797
0179208001,2020-10-02,13,12.97695541381836
0179208001,2020-10-03,13,13.01280689239502
0179208001,2020-10-04,11,11.257286071777344
0179208001,2020-10-05,12,11.599956512451172
0179208001,2020-10-06,11,11.24089241027832
0179208001,2020-10-07,13,12.626360893249512
0179208001,2020-10-08,12,11.6087007522583
0179208001,2020-10-09,12,11.527292251586914
0179208001,2020-10-10,12,11.71143913269043
0179208001,2020-10-11,10,9.722260475158691
0179208001,2020-10-12,10,9.675341606140137
0179208001,2020-10-13,10,9.980326652526855
0179208001,2020-10-14,11,10.776473999023438
0179208001,2020-10-15,11,10.738190650939941
0179208001,2020-10-16,11,10.646366119384766
0179208001,2020-10-17,11,10.842279434204102
0179208001,2020-10-18,9,8.688275337219238
0179208001,2020-10-19,9,8.862714767456055
0179208001,2020-10-20,9,8.794953346252441
0179208001,2020-10-21,10,9.797893524169922
0179208001,2020-10-22,11,10.503533363342285
0179950001,2020-09-23,3,3.241532325744629
0179950001,2020-09-24,3,3.4206037521362305
0179950001,2020-09-25,3,3.2818002700805664
0179950001,2020-09-26,6,6.366086006164551
0179950001,2020-09-27,3,2.5562949180603027
0179950001,2020-09-28,8,8.4315824508667
0179950001,2020-09-29,5,5.1794281005859375
0179950001,2020-09-30,4,3.774167537689209
0179950001,2020-10-01,4,4.148868560791016
0179950001,2020-10-02,4,4.125101089477539
0179950001,2020-10-03,5,4.550683498382568
0179950001,2020-10-04,4,3.598128318786621
0179950001,2020-10-05,4,3.5466513633728027
0179950001,2020-10-06,4,3.5577452182769775
0179950001,2020-10-07,4,3.798834800720215
0179950001,2020-10-08,4,3.5066072940826416
0179950001,2020-10-09,3,3.1559274196624756
0179950001,2020-10-10,3,3.255434513092041
0179950001,2020-10-11,3,2.9835307598114014
0179950001,2020-10-12,3,2.6461939811706543
0179950001,2020-10-13,3,2.623868703842163
0179950001,2020-10-14,3,3.033215045928955
0179950001,2020-10-15,3,2.7856643199920654
0179950001,2020-10-16,2,2.435211420059204
0179950001,2020-10-17,3,2.5095396041870117
0179950001,2020-10-18,2,2.379669189453125
0179950001,2020-10-19,2,2.1934707164764404
0179950001,2020-10-20,2,2.2778375148773193
0179950001,2020-10-21,2,2.402010440826416
0179950001,2020-10-22,2,2.406841278076172
0188183001,2020-09-23,2,1.773071527481079
0188183001,2020-09-24,1,1.4255245923995972
0188183001,2020-09-25,1,1.4749866724014282
0188183001,2020-09-26,5,4.535106658935547
0188183001,2020-09-27,1,1.480735182762146
0188183001,2020-09-28,6,6.41424560546875
0188183001,2020-09-29,3,3.1784470081329346
0188183001,2020-09-30,2,1.6822179555892944
0188183001,2020-10-01,2,2.0936625003814697
0188183001,2020-10-02,2,2.0827298164367676
0188183001,2020-10-03,2,2.4383199214935303
0188183001,2020-10-04,2,1.9929943084716797
0188183001,2020-10-05,2,1.7943475246429443
0188183001,2020-10-06,2,1.8121393918991089
0188183001,2020-10-07,2,1.6818338632583618
0188183001,2020-10-08,1,1.380431056022644
0188183001,2020-10-09,1,1.1472805738449097
0188183001,2020-10-10,1,1.3177958726882935
0188183001,2020-10-11,1,1.2279366254806519
0188183001,2020-10-12,1,1.242836356163025
0188183001,2020-10-13,1,1.2823790311813354
0188183001,2020-10-14,2,1.5815094709396362
0188183001,2020-10-15,1,1.2287050485610962
0188183001,2020-10-16,1,1.1031208038330078
0188183001,2020-10-17,1,1.1510711908340454
0188183001,2020-10-18,1,1.090766191482544
0188183001,2020-10-19,1,1.1327710151672363
0188183001,2020-10-20,1,1.3182170391082764
0188183001,2020-10-21,1,1.3747212886810303
0188183001,2020-10-22,1,1.4676204919815063
0189616001,2020-09-23,11,10.802809715270996
0189616001,2020-09-24,11,10.93310832977295
0189616001,2020-09-25,10,10.002846717834473
0189616001,2020-09-26,14,14.243294715881348
0189616001,2020-09-27,9,9.266578674316406
0189616001,2020-09-28,17,16.91488265991211
0189616001,2020-09-29,16,15.59102725982666
0189616001,2020-09-30,14,14.436830520629883
0189616001,2020-10-01,13,12.689645767211914
0189616001,2020-10-02,12,11.761052131652832
0189616001,2020-10-03,13,12.91539192199707
0189616001,2020-10-04,11,10.670456886291504
0189616001,2020-10-05,11,10.601813316345215
0189616001,2020-10-06,12,11.68431282043457
0189616001,2020-10-07,12,12.436532020568848
0189616001,2020-10-08,12,11.96159839630127
0189616001,2020-10-09,11,10.99333381652832
0189616001,2020-10-10,11,11.442744255065918
0189616001,2020-10-11,9,9.31241226196289
0189616001,2020-10-12,9,9.298017501831055
0189616001,2020-10-13,10,9.709990501403809
0189616001,2020-10-14,11,10.677248001098633
0189616001,2020-10-15,11,10.59221363067627
0189616001,2020-10-16,10,10.32547378540039
0189616001,2020-10-17,11,10.645857810974121
0189616001,2020-10-18,8,8.385880470275879
0189616001,2020-10-19,8,8.355924606323242
0189616001,2020-10-20,9,8.695920944213867
0189616001,2020-10-21,10,9.800519943237305
0189616001,2020-10-22,10,10.225236892700195
0189616006,2020-09-23,3,3.472534656524658
0189616006,2020-09-24,3,3.372720241546631
0189616006,2020-09-25,3,3.1381301879882812
0189616006,2020-09-26,6,6.161527633666992
0189616006,2020-09-27,3,2.7119007110595703
0189616006,2020-09-28,8,8.472396850585938
0189616006,2020-09-29,5,5.354981422424316
0189616006,2020-09-30,4,3.7966294288635254
0189616006,2020-10-01,4,4.167107582092285
0189616006,2020-10-02,4,4.111575603485107
0189616006,2020-10-03,5,4.521058559417725
0189616006,2020-10-04,4,3.768685817718506
0189616006,2020-10-05,4,3.5689046382904053
0189616006,2020-10-06,4,3.6539666652679443
0189616006,2020-10-07,4,3.808558464050293
0189616006,2020-10-08,3,3.49308180809021
0189616006,2020-10-09,3,3.1643292903900146
0189616006,2020-10-10,3,3.291358470916748
0189616006,2020-10-11,3,2.978407144546509
0189616006,2020-10-12,3,2.72257137298584
0189616006,2020-10-13,3,2.7817211151123047
0189616006,2020-10-14,3,3.1305911540985107
0189616006,2020-10-15,3,2.8418538570404053
0189616006,2020-10-16,2,2.4487369060516357
0189616006,2020-10-17,3,2.5441031455993652
0189616006,2020-10-18,2,2.379669189453125
0189616006,2020-10-19,2,2.180420398712158
0189616006,2020-10-20,2,2.3658666610717773
0189616006,2020-10-21,2,2.402010440826416
0189616006,2020-10-22,2,2.480069637298584
0189616008,2020-09-23,2,1.811570644378662
0189616008,2020-09-24,1,1.464023232460022
0189616008,2020-09-25,1,1.4947069883346558
0189616008,2020-09-26,5,4.5548272132873535
0189616008,2020-09-27,1,1.4973891973495483
0189616008,2020-09-28,6,6.44506311416626
0189616008,2020-09-29,3,3.2231826782226562
0189616008,2020-09-30,2,1.7488762140274048
0189616008,2020-10-01,2,2.1383979320526123
0189616008,2020-10-02,2,2.210907459259033
0189616008,2020-10-03,2,2.483055353164673
0189616008,2020-10-04,2,2.0397491455078125
0189616008,2020-10-05,2,1.9778012037277222
0189616008,2020-10-06,2,1.8568748235702515
0189616008,2020-10-07,2,1.8145965337753296
0189616008,2020-10-08,2,1.513193964958191
0189616008,2020-10-09,1,1.1920160055160522
0189616008,2020-10-10,1,1.362531304359436
0189616008,2020-10-11,1,1.256420373916626
0189616008,2020-10-12,1,1.2875717878341675
0189616008,2020-10-13,1,1.3694144487380981
0189616008,2020-10-14,2,1.6262449026107788
0189616008,2020-10-15,1,1.2734404802322388
0189616008,2020-10-16,1,1.1478562355041504
0189616008,2020-10-17,1,1.195806622505188
0189616008,2020-10-18,1,1.1213383674621582
0189616008,2020-10-19,1,1.177506446838379
0189616008,2020-10-20,1,1.362952470779419
0189616008,2020-10-21,1,1.4194567203521729
0189616008,2020-10-22,2,1.512355923652649
0189634001,2020-09-23,2,1.8365857601165771
0189634001,2020-09-24,1,1.489038109779358
0189634001,2020-09-25,2,1.538500189781189
0189634001,2020-09-26,5,4.598620414733887
0189634001,2020-09-27,2,1.5113071203231812
0189634001,2020-09-28,6,6.448012828826904
0189634001,2020-09-29,3,3.2231826782226562
0189634001,2020-09-30,2,1.7488762140274048
0189634001,2020-10-01,2,2.1859195232391357
0189634001,2020-10-02,2,2.210907459259033
0189634001,2020-10-03,2,2.483055353164673
0189634001,2020-10-04,2,2.0397491455078125
0189634001,2020-10-05,2,1.9778012037277222
0189634001,2020-10-06,2,1.8568748235702515
0189634001,2020-10-07,2,1.8586455583572388
0189634001,2020-10-08,2,1.5572434663772583
0189634001,2020-10-09,1,1.236066222190857
0189634001,2020-10-10,1,1.362531304359436
0189634001,2020-10-11,1,1.256420373916626
0189634001,2020-10-12,1,1.3045176267623901
0189634001,2020-10-13,1,1.3694144487380981
0189634001,2020-10-14,2,1.6262449026107788
0189634001,2020-10-15,1,1.2734404802322388
0189634001,2020-10-16,1,1.1478562355041504
0189634001,2020-10-17,1,1.195806622505188
0189634001,2020-10-18,1,1.1213383674621582
0189634001,2020-10-19,1,1.177506446838379
0189634001,2020-10-20,1,1.362952470779419
0189634001,2020-10-21,1,1.4194567203521729
0189634001,2020-10-22,2,1.512355923652649
0200182001,2020-09-23,3,2.9353718757629395
0200182001,2020-09-24,3,2.688394069671631
0200182001,2020-09-25,3,2.737856388092041
0200182001,2020-09-26,6,5.837855339050293
0200182001,2020-09-27,2,2.339848041534424
0200182001,2020-09-28,8,8.121023178100586
0200182001,2020-09-29,5,5.088177680969238
0200182001,2020-09-30,4,3.586350917816162
0200182001,2020-10-01,4,3.8500185012817383
0200182001,2020-10-02,4,3.7124853134155273
0200182001,2020-10-03,4,4.154903888702393
0200182001,2020-10-04,4,3.5171971321105957
0200182001,2020-10-05,3,3.3518965244293213
0200182001,2020-10-06,3,3.3496592044830322
0200182001,2020-10-07,3,3.4521870613098145
0200182001,2020-10-08,3,3.1515567302703857
0200182001,2020-10-09,3,2.9048807621002197
0200182001,2020-10-10,3,2.905427932739258
0200182001,2020-10-11,3,2.625589609146118
0200182001,2020-10-12,2,2.450829029083252
0200182001,2020-10-13,2,2.4629533290863037
0200182001,2020-10-14,3,2.839757204055786
0200182001,2020-10-15,2,2.472111940383911
0200182001,2020-10-16,2,2.2170908451080322
0200182001,2020-10-17,2,2.343790054321289
0200182001,2020-10-18,2,2.099747657775879
0200182001,2020-10-19,2,1.9833271503448486
0200182001,2020-10-20,2,1.9914675951004028
0200182001,2020-10-21,2,1.961703896522522
0200182001,2020-10-22,2,2.0105526447296143
0224606019,2020-09-23,2,2.3862245082855225
0224606019,2020-09-24,2,2.023836135864258
0224606019,2020-09-25,2,2.0972232818603516
0224606019,2020-09-26,5,5.238071918487549
0224606019,2020-09-27,2,2.169915199279785
0224606019,2020-09-28,8,7.710154056549072
0224606019,2020-09-29,4,3.911424160003662
0224606019,2020-09-30,2,2.333087921142578
0224606019,2020-10-01,3,2.8969783782958984
0224606019,2020-10-02,3,2.8440675735473633
0224606019,2020-10-03,3,3.2791144847869873
0224606019,2020-10-04,3,2.687735080718994
0224606019,2020-10-05,2,2.449439764022827
0224606019,2020-10-06,3,2.570274829864502
0224606019,2020-10-07,3,2.7597427368164062
0224606019,2020-10-08,2,2.432537317276001
0224606019,2020-10-09,2,2.2245662212371826
0224606019,2020-10-10,2,2.331343173980713
0224606019,2020-10-11,2,2.218968152999878
0224606019,2020-10-12,2,2.069157600402832
0224606019,2020-10-13,2,2.110563039779663
0224606019,2020-10-14,2,2.423825979232788
0224606019,2020-10-15,2,2.030282735824585
0224606019,2020-10-16,2,1.8606486320495605
0224606019,2020-10-17,2,1.6940051317214966
0224606019,2020-10-18,1,1.4801416397094727
0224606019,2020-10-19,1,1.453395128250122
0224606019,2020-10-20,2,1.638840913772583
0224606019,2020-10-21,2,1.6597034931182861
0224606019,2020-10-22,2,1.7297841310501099
0228257001,2020-09-23,18,17.72067642211914
0228257001,2020-09-24,20,20.145132064819336
0228257001,2020-09-25,19,18.967090606689453
0228257001,2020-09-26,30,30.154483795166016
0228257001,2020-09-27,28,28.165451049804688
0228257001,2020-09-28,33,32.87844467163086
0228257001,2020-09-29,27,26.914113998413086
0228257001,2020-09-30,26,26.063352584838867
0228257001,2020-10-01,25,25.131309509277344
0228257001,2020-10-02,25,24.520597457885742
0228257001,2020-10-03,29,29.2681884765625
0228257001,2020-10-04,24,24.117883682250977
0228257001,2020-10-05,23,22.62445640563965
0228257001,2020-10-06,23,22.739721298217773
0228257001,2020-10-07,23,22.503673553466797
0228257001,2020-10-08,23,23.42356300354004
0228257001,2020-10-09,22,22.4434871673584
0228257001,2020-10-10,24,24.223495483398438
0228257001,2020-10-11,22,21.65895652770996
0228257001,2020-10-12,21,21.41022300720215
0228257001,2020-10-13,21,21.066606521606445
0228257001,2020-10-14,22,21.97836685180664
0228257001,2020-10-15,22,22.142866134643555
0228257001,2020-10-16,22,22.40810203552246
0228257001,2020-10-17,24,24.05579948425293
0228257001,2020-10-18,21,20.910837173461914
0228257001,2020-10-19,21,20.728782653808594
0228257001,2020-10-20,21,21.31610870361328
0228257001,2020-10-21,22,21.8062686920166
0228257001,2020-10-22,24,24.19886589050293
0240561001,2020-09-23,7,6.804194927215576
0240561001,2020-09-24,7,6.802820205688477
0240561001,2020-09-25,7,6.966005325317383
0240561001,2020-09-26,11,10.615273475646973
0240561001,2020-09-27,6,5.943073749542236
0240561001,2020-09-28,11,11.41738510131836
0240561001,2020-09-29,11,10.957013130187988
0240561001,2020-09-30,11,10.765066146850586
0240561001,2020-10-01,9,9.431212425231934
0240561001,2020-10-02,9,8.646876335144043
0240561001,2020-10-03,9,9.289344787597656
0240561001,2020-10-04,7,7.317629337310791
0240561001,2020-10-05,7,7.2572340965271
0240561001,2020-10-06,8,7.614678382873535
0240561001,2020-10-07,8,8.176444053649902
0240561001,2020-10-08,8,7.9846930503845215
0240561001,2020-10-09,7,7.292745590209961
0240561001,2020-10-10,8,7.725366115570068
0240561001,2020-10-11,6,6.2982401847839355
0240561001,2020-10-12,6,6.205726623535156
0240561001,2020-10-13,6,6.29833984375
0240561001,2020-10-14,7,7.042135238647461
0240561001,2020-10-15,7,6.988330841064453
0240561001,2020-10-16,7,6.502248287200928
0240561001,2020-10-17,7,6.684067726135254
0240561001,2020-10-18,6,5.719956398010254
0240561001,2020-10-19,5,5.233978748321533
0240561001,2020-10-20,5,5.403223037719727
0240561001,2020-10-21,6,6.018947601318359
0240561001,2020-10-22,6,6.196664810180664
0243937001,2020-09-23,2,2.254599094390869
0243937001,2020-09-24,2,2.0380611419677734
0243937001,2020-09-25,2,2.0713400840759277
0243937001,2020-09-26,5,5.222061634063721
0243937001,2020-09-27,2,2.1267409324645996
0243937001,2020-09-28,8,7.666284084320068
0243937001,2020-09-29,4,3.932556390762329
0243937001,2020-09-30,2,2.2676913738250732
0243937001,2020-10-01,3,2.888679027557373
0243937001,2020-10-02,3,2.8126187324523926
0243937001,2020-10-03,3,3.152064561843872
0243937001,2020-10-04,3,2.7224621772766113
0243937001,2020-10-05,2,2.4988625049591064
0243937001,2020-10-06,3,2.5828793048858643
0243937001,2020-10-07,3,2.6424355506896973
0243937001,2020-10-08,2,2.444666624069214
0243937001,2020-10-09,2,2.0820796489715576
0243937001,2020-10-10,2,2.3448686599731445
0243937001,2020-10-11,2,2.232018232345581
0243937001,2020-10-12,2,2.069157600402832
0243937001,2020-10-13,2,2.0094759464263916
0243937001,2020-10-14,2,2.3417484760284424
0243937001,2020-10-15,2,1.9862332344055176
0243937001,2020-10-16,2,1.6460542678833008
0243937001,2020-10-17,2,1.587783694267273
0243937001,2020-10-18,1,1.3921165466308594
0243937001,2020-10-19,1,1.453395128250122
0243937001,2020-10-20,2,1.5791895389556885
0243937001,2020-10-21,2,1.6368861198425293
0243937001,2020-10-22,2,1.6937302350997925
0253448001,2020-09-23,8,8.11186695098877
0253448001,2020-09-24,9,9.121110916137695
0253448001,2020-09-25,9,8.67899227142334
0253448001,2020-09-26,12,11.531537055969238
0253448001,2020-09-27,7,6.6794891357421875
0253448001,2020-09-28,13,12.709461212158203
0253448001,2020-09-29,12,12.193218231201172
0253448001,2020-09-30,12,12.225008964538574
0253448001,2020-10-01,11,10.632698059082031
0253448001,2020-10-02,10,9.844589233398438
0253448001,2020-10-03,10,10.190582275390625
0253448001,2020-10-04,8,8.188380241394043
0253448001,2020-10-05,8,8.49062442779541
0253448001,2020-10-06,9,8.584601402282715
0253448001,2020-10-07,9,9.193380355834961
0253448001,2020-10-08,9,9.240806579589844
0253448001,2020-10-09,9,8.765379905700684
0253448001,2020-10-10,9,8.696737289428711
0253448001,2020-10-11,7,7.163318634033203
0253448001,2020-10-12,7,7.094361305236816
0253448001,2020-10-13,7,7.487028121948242
0253448001,2020-10-14,8,8.099129676818848
0253448001,2020-10-15,8,8.255227088928223
0253448001,2020-10-16,8,7.9802093505859375
0253448001,2020-10-17,8,7.714895248413086
0253448001,2020-10-18,6,6.373787879943848
0253448001,2020-10-19,6,6.2723870277404785
0253448001,2020-10-20,7,6.529054164886475
0253448001,2020-10-21,7,7.103724956512451
0253448001,2020-10-22,8,7.638176918029785
0253448003,2020-09-23,9,8.701559066772461
0253448003,2020-09-24,8,8.307024002075195
0253448003,2020-09-25,8,8.159309387207031
0253448003,2020-09-26,12,12.143332481384277
0253448003,2020-09-27,6,6.405612468719482
0253448003,2020-09-28,13,12.959936141967773
0253448003,2020-09-29,12,11.968278884887695
0253448003,2020-09-30,12,11.838958740234375
0253448003,2020-10-01,10,9.97107982635498
0253448003,2020-10-02,9,9.314081192016602
0253448003,2020-10-03,10,9.978879928588867
0253448003,2020-10-04,8,7.8090667724609375
0253448003,2020-10-05,8,7.897759437561035
0253448003,2020-10-06,8,8.014748573303223
0253448003,2020-10-07,9,9.066285133361816
0253448003,2020-10-08,9,8.925799369812012
0253448003,2020-10-09,8,8.208008766174316
0253448003,2020-10-10,9,8.592873573303223
0253448003,2020-10-11,7,6.945570945739746
0253448003,2020-10-12,7,6.502900123596191
0253448003,2020-10-13,7,6.691750526428223
0253448003,2020-10-14,8,7.730438232421875
0253448003,2020-10-15,8,7.5064592361450195
0253448003,2020-10-16,7,7.324196815490723
0253448003,2020-10-17,7,7.378296375274658
0253448003,2020-10-18,6,5.912408351898193
0253448003,2020-10-19,6,5.694948196411133
0253448003,2020-10-20,6,5.952547550201416
0253448003,2020-10-21,6,6.443064212799072
0253448003,2020-10-22,7,7.180436134338379
0278811006,2020-09-23,2,2.39017653465271
0278811006,2020-09-24,2,2.0794312953948975
0278811006,2020-09-25,2,2.140733242034912
0278811006,2020-09-26,5,5.347685813903809
0278811006,2020-09-27,2,2.1979379653930664
0278811006,2020-09-28,8,7.584585666656494
0278811006,2020-09-29,4,3.964369535446167
0278811006,2020-09-30,2,2.4074175357818604
0278811006,2020-10-01,3,2.905385732650757
0278811006,2020-10-02,3,2.8178133964538574
0278811006,2020-10-03,3,3.3559210300445557
0278811006,2020-10-04,3,2.813386917114258
0278811006,2020-10-05,3,2.5138731002807617
0278811006,2020-10-06,3,2.5735232830047607
0278811006,2020-10-07,3,2.7903130054473877
0278811006,2020-10-08,2,2.4631075859069824
0278811006,2020-10-09,2,2.2053945064544678
0278811006,2020-10-10,2,2.3248815536499023
0278811006,2020-10-11,2,2.2426974773406982
0278811006,2020-10-12,2,2.128814458847046
0278811006,2020-10-13,2,2.096992015838623
0278811006,2020-10-14,2,2.4245264530181885
0278811006,2020-10-15,2,2.0309829711914062
0278811006,2020-10-16,2,1.8367867469787598
0278811006,2020-10-17,2,1.6787112951278687
0278811006,2020-10-18,2,1.5070040225982666
0278811006,2020-10-19,1,1.4398242235183716
0278811006,2020-10-20,2,1.6252700090408325
0278811006,2020-10-21,2,1.6604042053222656
0278811006,2020-10-22,2,1.7391951084136963
0294008002,2020-09-23,2,2.2228174209594727
0294008002,2020-09-24,2,2.068422317504883
0294008002,2020-09-25,2,2.0517630577087402
0294008002,2020-09-26,5,5.166713714599609
0294008002,2020-09-27,2,2.1587066650390625
0294008002,2020-09-28,8,7.724452018737793
0294008002,2020-09-29,4,4.0124311447143555
0294008002,2020-09-30,3,2.714033842086792
0294008002,2020-10-01,3,2.920926570892334
0294008002,2020-10-02,3,2.825669288635254
0294008002,2020-10-03,3,3.2476656436920166
0294008002,2020-10-04,3,2.7224621772766113
0294008002,2020-10-05,3,2.667652130126953
0294008002,2020-10-06,3,2.5997507572174072
0294008002,2020-10-07,3,2.758821725845337
0294008002,2020-10-08,2,2.444666624069214
0294008002,2020-10-09,2,2.2596051692962646
0294008002,2020-10-10,2,2.379432201385498
0294008002,2020-10-11,2,2.218968152999878
0294008002,2020-10-12,2,2.142385482788086
0294008002,2020-10-13,2,2.110563039779663
0294008002,2020-10-14,2,2.423825979232788
0294008002,2020-10-15,2,2.030282735824585
0294008002,2020-10-16,2,1.8606486320495605
0294008002,2020-10-17,2,1.6940051317214966
0294008002,2020-10-18,1,1.4963247776031494
0294008002,2020-10-19,1,1.453395128250122
0294008002,2020-10-20,2,1.638840913772583
0294008002,2020-10-21,2,1.6597034931182861
0294008002,2020-10-22,2,1.7297841310501099
0297067002,2020-09-23,7,7.197092533111572
0297067002,2020-09-24,9,8.501540184020996
0297067002,2020-09-25,8,8.457416534423828
0297067002,2020-09-26,12,11.526726722717285
0297067002,2020-09-27,6,5.926098823547363
0297067002,2020-09-28,12,12.207101821899414
0297067002,2020-09-29,12,11.76990795135498
0297067002,2020-09-30,12,11.52245044708252
0297067002,2020-10-01,10,9.999216079711914
0297067002,2020-10-02,9,9.181947708129883
0297067002,2020-10-03,10,9.991564750671387
0297067002,2020-10-04,7,7.455216407775879
0297067002,2020-10-05,8,7.839014053344727
0297067002,2020-10-06,8,7.884882926940918
0297067002,2020-10-07,9,8.517977714538574
0297067002,2020-10-08,8,8.441158294677734
0297067002,2020-10-09,8,8.210070610046387
0297067002,2020-10-10,9,8.527475357055664
0297067002,2020-10-11,7,6.625490188598633
0297067002,2020-10-12,6,6.4288859367370605
0297067002,2020-10-13,7,6.579673767089844
0297067002,2020-10-14,8,7.510802268981934
0297067002,2020-10-15,7,7.471372127532959
0297067002,2020-10-16,7,7.214444160461426
0297067002,2020-10-17,7,7.148701190948486
0297067002,2020-10-18,6,5.7973175048828125
0297067002,2020-10-19,6,5.6425042152404785
0297067002,2020-10-20,6,5.813711643218994
0297067002,2020-10-21,6,6.418924331665039
0297067002,2020-10-22,7,6.680105209350586
0305931001,2020-09-23,6,6.109218597412109
0305931001,2020-09-24,6,5.89695405960083
0305931001,2020-09-25,6,5.742698669433594
0305931001,2020-09-26,9,8.566825866699219
0305931001,2020-09-27,5,4.892324447631836
0305931001,2020-09-28,11,11.086840629577637
0305931001,2020-09-29,10,9.893706321716309
0305931001,2020-09-30,7,7.221592903137207
0305931001,2020-10-01,7,7.125136852264404
0305931001,2020-10-02,7,7.08526086807251
0305931001,2020-10-03,8,7.533787250518799
0305931001,2020-10-04,6,5.991338729858398
0305931001,2020-10-05,6,5.780054092407227
0305931001,2020-10-06,6,5.79809045791626
0305931001,2020-10-07,6,6.393792629241943
0305931001,2020-10-08,6,6.234565258026123
0305931001,2020-10-09,6,6.001415252685547
0305931001,2020-10-10,6,6.306640148162842
0305931001,2020-10-11,5,5.021904468536377
0305931001,2020-10-12,5,5.042946815490723
0305931001,2020-10-13,5,5.080987930297852
0305931001,2020-10-14,6,5.831140995025635
0305931001,2020-10-15,5,5.489689826965332
0305931001,2020-10-16,5,5.201180934906006
0305931001,2020-10-17,5,5.2819342613220215
0305931001,2020-10-18,5,4.698990821838379
0305931001,2020-10-19,4,4.431232929229736
0305931001,2020-10-20,5,4.673574924468994
0305931001,2020-10-21,5,5.091444492340088
0305931001,2020-10-22,5,5.21159553527832
0316441001,2020-09-23,5,4.6310038566589355
0316441001,2020-09-24,3,2.963684558868408
0316441001,2020-09-25,3,2.686018943786621
0316441001,2020-09-26,6,5.918618679046631
0316441001,2020-09-27,3,2.660595417022705
0316441001,2020-09-28,9,8.507993698120117
0316441001,2020-09-29,5,5.394876480102539
0316441001,2020-09-30,4,3.777554750442505
0316441001,2020-10-01,4,3.8953304290771484
0316441001,2020-10-02,4,3.7435221672058105
0316441001,2020-10-03,4,4.258053779602051
0316441001,2020-10-04,4,3.6181459426879883
0316441001,2020-10-05,4,3.6188507080078125
0316441001,2020-10-06,4,3.6308934688568115
0316441001,2020-10-07,4,3.67156982421875
0316441001,2020-10-08,3,3.3622286319732666
0316441001,2020-10-09,3,2.963979959487915
0316441001,2020-10-10,3,3.096008777618408
0316441001,2020-10-11,3,2.934521436691284
0316441001,2020-10-12,3,2.6559176445007324
0316441001,2020-10-13,3,2.623868703842163
0316441001,2020-10-14,3,2.996100664138794
0316441001,2020-10-15,3,2.560796022415161
0316441001,2020-10-16,2,2.3693149089813232
0316441001,2020-10-17,3,2.5090646743774414
0316441001,2020-10-18,2,2.2468442916870117
0316441001,2020-10-19,2,2.180420398712158
0316441001,2020-10-20,2,2.2783126831054688
0316441001,2020-10-21,2,2.402010440826416
0316441001,2020-10-22,2,2.406841278076172
0349301001,2020-09-23,2,2.271117687225342
0349301001,2020-09-24,2,2.1489696502685547
0349301001,2020-09-25,2,2.266529083251953
0349301001,2020-09-26,5,5.481677055358887
0349301001,2020-09-27,2,2.2428455352783203
0349301001,2020-09-28,8,7.82344913482666
0349301001,2020-09-29,4,3.9216043949127197
0349301001,2020-09-30,3,2.5547537803649902
0349301001,2020-10-01,3,3.0359907150268555
0349301001,2020-10-02,3,3.127389430999756
0349301001,2020-10-03,4,3.7016875743865967
0349301001,2020-10-04,3,2.920696258544922
0349301001,2020-10-05,3,2.8160998821258545
0349301001,2020-10-06,3,2.696467876434326
0349301001,2020-10-07,3,2.8377685546875
0349301001,2020-10-08,3,2.591747999191284
0349301001,2020-10-09,2,2.2774126529693604
0349301001,2020-10-10,3,2.539726734161377
0349301001,2020-10-11,2,2.232018232345581
0349301001,2020-10-12,2,2.142385482788086
0349301001,2020-10-13,2,2.196841239929199
0349301001,2020-10-14,3,2.5258336067199707
0349301001,2020-10-15,2,2.1451380252838135
0349301001,2020-10-16,2,1.930597186088562
0349301001,2020-10-17,2,1.7380543947219849
0349301001,2020-10-18,1,1.4963247776031494
0349301001,2020-10-19,2,1.5436453819274902
0349301001,2020-10-20,2,1.638840913772583
0349301001,2020-10-21,2,1.7072248458862305
0349301001,2020-10-22,2,1.7526017427444458
0351484002,2020-09-23,2,1.9892827272415161
0351484002,2020-09-24,2,1.5688881874084473
0351484002,2020-09-25,2,1.5608712434768677
0351484002,2020-09-26,5,4.663292407989502
0351484002,2020-09-27,2,1.5607037544250488
0351484002,2020-09-28,7,6.589155197143555
0351484002,2020-09-29,3,3.2384541034698486
0351484002,2020-09-30,2,1.853571891784668
0351484002,2020-10-01,2,2.2693607807159424
0351484002,2020-10-02,2,2.227090358734131
0351484002,2020-10-03,3,2.625368356704712
0351484002,2020-10-04,2,2.0397491455078125
0351484002,2020-10-05,2,2.021850824356079
0351484002,2020-10-06,2,2.115417718887329
0351484002,2020-10-07,2,2.2287161350250244
0351484002,2020-10-08,2,1.912474274635315
0351484002,2020-10-09,1,1.4506875276565552
0351484002,2020-10-10,2,1.514980673789978
0351484002,2020-10-11,1,1.3157949447631836
0351484002,2020-10-12,1,1.3618042469024658
0351484002,2020-10-13,1,1.4306591749191284
0351484002,2020-10-14,2,1.7078622579574585
0351484002,2020-10-15,1,1.3381119966506958
0351484002,2020-10-16,1,1.1702275276184082
0351484002,2020-10-17,1,1.195806622505188
0351484002,2020-10-18,1,1.1213383674621582
0351484002,2020-10-19,1,1.177506446838379
0351484002,2020-10-20,1,1.362952470779419
0351484002,2020-10-21,1,1.4194567203521729
0351484002,2020-10-22,2,1.512355923652649
0351484027,2020-09-23,2,1.9779539108276367
0351484027,2020-09-24,2,1.5344033241271973
0351484027,2020-09-25,2,1.5427899360656738
0351484027,2020-09-26,5,4.565186023712158
0351484027,2020-09-27,2,1.613585114479065
0351484027,2020-09-28,7,6.5904436111450195
0351484027,2020-09-29,3,3.2471983432769775
0351484027,2020-09-30,2,1.8074116706848145
0351484027,2020-10-01,2,2.222093105316162
0351484027,2020-10-02,2,2.238701343536377
0351484027,2020-10-03,3,2.6446311473846436
0351484027,2020-10-04,2,2.1270480155944824
0351484027,2020-10-05,2,1.99970281124115
0351484027,2020-10-06,2,1.9285002946853638
0351484027,2020-10-07,2,1.8949673175811768
0351484027,2020-10-08,2,1.69978666305542
0351484027,2020-10-09,1,1.3358521461486816
0351484027,2020-10-10,1,1.4269099235534668
0351484027,2020-10-11,1,1.3676024675369263
0351484027,2020-10-12,1,1.3223778009414673
0351484027,2020-10-13,1,1.4153908491134644
0351484027,2020-10-14,2,1.6849393844604492
0351484027,2020-10-15,1,1.4413264989852905
0351484027,2020-10-16,1,1.2695220708847046
0351484027,2020-10-17,1,1.1432554721832275
0351484027,2020-10-18,1,1.1873914003372192
0351484027,2020-10-19,1,1.2193095684051514
0351484027,2020-10-20,1,1.4047553539276123
0351484027,2020-10-21,1,1.4581749439239502
0351484027,2020-10-22,2,1.559783697128296
0351484033,2020-09-23,2,2.4142043590545654
0351484033,2020-09-24,2,2.0916507244110107
0351484033,2020-09-25,2,1.9346827268600464
0351484033,2020-09-26,5,4.797520637512207
0351484033,2020-09-27,2,1.9245023727416992
0351484033,2020-09-28,7,6.895244598388672
0351484033,2020-09-29,3,3.477221965789795
0351484033,2020-09-30,2,2.3083810806274414
0351484033,2020-10-01,3,2.8072702884674072
0351484033,2020-10-02,3,2.7126197814941406
0351484033,2020-10-03,3,3.0207316875457764
0351484033,2020-10-04,3,2.683541774749756
0351484033,2020-10-05,2,2.3781278133392334
0351484033,2020-10-06,2,2.4724438190460205
0351484033,2020-10-07,3,2.638917922973633
0351484033,2020-10-08,2,2.312633514404297
0351484033,2020-10-09,2,2.0081708431243896
0351484033,2020-10-10,2,2.2571702003479004
0351484033,2020-10-11,2,1.990222692489624
0351484033,2020-10-12,2,1.7391327619552612
0351484033,2020-10-13,2,1.7514030933380127
0351484033,2020-10-14,2,2.0067906379699707
0351484033,2020-10-15,2,1.8685839176177979
0351484033,2020-10-16,1,1.3650877475738525
0351484033,2020-10-17,1,1.4216066598892212
0351484033,2020-10-18,1,1.325589656829834
0351484033,2020-10-19,1,1.334689736366272
0351484033,2020-10-20,1,1.4962109327316284
0351484033,2020-10-21,2,1.5077416896820068
0351484033,2020-10-22,2,1.5869791507720947
0351933001,2020-09-23,2,1.8038899898529053
0351933001,2020-09-24,1,1.4563430547714233
0351933001,2020-09-25,2,1.5058051347732544
0351933001,2020-09-26,5,4.565925121307373
0351933001,2020-09-27,1,1.4973891973495483
0351933001,2020-09-28,6,6.44506311416626
0351933001,2020-09-29,3,3.2231826782226562
0351933001,2020-09-30,2,1.7488762140274048
0351933001,2020-10-01,2,2.1383979320526123
0351933001,2020-10-02,2,2.210907459259033
0351933001,2020-10-03,2,2.483055353164673
0351933001,2020-10-04,2,2.0397491455078125
0351933001,2020-10-05,2,1.9778012037277222
0351933001,2020-10-06,2,1.8568748235702515
0351933001,2020-10-07,2,1.8145965337753296
0351933001,2020-10-08,2,1.513193964958191
0351933001,2020-10-09,1,1.236066222190857
0351933001,2020-10-10,1,1.362531304359436
0351933001,2020-10-11,1,1.256420373916626
0351933001,2020-10-12,1,1.3045176267623901
0351933001,2020-10-13,1,1.3694144487380981
0351933001,2020-10-14,2,1.6262449026107788
0351933001,2020-10-15,1,1.2734404802322388
0351933001,2020-10-16,1,1.1478562355041504
0351933001,2020-10-17,1,1.195806622505188
0351933001,2020-10-18,1,1.1213383674621582
0351933001,2020-10-19,1,1.177506446838379
0351933001,2020-10-20,1,1.362952470779419
0351933001,2020-10-21,1,1.4194567203521729
0351933001,2020-10-22,2,1.512355923652649
0355072001,2020-09-23,2,1.8445223569869995
0355072001,2020-09-24,1,1.4830584526062012
0355072001,2020-09-25,2,1.5121212005615234
0355072001,2020-09-26,5,4.583119869232178
0355072001,2020-09-27,2,1.5981268882751465
0355072001,2020-09-28,7,6.5564727783203125
0355072001,2020-09-29,3,3.2304465770721436
0355072001,2020-09-30,2,1.7334849834442139
0355072001,2020-10-01,2,2.266329288482666
0355072001,2020-10-02,2,2.266754627227783
0355072001,2020-10-03,3,2.7311952114105225
0355072001,2020-10-04,2,2.1974291801452637
0355072001,2020-10-05,2,2.043938398361206
0355072001,2020-10-06,2,2.1613314151763916
0355072001,2020-10-07,2,2.2889013290405273
0355072001,2020-10-08,2,1.9726591110229492
0355072001,2020-10-09,2,1.5725178718566895
0355072001,2020-10-10,2,1.6511502265930176
0355072001,2020-10-11,1,1.4176090955734253
0355072001,2020-10-12,1,1.387342929840088
0355072001,2020-10-13,1,1.4790159463882446
0355072001,2020-10-14,2,1.7772486209869385
0355072001,2020-10-15,1,1.4448182582855225
0355072001,2020-10-16,1,1.2334269285202026
0355072001,2020-10-17,1,1.26369047164917
0355072001,2020-10-18,1,1.1928240060806274
0355072001,2020-10-19,1,1.1985969543457031
0355072001,2020-10-20,1,1.3840429782867432
0355072001,2020-10-21,1,1.437462329864502
0355072001,2020-10-22,2,1.5390713214874268
0355072002,2020-09-23,2,1.8752001523971558
0355072002,2020-09-24,2,1.5276527404785156
0355072002,2020-09-25,2,1.556715488433838
0355072002,2020-09-26,5,4.639560222625732
0355072002,2020-09-27,2,1.6454187631607056
0355072002,2020-09-28,6,6.490025043487549
0355072002,2020-09-29,3,3.2450430393218994
0355072002,2020-09-30,2,1.8098998069763184
0355072002,2020-10-01,2,2.215676784515381
0355072002,2020-10-02,2,2.2322850227355957
0355072002,2020-10-03,3,2.65439772605896
0355072002,2020-10-04,2,2.0947513580322266
0355072002,2020-10-05,2,1.9932868480682373
0355072002,2020-10-06,2,1.8780337572097778
0355072002,2020-10-07,2,1.888550877571106
0355072002,2020-10-08,2,1.5667763948440552
0355072002,2020-10-09,1,1.32943594455719
0355072002,2020-10-10,1,1.420493721961975
0355072002,2020-10-11,1,1.3353064060211182
0355072002,2020-10-12,1,1.3363358974456787
0355072002,2020-10-13,1,1.3886003494262695
0355072002,2020-10-14,2,1.6581488847732544
0355072002,2020-10-15,1,1.2829734086990356
0355072002,2020-10-16,1,1.132826566696167
0355072002,2020-10-17,1,1.1893447637557983
0355072002,2020-10-18,1,1.1408495903015137
0355072002,2020-10-19,1,1.1727677583694458
0355072002,2020-10-20,1,1.3582135438919067
0355072002,2020-10-21,1,1.4289896488189697
0355072002,2020-10-22,2,1.5305984020233154
0355569001,2020-09-23,5,4.797222137451172
0355569001,2020-09-24,4,4.44173526763916
0355569001,2020-09-25,4,3.6737399101257324
0355569001,2020-09-26,6,6.2149658203125
0355569001,2020-09-27,3,2.6402482986450195
0355569001,2020-09-28,9,8.743352890014648
0355569001,2020-09-29,6,5.529965877532959
0355569001,2020-09-30,5,4.864119052886963
0355569001,2020-10-01,5,4.8712639808654785
0355569001,2020-10-02,5,4.538311004638672
0355569001,2020-10-03,5,4.857384204864502
0355569001,2020-10-04,4,4.182322025299072
0355569001,2020-10-05,4,4.014958381652832
0355569001,2020-10-06,4,4.108396530151367
0355569001,2020-10-07,5,4.644555568695068
0355569001,2020-10-08,4,4.331676959991455
0355569001,2020-10-09,4,3.9840400218963623
0355569001,2020-10-10,4,3.948132038116455
0355569001,2020-10-11,4,3.5849101543426514
0355569001,2020-10-12,3,3.468770742416382
0355569001,2020-10-13,4,3.7013437747955322
0355569001,2020-10-14,4,4.08181619644165
0355569001,2020-10-15,4,3.860657215118408
0355569001,2020-10-16,3,3.285292863845825
0355569001,2020-10-17,3,3.286069393157959
0355569001,2020-10-18,3,3.078758716583252
0355569001,2020-10-19,3,2.8691837787628174
0355569001,2020-10-20,3,2.89774751663208
0355569001,2020-10-21,3,3.0577075481414795
0355569001,2020-10-22,3,3.274745225906372
0372860001,2020-09-23,47,46.749996185302734
0372860001,2020-09-24,54,54.024967193603516
0372860001,2020-09-25,57,56.67536544799805
0372860001,2020-09-26,97,97.15776824951172
0372860001,2020-09-27,64,64.24481201171875
0372860001,2020-09-28,105,105.1207275390625
0372860001,2020-09-29,77,76.95528411865234
0372860001,2020-09-30,64,63.865631103515625
0372860001,2020-10-01,56,56.274383544921875
0372860001,2020-10-02,52,51.701995849609375
0372860001,2020-10-03,69,69.12047576904297
0372860001,2020-10-04,56,56.40501403808594
0372860001,2020-10-05,51,50.920196533203125
0372860001,2020-10-06,48,47.606510162353516
0372860001,2020-10-07,49,48.5317268371582
0372860001,2020-10-08,47,47.254676818847656
0372860001,2020-10-09,42,42.1978645324707
0372860001,2020-10-10,53,52.93783187866211
0372860001,2020-10-11,49,48.85721969604492
0372860001,2020-10-12,46,45.773197174072266
0372860001,2020-10-13,46,45.761173248291016
0372860001,2020-10-14,49,49.28164291381836
0372860001,2020-10-15,51,50.50790786743164
0372860001,2020-10-16,50,50.12406921386719
0372860001,2020-10-17,57,56.66409683227539
0372860001,2020-10-18,49,49.446861267089844
0372860001,2020-10-19,48,47.564090728759766
0372860001,2020-10-20,47,46.51765823364258
0372860001,2020-10-21,52,52.003360748291016
0372860001,2020-10-22,60,59.59917449951172
0372860002,2020-09-23,47,46.81343460083008
0372860002,2020-09-24,53,53.093482971191406
0372860002,2020-09-25,56,55.964683532714844
0372860002,2020-09-26,98,98.05097961425781
0372860002,2020-09-27,61,60.87173080444336
0372860002,2020-09-28,104,103.9983139038086
0372860002,2020-09-29,90,89.72132110595703
0372860002,2020-09-30,76,75.8027572631836
0372860002,2020-10-01,68,68.35813903808594
0372860002,2020-10-02,64,63.576416015625
0372860002,2020-10-03,75,74.73388671875
0372860002,2020-10-04,71,70.61947631835938
0372860002,2020-10-05,65,65.37511444091797
0372860002,2020-10-06,63,62.612613677978516
0372860002,2020-10-07,61,60.68751907348633
0372860002,2020-10-08,57,57.088768005371094
0372860002,2020-10-09,51,50.5035400390625
0372860002,2020-10-10,61,60.7476692199707
0372860002,2020-10-11,61,61.115108489990234
0372860002,2020-10-12,58,57.802581787109375
0372860002,2020-10-13,59,58.620235443115234
0372860002,2020-10-14,61,60.79197692871094
0372860002,2020-10-15,68,67.67274475097656
0372860002,2020-10-16,64,63.75518798828125
0372860002,2020-10-17,73,73.07496643066406
0372860002,2020-10-18,73,72.52497863769531
0372860002,2020-10-19,77,77.36311340332031
0372860002,2020-10-20,77,76.59648895263672
0372860002,2020-10-21,78,77.63841247558594
0372860002,2020-10-22,79,79.09337615966797
0372860024,2020-09-23,7,7.172738075256348
0372860024,2020-09-24,9,8.61703109741211
0372860024,2020-09-25,9,8.647200584411621
0372860024,2020-09-26,13,12.918170928955078
0372860024,2020-09-27,7,6.984094619750977
0372860024,2020-09-28,13,12.628725051879883
0372860024,2020-09-29,12,11.872998237609863
0372860024,2020-09-30,12,11.661186218261719
0372860024,2020-10-01,10,10.314901351928711
0372860024,2020-10-02,10,9.840795516967773
0372860024,2020-10-03,11,10.612348556518555
0372860024,2020-10-04,8,8.004434585571289
0372860024,2020-10-05,8,8.247432708740234
0372860024,2020-10-06,8,8.440659523010254
0372860024,2020-10-07,9,9.182254791259766
0372860024,2020-10-08,9,8.88093090057373
0372860024,2020-10-09,8,8.437642097473145
0372860024,2020-10-10,9,8.835453033447266
0372860024,2020-10-11,7,7.248282432556152
0372860024,2020-10-12,7,6.99067497253418
0372860024,2020-10-13,7,7.155770778656006
0372860024,2020-10-14,8,7.96893310546875
0372860024,2020-10-15,8,7.724795818328857
0372860024,2020-10-16,8,7.51509428024292
0372860024,2020-10-17,8,7.593515872955322
0372860024,2020-10-18,6,6.3336591720581055
0372860024,2020-10-19,6,6.180238246917725
0372860024,2020-10-20,6,6.229690074920654
0372860024,2020-10-21,7,6.849279880523682
0372860024,2020-10-22,7,7.223498821258545
0373506001,2020-09-23,5,5.377800941467285
0373506001,2020-09-24,5,5.34659481048584
0373506001,2020-09-25,6,5.532688140869141
0373506001,2020-09-26,9,8.718360900878906
0373506001,2020-09-27,5,4.595376491546631
0373506001,2020-09-28,11,10.760144233703613
0373506001,2020-09-29,10,9.623100280761719
0373506001,2020-09-30,7,6.9664626121521
0373506001,2020-10-01,7,6.653338432312012
0373506001,2020-10-02,7,6.574633598327637
0373506001,2020-10-03,7,7.066108226776123
0373506001,2020-10-04,6,5.815361976623535
0373506001,2020-10-05,5,5.494218349456787
0373506001,2020-10-06,6,5.59861946105957
0373506001,2020-10-07,6,6.002538204193115
0373506001,2020-10-08,6,5.981471061706543
0373506001,2020-10-09,5,5.288832187652588
0373506001,2020-10-10,6,5.6299285888671875
0373506001,2020-10-11,5,4.865396976470947
0373506001,2020-10-12,5,4.51326847076416
0373506001,2020-10-13,5,4.728168487548828
0373506001,2020-10-14,5,5.423171043395996
0373506001,2020-10-15,5,5.276451587677002
0373506001,2020-10-16,5,5.043076992034912
0373506001,2020-10-17,5,5.174144744873047
0373506001,2020-10-18,4,4.435360431671143
0373506001,2020-10-19,4,4.277617454528809
0373506001,2020-10-20,4,4.483654022216797
0373506001,2020-10-21,5,4.876696586608887
0373506001,2020-10-22,5,4.799882411956787
0396135007,2020-09-23,2,2.4797170162200928
0396135007,2020-09-24,2,2.024102210998535
0396135007,2020-09-25,2,1.93683922290802
0396135007,2020-09-26,5,4.80185079574585
0396135007,2020-09-27,2,1.8659154176712036
0396135007,2020-09-28,7,6.890324115753174
0396135007,2020-09-29,3,3.43099045753479
0396135007,2020-09-30,2,2.295799970626831
0396135007,2020-10-01,3,2.777513027191162
0396135007,2020-10-02,3,2.5746893882751465
0396135007,2020-10-03,3,2.8549678325653076
0396135007,2020-10-04,2,2.34261417388916
0396135007,2020-10-05,2,2.350512742996216
0396135007,2020-10-06,2,2.3090884685516357
0396135007,2020-10-07,2,2.4461967945098877
0396135007,2020-10-08,2,2.1320416927337646
0396135007,2020-10-09,2,2.023200750350952
0396135007,2020-10-10,2,2.1992363929748535
0396135007,2020-10-11,2,1.953645944595337
0396135007,2020-10-12,2,1.7041397094726562
0396135007,2020-10-13,2,1.6360870599746704
0396135007,2020-10-14,2,1.9553622007369995
0396135007,2020-10-15,2,1.5145338773727417
0396135007,2020-10-16,1,1.3889496326446533
0396135007,2020-10-17,1,1.3445404767990112
0396135007,2020-10-18,1,1.2920928001403809
0396135007,2020-10-19,1,1.3073906898498535
0396135007,2020-10-20,1,1.4505362510681152
0396135007,2020-10-21,1,1.4846699237823486
0396135007,2020-10-22,2,1.532729983329773
0399061008,2020-09-23,3,2.582608938217163
0399061008,2020-09-24,2,2.049872398376465
0399061008,2020-09-25,2,2.1146316528320312
0399061008,2020-09-26,5,5.119121074676514
0399061008,2020-09-27,2,2.1105666160583496
0399061008,2020-09-28,8,7.587479114532471
0399061008,2020-09-29,4,3.9408116340637207
0399061008,2020-09-30,2,2.3905887603759766
0399061008,2020-10-01,3,2.898402690887451
0399061008,2020-10-02,3,2.8498644828796387
0399061008,2020-10-03,3,3.16178822517395
0399061008,2020-10-04,3,2.6529598236083984
0399061008,2020-10-05,2,2.498387336730957
0399061008,2020-10-06,3,2.582404136657715
0399061008,2020-10-07,3,2.7723472118377686
0399061008,2020-10-08,2,2.444666624069214
0399061008,2020-10-09,2,2.0956051349639893
0399061008,2020-10-10,2,2.331343173980713
0399061008,2020-10-11,2,2.232018232345581
0399061008,2020-10-12,2,2.069157600402832
0399061008,2020-10-13,2,2.0216052532196045
0399061008,2020-10-14,2,2.39792799949646
0399061008,2020-10-15,2,2.030282735824585
0399061008,2020-10-16,2,1.8606486320495605
0399061008,2020-10-17,2,1.57565438747406
0399061008,2020-10-18,1,1.4801416397094727
0399061008,2020-10-19,1,1.453395128250122
0399061008,2020-10-20,2,1.638840913772583
0399061008,2020-10-21,2,1.6597034931182861
0399061008,2020-10-22,2,1.7297841310501099
0399087010,2020-09-23,2,2.256831407546997
0399087010,2020-09-24,2,1.968687891960144
0399087010,2020-09-25,2,1.7347544431686401
0399087010,2020-09-26,5,4.760585308074951
0399087010,2020-09-27,2,1.8398338556289673
0399087010,2020-09-28,7,6.700567722320557
0399087010,2020-09-29,3,3.3651058673858643
0399087010,2020-09-30,2,2.162168025970459
0399087010,2020-10-01,3,2.6767191886901855
0399087010,2020-10-02,2,2.4857325553894043
0399087010,2020-10-03,3,2.8935868740081787
0399087010,2020-10-04,2,2.372373104095459
0399087010,2020-10-05,2,2.291226625442505
0399087010,2020-10-06,2,2.357008934020996
0399087010,2020-10-07,2,2.4461967945098877
0399087010,2020-10-08,2,2.1787917613983154
0399087010,2020-10-09,2,1.9456422328948975
0399087010,2020-10-10,2,1.8126920461654663
0399087010,2020-10-11,2,1.7026937007904053
0399087010,2020-10-12,2,1.6205837726593018
0399087010,2020-10-13,2,1.6360870599746704
0399087010,2020-10-14,2,1.8673382997512817
0399087010,2020-10-15,2,1.5145338773727417
0399087010,2020-10-16,1,1.3889496326446533
0399087010,2020-10-17,1,1.3665610551834106
0399087010,2020-10-18,1,1.2681682109832764
0399087010,2020-10-19,1,1.2202520370483398
0399087010,2020-10-20,1,1.383326530456543
0399087010,2020-10-21,1,1.439831018447876
0399087010,2020-10-22,2,1.532729983329773
0399087014,2020-09-23,2,1.8178069591522217
0399087014,2020-09-24,1,1.4702600240707397
0399087014,2020-09-25,2,1.5197221040725708
0399087014,2020-09-26,5,4.565925121307373
0399087014,2020-09-27,1,1.4973891973495483
0399087014,2020-09-28,6,6.44506311416626
0399087014,2020-09-29,3,3.2231826782226562
0399087014,2020-09-30,2,1.7488762140274048
0399087014,2020-10-01,2,2.1859195232391357
0399087014,2020-10-02,2,2.210907459259033
0399087014,2020-10-03,2,2.483055353164673
0399087014,2020-10-04,2,2.0397491455078125
0399087014,2020-10-05,2,1.9778012037277222
0399087014,2020-10-06,2,1.8568748235702515
0399087014,2020-10-07,2,1.8586455583572388
0399087014,2020-10-08,2,1.5572434663772583
0399087014,2020-10-09,1,1.236066222190857
0399087014,2020-10-10,1,1.362531304359436
0399087014,2020-10-11,1,1.256420373916626
0399087014,2020-10-12,1,1.3045176267623901
0399087014,2020-10-13,1,1.3694144487380981
0399087014,2020-10-14,2,1.6262449026107788
0399087014,2020-10-15,1,1.2734404802322388
0399087014,2020-10-16,1,1.1478562355041504
0399087014,2020-10-17,1,1.195806622505188
0399087014,2020-10-18,1,1.1213383674621582
0399087014,2020-10-19,1,1.177506446838379
0399087014,2020-10-20,1,1.362952470779419
0399087014,2020-10-21,1,1.4194567203521729
0399087014,2020-10-22,2,1.512355923652649
0399087030,2020-09-23,2,2.034473180770874
0399087030,2020-09-24,2,1.6720876693725586
0399087030,2020-09-25,2,1.5058051347732544
0399087030,2020-09-26,5,4.565925121307373
0399087030,2020-09-27,1,1.4973891973495483
0399087030,2020-09-28,7,6.503302574157715
0399087030,2020-09-29,3,3.362926721572876
0399087030,2020-09-30,2,1.851483702659607
0399087030,2020-10-01,2,2.1859195232391357
0399087030,2020-10-02,2,2.210907459259033
0399087030,2020-10-03,3,2.625368356704712
0399087030,2020-10-04,2,2.0397491455078125
0399087030,2020-10-05,2,2.021850824356079
0399087030,2020-10-06,2,2.115417718887329
0399087030,2020-10-07,2,2.2287161350250244
0399087030,2020-10-08,2,1.912474274635315
0399087030,2020-10-09,1,1.4506875276565552
0399087030,2020-10-10,1,1.4946085214614868
0399087030,2020-10-11,1,1.2954206466674805
0399087030,2020-10-12,1,1.3414297103881836
0399087030,2020-10-13,1,1.4102848768234253
0399087030,2020-10-14,2,1.7078622579574585
0399087030,2020-10-15,1,1.3381119966506958
0399087030,2020-10-16,1,1.1702275276184082
0399087030,2020-10-17,1,1.195806622505188
0399087030,2020-10-18,1,1.1213383674621582
0399087030,2020-10-19,1,1.177506446838379
0399087030,2020-10-20,1,1.362952470779419
0399087030,2020-10-21,1,1.4194567203521729
0399087030,2020-10-22,2,1.512355923652649
0399136004,2020-09-23,2,2.2289843559265137
0399136004,2020-09-24,2,2.151658535003662
0399136004,2020-09-25,2,2.175222873687744
0399136004,2020-09-26,5,5.113412380218506
0399136004,2020-09-27,2,2.025825262069702
0399136004,2020-09-28,7,7.471283435821533
0399136004,2020-09-29,4,3.9372265338897705
0399136004,2020-09-30,2,2.3461382389068604
0399136004,2020-10-01,3,2.9762039184570312
0399136004,2020-10-02,3,2.8440675735473633
0399136004,2020-10-03,3,3.1042873859405518
0399136004,2020-10-04,3,2.6085095405578613
0399136004,2020-10-05,2,2.4172112941741943
0399136004,2020-10-06,3,2.5693538188934326
0399136004,2020-10-07,3,2.617255926132202
0399136004,2020-10-08,2,2.444666624069214
0399136004,2020-10-09,2,2.0820796489715576
0399136004,2020-10-10,2,2.331343173980713
0399136004,2020-10-11,2,2.218968152999878
0399136004,2020-10-12,2,2.069157600402832
0399136004,2020-10-13,2,2.0216052532196045
0399136004,2020-10-14,2,2.3538777828216553
0399136004,2020-10-15,2,1.9862332344055176
0399136004,2020-10-16,2,1.6460542678833008
0399136004,2020-10-17,2,1.587783694267273
0399136004,2020-10-18,1,1.3799867630004883
0399136004,2020-10-19,1,1.441265344619751
0399136004,2020-10-20,2,1.5791895389556885
0399136004,2020-10-21,2,1.6247568130493164
0399136004,2020-10-22,2,1.6937302350997925
0399136009,2020-09-23,3,2.5486702919006348
0399136009,2020-09-24,2,1.9603232145309448
0399136009,2020-09-25,2,1.699130892753601
0399136009,2020-09-26,5,4.759253978729248
0399136009,2020-09-27,2,1.7376617193222046
0399136009,2020-09-28,7,6.828165054321289
0399136009,2020-09-29,3,3.4713902473449707
0399136009,2020-09-30,2,2.1823923587799072
0399136009,2020-10-01,3,2.720940589904785
0399136009,2020-10-02,3,2.543004035949707
0399136009,2020-10-03,3,2.9122402667999268
0399136009,2020-10-04,2,2.312042236328125
0399136009,2020-10-05,2,2.280668258666992
0399136009,2020-10-06,2,2.25258731842041
0399136009,2020-10-07,2,2.4211816787719727
0399136009,2020-10-08,2,2.1070263385772705
0399136009,2020-10-09,2,1.8006495237350464
0399136009,2020-10-10,2,1.753130555152893
0399136009,2020-10-11,2,1.5550148487091064
0399136009,2020-10-12,2,1.5859534740447998
0399136009,2020-10-13,2,1.5208216905593872
0399136009,2020-10-14,2,1.8423231840133667
0399136009,2020-10-15,2,1.5145338773727417
0399136009,2020-10-16,1,1.318610668182373
0399136009,2020-10-17,1,1.3665610551834106
0399136009,2020-10-18,1,1.2089228630065918
0399136009,2020-10-19,1,1.2427194118499756
0399136009,2020-10-20,1,1.383326530456543
0399136009,2020-10-21,1,1.439831018447876
0399136009,2020-10-22,2,1.532729983329773
0399136011,2020-09-23,2,1.7788751125335693
0399136011,2020-09-24,1,1.4313281774520874
0399136011,2020-09-25,1,1.4807900190353394
0399136011,2020-09-26,5,4.565925121307373
0399136011,2020-09-27,1,1.4973891973495483
0399136011,2020-09-28,6,6.415317058563232
0399136011,2020-09-29,3,3.209657669067383
0399136011,2020-09-30,2,1.7963978052139282
0399136011,2020-10-01,2,2.1859195232391357
0399136011,2020-10-02,2,2.210907459259033
0399136011,2020-10-03,2,2.483055353164673
0399136011,2020-10-04,2,2.0397491455078125
0399136011,2020-10-05,2,1.9778012037277222
0399136011,2020-10-06,2,1.8568748235702515
0399136011,2020-10-07,2,1.8145965337753296
0399136011,2020-10-08,2,1.513193964958191
0399136011,2020-10-09,1,1.236066222190857
0399136011,2020-10-10,1,1.362531304359436
0399136011,2020-10-11,1,1.256420373916626
0399136011,2020-10-12,1,1.3045176267623901
0399136011,2020-10-13,1,1.3694144487380981
0399136011,2020-10-14,2,1.6262449026107788
0399136011,2020-10-15,1,1.2734404802322388
0399136011,2020-10-16,1,1.1478562355041504
0399136011,2020-10-17,1,1.195806622505188
0399136011,2020-10-18,1,1.1213383674621582
0399136011,2020-10-19,1,1.177506446838379
0399136011,2020-10-20,1,1.362952470779419
0399136011,2020-10-21,1,1.4194567203521729
0399136011,2020-10-22,2,1.512355923652649
0399201002,2020-09-23,2,2.0483901500701904
0399201002,2020-09-24,2,1.6720876693725586
0399201002,2020-09-25,2,1.5058051347732544
0399201002,2020-09-26,5,4.565925121307373
0399201002,2020-09-27,2,1.5113071203231812
0399201002,2020-09-28,7,6.503302574157715
0399201002,2020-09-29,3,3.3494012355804443
0399201002,2020-09-30,2,1.851483702659607
0399201002,2020-10-01,2,2.1859195232391357
0399201002,2020-10-02,2,2.210907459259033
0399201002,2020-10-03,3,2.625368356704712
0399201002,2020-10-04,2,2.0397491455078125
0399201002,2020-10-05,2,2.021850824356079
0399201002,2020-10-06,2,2.115417718887329
0399201002,2020-10-07,2,2.2287161350250244
0399201002,2020-10-08,2,1.912474274635315
0399201002,2020-10-09,1,1.4506875276565552
0399201002,2020-10-10,1,1.4946085214614868
0399201002,2020-10-11,1,1.2954206466674805
0399201002,2020-10-12,1,1.3414297103881836
0399201002,2020-10-13,1,1.4102848768234253
0399201002,2020-10-14,2,1.7078622579574585
0399201002,2020-10-15,1,1.3381119966506958
0399201002,2020-10-16,1,1.1702275276184082
0399201002,2020-10-17,1,1.195806622505188
0399201002,2020-10-18,1,1.1213383674621582
0399201002,2020-10-19,1,1.177506446838379
0399201002,2020-10-20,1,1.362952470779419
0399201002,2020-10-21,1,1.4194567203521729
0399201002,2020-10-22,2,1.512355923652649
0399201005,2020-09-23,2,1.773071527481079
0399201005,2020-09-24,1,1.4255245923995972
0399201005,2020-09-25,1,1.4749866724014282
0399201005,2020-09-26,5,4.535106658935547
0399201005,2020-09-27,1,1.4668172597885132
0399201005,2020-09-28,6,6.400327682495117
0399201005,2020-09-29,3,3.1784470081329346
0399201005,2020-09-30,2,1.6822179555892944
0399201005,2020-10-01,2,2.0936625003814697
0399201005,2020-10-02,2,2.0827298164367676
0399201005,2020-10-03,2,2.4383199214935303
0399201005,2020-10-04,2,1.9929943084716797
0399201005,2020-10-05,2,1.7943475246429443
0399201005,2020-10-06,2,1.8121393918991089
0399201005,2020-10-07,2,1.6818338632583618
0399201005,2020-10-08,1,1.380431056022644
0399201005,2020-10-09,1,1.1472805738449097
0399201005,2020-10-10,1,1.3177958726882935
0399201005,2020-10-11,1,1.2279366254806519
0399201005,2020-10-12,1,1.242836356163025
0399201005,2020-10-13,1,1.2823790311813354
0399201005,2020-10-14,2,1.5815094709396362
0399201005,2020-10-15,1,1.2287050485610962
0399201005,2020-10-16,1,1.1031208038330078
0399201005,2020-10-17,1,1.1510711908340454
0399201005,2020-10-18,1,1.090766191482544
0399201005,2020-10-19,1,1.1327710151672363
0399201005,2020-10-20,1,1.3182170391082764
0399201005,2020-10-21,1,1.3747212886810303
0399201005,2020-10-22,1,1.4676204919815063
0399201022,2020-09-23,2,1.8038899898529053
0399201022,2020-09-24,1,1.4563430547714233
0399201022,2020-09-25,2,1.5058051347732544
0399201022,2020-09-26,5,4.565925121307373
0399201022,2020-09-27,1,1.4973891973495483
0399201022,2020-09-28,6,6.44506311416626
0399201022,2020-09-29,3,3.251979112625122
0399201022,2020-09-30,2,1.7488762140274048
0399201022,2020-10-01,2,2.1859195232391357
0399201022,2020-10-02,2,2.210907459259033
0399201022,2020-10-03,2,2.483055353164673
0399201022,2020-10-04,2,2.0397491455078125
0399201022,2020-10-05,2,1.9778012037277222
0399201022,2020-10-06,2,1.8568748235702515
0399201022,2020-10-07,2,1.8586455583572388
0399201022,2020-10-08,2,1.5572434663772583
0399201022,2020-10-09,1,1.236066222190857
0399201022,2020-10-10,1,1.362531304359436
0399201022,2020-10-11,1,1.256420373916626
0399201022,2020-10-12,1,1.3045176267623901
0399201022,2020-10-13,1,1.3694144487380981
0399201022,2020-10-14,2,1.6262449026107788
0399201022,2020-10-15,1,1.2734404802322388
0399201022,2020-10-16,1,1.1478562355041504
0399201022,2020-10-17,1,1.195806622505188
0399201022,2020-10-18,1,1.1213383674621582
0399201022,2020-10-19,1,1.177506446838379
0399201022,2020-10-20,1,1.362952470779419
0399201022,2020-10-21,1,1.4194567203521729
0399201022,2020-10-22,2,1.512355923652649
0399223001,2020-09-23,5,5.363462924957275
0399223001,2020-09-24,5,5.438015460968018
0399223001,2020-09-25,5,5.313852310180664
0399223001,2020-09-26,9,8.661953926086426
0399223001,2020-09-27,5,4.730772495269775
0399223001,2020-09-28,11,10.571573257446289
0399223001,2020-09-29,10,9.553442001342773
0399223001,2020-09-30,7,6.896804332733154
0399223001,2020-10-01,7,6.653338432312012
0399223001,2020-10-02,6,6.4989013671875
0399223001,2020-10-03,7,6.999368667602539
0399223001,2020-10-04,6,5.6726861000061035
0399223001,2020-10-05,5,5.472468852996826
0399223001,2020-10-06,6,5.536478042602539
0399223001,2020-10-07,6,6.0120062828063965
0399223001,2020-10-08,6,5.789491176605225
0399223001,2020-10-09,5,5.3023576736450195
0399223001,2020-10-10,6,5.520910739898682
0399223001,2020-10-11,5,4.851871490478516
0399223001,2020-10-12,5,4.526793956756592
0399223001,2020-10-13,5,4.728168487548828
0399223001,2020-10-14,5,5.423171043395996
0399223001,2020-10-15,5,5.276451587677002
0399223001,2020-10-16,5,5.0295515060424805
0399223001,2020-10-17,5,5.174144744873047
0399223001,2020-10-18,4,4.435360431671143
0399223001,2020-10-19,4,4.29114294052124
0399223001,2020-10-20,4,4.483654022216797
0399223001,2020-10-21,5,4.876696586608887
0399223001,2020-10-22,5,4.799882411956787
0399223029,2020-09-23,2,1.7591545581817627
0399223029,2020-09-24,1,1.4116076231002808
0399223029,2020-09-25,1,1.4610697031021118
0399223029,2020-09-26,5,4.5211896896362305
0399223029,2020-09-27,1,1.4668172597885132
0399223029,2020-09-28,6,6.400327682495117
0399223029,2020-09-29,3,3.1784470081329346
0399223029,2020-09-30,2,1.6822179555892944
0399223029,2020-10-01,2,2.0936625003814697
0399223029,2020-10-02,2,2.035208225250244
0399223029,2020-10-03,2,2.4383199214935303
0399223029,2020-10-04,2,1.9929943084716797
0399223029,2020-10-05,2,1.7943475246429443
0399223029,2020-10-06,2,1.8121393918991089
0399223029,2020-10-07,2,1.6818338632583618
0399223029,2020-10-08,1,1.380431056022644
0399223029,2020-10-09,1,1.1472805738449097
0399223029,2020-10-10,1,1.3177958726882935
0399223029,2020-10-11,1,1.2279366254806519
0399223029,2020-10-12,1,1.242836356163025
0399223029,2020-10-13,1,1.2823790311813354
0399223029,2020-10-14,2,1.5815094709396362
0399223029,2020-10-15,1,1.2287050485610962
0399223029,2020-10-16,1,1.1031208038330078
0399223029,2020-10-17,1,1.1510711908340454
0399223029,2020-10-18,1,1.090766191482544
0399223029,2020-10-19,1,1.1327710151672363
0399223029,2020-10-20,1,1.3182170391082764
0399223029,2020-10-21,1,1.3747212886810303
0399223029,2020-10-22,1,1.4676204919815063
0399223033,2020-09-23,2,1.8178069591522217
0399223033,2020-09-24,1,1.4702600240707397
0399223033,2020-09-25,2,1.5058051347732544
0399223033,2020-09-26,5,4.565925121307373
0399223033,2020-09-27,2,1.5993329286575317
0399223033,2020-09-28,7,6.533048629760742
0399223033,2020-09-29,3,3.209657669067383
0399223033,2020-09-30,2,1.7963978052139282
0399223033,2020-10-01,2,2.1859195232391357
0399223033,2020-10-02,2,2.210907459259033
0399223033,2020-10-03,3,2.625368356704712
0399223033,2020-10-04,2,2.0397491455078125
0399223033,2020-10-05,2,2.021850824356079
0399223033,2020-10-06,2,2.071367025375366
0399223033,2020-10-07,2,2.1224944591522217
0399223033,2020-10-08,2,1.912474274635315
0399223033,2020-10-09,1,1.4506875276565552
0399223033,2020-10-10,1,1.4946085214614868
0399223033,2020-10-11,1,1.2954206466674805
0399223033,2020-10-12,1,1.3414297103881836
0399223033,2020-10-13,1,1.4102848768234253
0399223033,2020-10-14,2,1.6655617952346802
0399223033,2020-10-15,1,1.2958117723464966
0399223033,2020-10-16,1,1.1478562355041504
0399223033,2020-10-17,1,1.195806622505188
0399223033,2020-10-18,1,1.1213383674621582
0399223033,2020-10-19,1,1.177506446838379
0399223033,2020-10-20,1,1.362952470779419
0399223033,2020-10-21,1,1.4194567203521729
0399223033,2020-10-22,2,1.512355923652649
0399223035,2020-09-23,2,1.773071527481079
0399223035,2020-09-24,1,1.4255245923995972
0399223035,2020-09-25,1,1.4610697031021118
0399223035,2020-09-26,5,4.5211896896362305
0399223035,2020-09-27,1,1.4668172597885132
0399223035,2020-09-28,6,6.400327682495117
0399223035,2020-09-29,3,3.1784470081329346
0399223035,2020-09-30,2,1.6822179555892944
0399223035,2020-10-01,2,2.0936625003814697
0399223035,2020-10-02,2,2.0827298164367676
0399223035,2020-10-03,2,2.4383199214935303
0399223035,2020-10-04,2,1.9929943084716797
0399223035,2020-10-05,2,1.7943475246429443
0399223035,2020-10-06,2,1.8121393918991089
0399223035,2020-10-07,2,1.6818338632583618
0399223035,2020-10-08,1,1.380431056022644
0399223035,2020-10-09,1,1.1472805738449097
0399223035,2020-10-10,1,1.3177958726882935
0399223035,2020-10-11,1,1.2279366254806519
0399223035,2020-10-12,1,1.242836356163025
0399223035,2020-10-13,1,1.2823790311813354
0399223035,2020-10-14,2,1.5815094709396362
0399223035,2020-10-15,1,1.2287050485610962
0399223035,2020-10-16,1,1.1031208038330078
0399223035,2020-10-17,1,1.1510711908340454
0399223035,2020-10-18,1,1.090766191482544
0399223035,2020-10-19,1,1.1327710151672363
0399223035,2020-10-20,1,1.3182170391082764
0399223035,2020-10-21,1,1.3747212886810303
0399223035,2020-10-22,1,1.4676204919815063
0399256001,2020-09-23,19,19.280542373657227
0399256001,2020-09-24,22,21.62105369567871
0399256001,2020-09-25,22,21.980628967285156
0399256001,2020-09-26,33,32.92692947387695
0399256001,2020-09-27,40,40.28532409667969
0399256001,2020-09-28,41,40.6279411315918
0399256001,2020-09-29,34,34.13868713378906
0399256001,2020-09-30,32,32.05987548828125
0399256001,2020-10-01,32,32.03547668457031
0399256001,2020-10-02,32,31.8216495513916
0399256001,2020-10-03,39,39.390682220458984
0399256001,2020-10-04,33,33.227901458740234
0399256001,2020-10-05,30,29.723947525024414
0399256001,2020-10-06,29,28.6940860748291
0399256001,2020-10-07,29,29.04636573791504
0399256001,2020-10-08,28,28.334226608276367
0399256001,2020-10-09,27,26.692991256713867
0399256001,2020-10-10,31,30.947126388549805
0399256001,2020-10-11,27,27.49650001525879
0399256001,2020-10-12,26,25.541301727294922
0399256001,2020-10-13,25,24.883365631103516
0399256001,2020-10-14,27,26.77638816833496
0399256001,2020-10-15,27,26.756893157958984
0399256001,2020-10-16,26,26.413007736206055
0399256001,2020-10-17,28,28.20899200439453
0399256001,2020-10-18,26,25.728740692138672
0399256001,2020-10-19,25,25.071575164794922
0399256001,2020-10-20,25,25.126506805419922
0399256001,2020-10-21,26,26.228864669799805
0399256001,2020-10-22,31,31.313358306884766
0399256005,2020-09-23,2,2.400449752807617
0399256005,2020-09-24,2,2.051586627960205
0399256005,2020-09-25,2,2.089611530303955
0399256005,2020-09-26,5,5.282295227050781
0399256005,2020-09-27,2,2.1439385414123535
0399256005,2020-09-28,8,7.6532883644104
0399256005,2020-09-29,4,3.9216043949127197
0399256005,2020-09-30,2,2.3808650970458984
0399256005,2020-10-01,3,2.8756284713745117
0399256005,2020-10-02,3,2.826144218444824
0399256005,2020-10-03,3,3.2611911296844482
0399256005,2020-10-04,3,2.7355122566223145
0399256005,2020-10-05,2,2.498387336730957
0399256005,2020-10-06,3,2.582404136657715
0399256005,2020-10-07,3,2.758821725845337
0399256005,2020-10-08,2,2.444666624069214
0399256005,2020-10-09,2,2.2115161418914795
0399256005,2020-10-10,2,2.3448686599731445
0399256005,2020-10-11,2,2.232018232345581
0399256005,2020-10-12,2,2.142385482788086
0399256005,2020-10-13,2,2.110563039779663
0399256005,2020-10-14,2,2.423825979232788
0399256005,2020-10-15,2,2.030282735824585
0399256005,2020-10-16,2,1.8606486320495605
0399256005,2020-10-17,2,1.6940051317214966
0399256005,2020-10-18,1,1.4963247776031494
0399256005,2020-10-19,1,1.453395128250122
0399256005,2020-10-20,2,1.638840913772583
0399256005,2020-10-21,2,1.6597034931182861
0399256005,2020-10-22,2,1.7297841310501099
0399256018,2020-09-23,2,1.8038899898529053
0399256018,2020-09-24,1,1.4563430547714233
0399256018,2020-09-25,2,1.5058051347732544
0399256018,2020-09-26,5,4.565925121307373
0399256018,2020-09-27,1,1.4973891973495483
0399256018,2020-09-28,6,6.44506311416626
0399256018,2020-09-29,3,3.2231826782226562
0399256018,2020-09-30,2,1.7488762140274048
0399256018,2020-10-01,2,2.1383979320526123
0399256018,2020-10-02,2,2.210907459259033
0399256018,2020-10-03,2,2.483055353164673
0399256018,2020-10-04,2,2.0397491455078125
0399256018,2020-10-05,2,1.9778012037277222
0399256018,2020-10-06,2,1.8568748235702515
0399256018,2020-10-07,2,1.8145965337753296
0399256018,2020-10-08,2,1.513193964958191
0399256018,2020-10-09,1,1.236066222190857
0399256018,2020-10-10,1,1.362531304359436
0399256018,2020-10-11,1,1.256420373916626
0399256018,2020-10-12,1,1.3045176267623901
0399256018,2020-10-13,1,1.3694144487380981
0399256018,2020-10-14,2,1.6262449026107788
0399256018,2020-10-15,1,1.2734404802322388
0399256018,2020-10-16,1,1.1478562355041504
0399256018,2020-10-17,1,1.195806622505188
0399256018,2020-10-18,1,1.1213383674621582
0399256018,2020-10-19,1,1.177506446838379
0399256018,2020-10-20,1,1.362952470779419
0399256018,2020-10-21,1,1.4194567203521729
0399256018,2020-10-22,2,1.512355923652649
0399256023,2020-09-23,4,4.07754373550415
0399256023,2020-09-24,4,4.059936046600342
0399256023,2020-09-25,4,4.30267858505249
0399256023,2020-09-26,7,7.138611316680908
0399256023,2020-09-27,3,3.3812317848205566
0399256023,2020-09-28,9,8.932069778442383
0399256023,2020-09-29,6,5.502716064453125
0399256023,2020-09-30,5,4.509428977966309
0399256023,2020-10-01,5,4.7739057540893555
0399256023,2020-10-02,5,4.627308368682861
0399256023,2020-10-03,5,4.982213497161865
0399256023,2020-10-04,4,4.009674549102783
0399256023,2020-10-05,4,3.924720287322998
0399256023,2020-10-06,4,3.8161659240722656
0399256023,2020-10-07,4,4.170806407928467
0399256023,2020-10-08,4,4.119725227355957
0399256023,2020-10-09,4,3.8381149768829346
0399256023,2020-10-10,4,3.7663941383361816
0399256023,2020-10-11,3,3.2831871509552
0399256023,2020-10-12,3,3.1242752075195312
0399256023,2020-10-13,3,3.248525619506836
0399256023,2020-10-14,4,3.621229648590088
0399256023,2020-10-15,3,3.222447156906128
0399256023,2020-10-16,3,3.098374128341675
0399256023,2020-10-17,3,3.1185569763183594
0399256023,2020-10-18,3,2.799254894256592
0399256023,2020-10-19,3,2.5236330032348633
0399256023,2020-10-20,3,2.614398241043091
0399256023,2020-10-21,3,2.730846405029297
0399256023,2020-10-22,3,2.7608165740966797
0401044004,2020-09-23,2,2.0841143131256104
0401044004,2020-09-24,2,1.7445461750030518
0401044004,2020-09-25,2,1.538500189781189
0401044004,2020-09-26,5,4.615566253662109
0401044004,2020-09-27,2,1.5695871114730835
0401044004,2020-09-28,7,6.671046733856201
0401044004,2020-09-29,3,3.362926721572876
0401044004,2020-09-30,2,1.851483702659607
0401044004,2020-10-01,2,2.28554368019104
0401044004,2020-10-02,2,2.227090358734131
0401044004,2020-10-03,3,2.625368356704712
0401044004,2020-10-04,2,2.083799362182617
0401044004,2020-10-05,2,2.0680296421051025
0401044004,2020-10-06,2,2.115417718887329
0401044004,2020-10-07,2,2.2287161350250244
0401044004,2020-10-08,2,1.912474274635315
0401044004,2020-10-09,2,1.5368956327438354
0401044004,2020-10-10,2,1.6011892557144165
0401044004,2020-10-11,1,1.3157949447631836
0401044004,2020-10-12,1,1.3618042469024658
0401044004,2020-10-13,1,1.4534770250320435
0401044004,2020-10-14,2,1.7282363176345825
0401044004,2020-10-15,1,1.3584860563278198
0401044004,2020-10-16,1,1.1906018257141113
0401044004,2020-10-17,1,1.2161809206008911
0401044004,2020-10-18,1,1.1417126655578613
0401044004,2020-10-19,1,1.197880744934082
0401044004,2020-10-20,1,1.383326530456543
0401044004,2020-10-21,1,1.4194567203521729
0401044004,2020-10-22,2,1.512355923652649
0408875001,2020-09-23,8,7.642695903778076
0408875001,2020-09-24,7,7.31726598739624
0408875001,2020-09-25,7,7.342094421386719
0408875001,2020-09-26,11,10.873055458068848
0408875001,2020-09-27,8,7.847004413604736
0408875001,2020-09-28,13,13.148709297180176
0408875001,2020-09-29,12,12.303390502929688
0408875001,2020-09-30,12,11.93084716796875
0408875001,2020-10-01,10,9.839973449707031
0408875001,2020-10-02,9,9.216358184814453
0408875001,2020-10-03,10,9.914863586425781
0408875001,2020-10-04,8,8.171067237854004
0408875001,2020-10-05,8,8.245251655578613
0408875001,2020-10-06,8,8.213817596435547
0408875001,2020-10-07,9,9.059103012084961
0408875001,2020-10-08,9,8.652546882629395
0408875001,2020-10-09,8,8.135229110717773
0408875001,2020-10-10,9,8.777587890625
0408875001,2020-10-11,7,7.115373611450195
0408875001,2020-10-12,7,7.158304214477539
0408875001,2020-10-13,7,6.958564758300781
0408875001,2020-10-14,8,7.643337249755859
0408875001,2020-10-15,8,7.595942974090576
0408875001,2020-10-16,7,7.336138725280762
0408875001,2020-10-17,7,7.437140941619873
0408875001,2020-10-18,6,6.184342384338379
0408875001,2020-10-19,6,5.946157932281494
0408875001,2020-10-20,6,5.953190803527832
0408875001,2020-10-21,6,6.441390514373779
0408875001,2020-10-22,7,7.135700702667236
0429313006,2020-09-23,2,1.8365857601165771
0429313006,2020-09-24,1,1.489038109779358
0429313006,2020-09-25,2,1.538500189781189
0429313006,2020-09-26,5,4.598620414733887
0429313006,2020-09-27,2,1.5113071203231812
0429313006,2020-09-28,6,6.477758407592773
0429313006,2020-09-29,3,3.209657669067383
0429313006,2020-09-30,2,1.7488762140274048
0429313006,2020-10-01,2,2.1383979320526123
0429313006,2020-10-02,2,2.210907459259033
0429313006,2020-10-03,2,2.483055353164673
0429313006,2020-10-04,2,2.0397491455078125
0429313006,2020-10-05,2,1.9778012037277222
0429313006,2020-10-06,2,1.8568748235702515
0429313006,2020-10-07,2,1.8586455583572388
0429313006,2020-10-08,2,1.5572434663772583
0429313006,2020-10-09,1,1.236066222190857
0429313006,2020-10-10,1,1.362531304359436
0429313006,2020-10-11,1,1.256420373916626
0429313006,2020-10-12,1,1.3045176267623901
0429313006,2020-10-13,1,1.3694144487380981
0429313006,2020-10-14,2,1.6262449026107788
0429313006,2020-10-15,1,1.2734404802322388
0429313006,2020-10-16,1,1.1478562355041504
0429313006,2020-10-17,1,1.195806622505188
0429313006,2020-10-18,1,1.1213383674621582
0429313006,2020-10-19,1,1.177506446838379
0429313006,2020-10-20,1,1.362952470779419
0429313006,2020-10-21,1,1.4194567203521729
0429313006,2020-10-22,2,1.512355923652649
0436261001,2020-09-23,8,7.74658203125
0436261001,2020-09-24,6,6.158745765686035
0436261001,2020-09-25,6,5.876326560974121
0436261001,2020-09-26,9,8.844585418701172
0436261001,2020-09-27,5,5.00784969329834
0436261001,2020-09-28,11,11.166546821594238
0436261001,2020-09-29,11,11.044764518737793
0436261001,2020-09-30,11,10.85265827178955
0436261001,2020-10-01,9,8.844182014465332
0436261001,2020-10-02,8,7.886279582977295
0436261001,2020-10-03,9,8.504921913146973
0436261001,2020-10-04,7,7.24962043762207
0436261001,2020-10-05,8,7.629227161407471
0436261001,2020-10-06,7,7.4075775146484375
0436261001,2020-10-07,8,8.018887519836426
0436261001,2020-10-08,8,7.852071762084961
0436261001,2020-10-09,7,7.164824962615967
0436261001,2020-10-10,7,7.48399019241333
0436261001,2020-10-11,6,6.235030651092529
0436261001,2020-10-12,6,6.104701995849609
0436261001,2020-10-13,6,6.183933258056641
0436261001,2020-10-14,7,6.975882053375244
0436261001,2020-10-15,7,6.657370090484619
0436261001,2020-10-16,6,6.450656414031982
0436261001,2020-10-17,7,6.646402359008789
0436261001,2020-10-18,6,5.529311656951904
0436261001,2020-10-19,5,5.160406112670898
0436261001,2020-10-20,5,5.403223037719727
0436261001,2020-10-21,6,5.814081192016602
0436261001,2020-10-22,6,5.958043575286865
0446224002,2020-09-23,2,1.858866572380066
0446224002,2020-09-24,2,1.511319875717163
0446224002,2020-09-25,2,1.563199758529663
0446224002,2020-09-26,5,4.583119869232178
0446224002,2020-09-27,2,1.609145164489746
0446224002,2020-09-28,7,6.518625736236572
0446224002,2020-09-29,3,3.2304465770721436
0446224002,2020-09-30,2,1.7334849834442139
0446224002,2020-10-01,2,2.2825121879577637
0446224002,2020-10-02,2,2.282937526702881
0446224002,2020-10-03,3,2.7311952114105225
0446224002,2020-10-04,2,2.1974291801452637
0446224002,2020-10-05,2,2.043938398361206
0446224002,2020-10-06,2,2.1613314151763916
0446224002,2020-10-07,2,2.2889013290405273
0446224002,2020-10-08,2,1.9726591110229492
0446224002,2020-10-09,2,1.5725178718566895
0446224002,2020-10-10,2,1.6511502265930176
0446224002,2020-10-11,1,1.4176090955734253
0446224002,2020-10-12,1,1.4077174663543701
0446224002,2020-10-13,1,1.4993902444839478
0446224002,2020-10-14,2,1.7976229190826416
0446224002,2020-10-15,1,1.4448182582855225
0446224002,2020-10-16,1,1.2538009881973267
0446224002,2020-10-17,1,1.26369047164917
0446224002,2020-10-18,1,1.1928240060806274
0446224002,2020-10-19,1,1.1985969543457031
0446224002,2020-10-20,1,1.3840429782867432
0446224002,2020-10-21,1,1.437462329864502
0446224002,2020-10-22,2,1.5390713214874268
0448509001,2020-09-23,21,20.829761505126953
0448509001,2020-09-24,20,19.796634674072266
0448509001,2020-09-25,20,19.735424041748047
0448509001,2020-09-26,29,28.617637634277344
0448509001,2020-09-27,31,31.095529556274414
0448509001,2020-09-28,35,35.19007873535156
0448509001,2020-09-29,30,29.724693298339844
0448509001,2020-09-30,28,28.07875633239746
0448509001,2020-10-01,27,26.535327911376953
0448509001,2020-10-02,26,25.625871658325195
0448509001,2020-10-03,29,28.88897132873535
0448509001,2020-10-04,23,23.3205623626709
0448509001,2020-10-05,23,22.994121551513672
0448509001,2020-10-06,23,23.12268829345703
0448509001,2020-10-07,24,24.02716827392578
0448509001,2020-10-08,24,23.597797393798828
0448509001,2020-10-09,23,22.66377067565918
0448509001,2020-10-10,23,23.24649429321289
0448509001,2020-10-11,23,22.636423110961914
0448509001,2020-10-12,23,22.645427703857422
0448509001,2020-10-13,22,21.692626953125
0448509001,2020-10-14,22,22.08439826965332
0448509001,2020-10-15,23,22.7823486328125
0448509001,2020-10-16,22,22.222814559936523
0448509001,2020-10-17,23,23.442729949951172
0448509001,2020-10-18,21,20.995119094848633
0448509001,2020-10-19,21,21.247303009033203
0448509001,2020-10-20,22,21.8170166015625
0448509001,2020-10-21,22,21.926862716674805
0448509001,2020-10-22,24,24.19886589050293
0448509014,2020-09-23,98,97.82752227783203
0448509014,2020-09-24,99,98.65335845947266
0448509014,2020-09-25,93,92.7537841796875
0448509014,2020-09-26,147,146.87112426757812
0448509014,2020-09-27,89,89.29627227783203
0448509014,2020-09-28,134,134.10739135742188
0448509014,2020-09-29,121,121.28863525390625
0448509014,2020-09-30,86,85.61939239501953
0448509014,2020-10-01,83,83.29403686523438
0448509014,2020-10-02,82,82.41280364990234
0448509014,2020-10-03,110,109.56373596191406
0448509014,2020-10-04,101,100.82500457763672
0448509014,2020-10-05,104,103.8196029663086
0448509014,2020-10-06,92,92.47844696044922
0448509014,2020-10-07,83,82.72952270507812
0448509014,2020-10-08,82,82.0091781616211
0448509014,2020-10-09,80,79.59011840820312
0448509014,2020-10-10,88,88.15948486328125
0448509014,2020-10-11,107,107.3892822265625
0448509014,2020-10-12,86,86.27689361572266
0448509014,2020-10-13,76,76.47879028320312
0448509014,2020-10-14,77,77.38833618164062
0448509014,2020-10-15,77,76.50108337402344
0448509014,2020-10-16,72,72.36119079589844
0448509014,2020-10-17,82,81.54859924316406
0448509014,2020-10-18,84,84.28942108154297
0448509014,2020-10-19,80,80.05087280273438
0448509014,2020-10-20,82,82.26823425292969
0448509014,2020-10-21,83,83.07730865478516
0448509014,2020-10-22,87,86.6438980102539
0448509018,2020-09-23,13,12.745016098022461
0448509018,2020-09-24,14,14.432978630065918
0448509018,2020-09-25,15,14.553535461425781
0448509018,2020-09-26,18,18.114301681518555
0448509018,2020-09-27,13,13.409497261047363
0448509018,2020-09-28,21,20.775022506713867
0448509018,2020-09-29,20,19.590011596679688
0448509018,2020-09-30,20,19.50412940979004
0448509018,2020-10-01,17,17.41506576538086
0448509018,2020-10-02,17,16.718944549560547
0448509018,2020-10-03,19,18.530920028686523
0448509018,2020-10-04,15,14.94019889831543
0448509018,2020-10-05,15,14.7334566116333
0448509018,2020-10-06,14,14.298688888549805
0448509018,2020-10-07,15,14.960192680358887
0448509018,2020-10-08,15,14.752826690673828
0448509018,2020-10-09,14,14.363435745239258
0448509018,2020-10-10,15,14.978862762451172
0448509018,2020-10-11,12,12.280683517456055
0448509018,2020-10-12,12,12.216522216796875
0448509018,2020-10-13,12,12.436695098876953
0448509018,2020-10-14,13,13.29442024230957
0448509018,2020-10-15,14,13.86551284790039
0448509018,2020-10-16,13,13.313127517700195
0448509018,2020-10-17,13,13.159852981567383
0448509018,2020-10-18,11,11.308680534362793
0448509018,2020-10-19,11,10.820927619934082
0448509018,2020-10-20,12,11.554769515991211
0448509018,2020-10-21,13,12.623008728027344
0448509018,2020-10-22,13,13.458283424377441
0448515001,2020-09-23,2,1.7591545581817627
0448515001,2020-09-24,1,1.4116076231002808
0448515001,2020-09-25,1,1.4610697031021118
0448515001,2020-09-26,5,4.5211896896362305
0448515001,2020-09-27,1,1.4668172597885132
0448515001,2020-09-28,6,6.400327682495117
0448515001,2020-09-29,3,3.1784470081329346
0448515001,2020-09-30,2,1.6822179555892944
0448515001,2020-10-01,2,2.0936625003814697
0448515001,2020-10-02,2,2.035208225250244
0448515001,2020-10-03,2,2.4383199214935303
0448515001,2020-10-04,2,1.9929943084716797
0448515001,2020-10-05,2,1.7943475246429443
0448515001,2020-10-06,2,1.8121393918991089
0448515001,2020-10-07,2,1.6818338632583618
0448515001,2020-10-08,1,1.380431056022644
0448515001,2020-10-09,1,1.1472805738449097
0448515001,2020-10-10,1,1.3177958726882935
0448515001,2020-10-11,1,1.2279366254806519
0448515001,2020-10-12,1,1.242836356163025
0448515001,2020-10-13,1,1.2823790311813354
0448515001,2020-10-14,2,1.5815094709396362
0448515001,2020-10-15,1,1.2287050485610962
0448515001,2020-10-16,1,1.1031208038330078
0448515001,2020-10-17,1,1.1510711908340454
0448515001,2020-10-18,1,1.090766191482544
0448515001,2020-10-19,1,1.1327710151672363
0448515001,2020-10-20,1,1.3182170391082764
0448515001,2020-10-21,1,1.3747212886810303
0448515001,2020-10-22,1,1.4676204919815063
0457892003,2020-09-23,2,2.3520596027374268
0457892003,2020-09-24,2,1.7896113395690918
0457892003,2020-09-25,2,1.602599859237671
0457892003,2020-09-26,5,4.632266044616699
0457892003,2020-09-27,2,1.7482999563217163
0457892003,2020-09-28,7,6.720463275909424
0457892003,2020-09-29,3,3.418764114379883
0457892003,2020-09-30,2,2.0049455165863037
0457892003,2020-10-01,3,2.5065388679504395
0457892003,2020-10-02,2,2.3532204627990723
0457892003,2020-10-03,3,2.757880449295044
0457892003,2020-10-04,2,2.12752628326416
0457892003,2020-10-05,2,2.1569859981536865
0457892003,2020-10-06,2,2.277602434158325
0457892003,2020-10-07,2,2.3414828777313232
0457892003,2020-10-08,2,2.0273277759552
0457892003,2020-10-09,2,1.7941784858703613
0457892003,2020-10-10,2,1.7074099779129028
0457892003,2020-10-11,1,1.4478707313537598
0457892003,2020-10-12,1,1.4058542251586914
0457892003,2020-10-13,2,1.5009983777999878
0457892003,2020-10-14,2,1.774978518486023
0457892003,2020-10-15,1,1.399356484413147
0457892003,2020-10-16,1,1.2737722396850586
0457892003,2020-10-17,1,1.238552212715149
0457892003,2020-10-18,1,1.1417126655578613
0457892003,2020-10-19,1,1.197880744934082
0457892003,2020-10-20,1,1.383326530456543
0457892003,2020-10-21,1,1.439831018447876
0457892003,2020-10-22,2,1.532729983329773
0458543001,2020-09-23,2,1.7591545581817627
0458543001,2020-09-24,1,1.4116076231002808
0458543001,2020-09-25,1,1.4610697031021118
0458543001,2020-09-26,5,4.5211896896362305
0458543001,2020-09-27,2,1.5141257047653198
0458543001,2020-09-28,6,6.400327682495117
0458543001,2020-09-29,3,3.1784470081329346
0458543001,2020-09-30,2,1.6822179555892944
0458543001,2020-10-01,2,2.0936625003814697
0458543001,2020-10-02,2,2.0827298164367676
0458543001,2020-10-03,2,2.4383199214935303
0458543001,2020-10-04,2,1.9929943084716797
0458543001,2020-10-05,2,1.7943475246429443
0458543001,2020-10-06,2,1.8121393918991089
0458543001,2020-10-07,2,1.7015541791915894
0458543001,2020-10-08,1,1.4001513719558716
0458543001,2020-10-09,1,1.1670011281967163
0458543001,2020-10-10,1,1.337516188621521
0458543001,2020-10-11,1,1.2476569414138794
0458543001,2020-10-12,1,1.2625566720962524
0458543001,2020-10-13,1,1.302099585533142
0458543001,2020-10-14,2,1.6012297868728638
0458543001,2020-10-15,1,1.2484256029129028
0458543001,2020-10-16,1,1.1478562355041504
0458543001,2020-10-17,1,1.195806622505188
0458543001,2020-10-18,1,1.1213383674621582
0458543001,2020-10-19,1,1.177506446838379
0458543001,2020-10-20,1,1.362952470779419
0458543001,2020-10-21,1,1.4194567203521729
0458543001,2020-10-22,2,1.512355923652649
0464297007,2020-09-23,6,6.023417949676514
0464297007,2020-09-24,6,6.271222114562988
0464297007,2020-09-25,7,7.018457889556885
0464297007,2020-09-26,10,10.29881477355957
0464297007,2020-09-27,6,6.402634143829346
0464297007,2020-09-28,13,12.648724555969238
0464297007,2020-09-29,11,10.917123794555664
0464297007,2020-09-30,11,10.857683181762695
0464297007,2020-10-01,9,9.346110343933105
0464297007,2020-10-02,9,8.979155540466309
0464297007,2020-10-03,9,9.39961051940918
0464297007,2020-10-04,7,7.423448085784912
0464297007,2020-10-05,7,7.448811054229736
0464297007,2020-10-06,8,7.962645530700684
0464297007,2020-10-07,8,8.301995277404785
0464297007,2020-10-08,8,8.117576599121094
0464297007,2020-10-09,8,7.768462657928467
0464297007,2020-10-10,8,7.725476264953613
0464297007,2020-10-11,6,6.4592485427856445
0464297007,2020-10-12,6,6.2896928787231445
0464297007,2020-10-13,6,6.417352199554443
0464297007,2020-10-14,7,7.3121843338012695
0464297007,2020-10-15,7,7.094568252563477
0464297007,2020-10-16,7,6.862255573272705
0464297007,2020-10-17,7,6.736326694488525
0464297007,2020-10-18,6,5.729153156280518
0464297007,2020-10-19,6,5.643431663513184
0464297007,2020-10-20,6,5.65330696105957
0464297007,2020-10-21,6,6.028144359588623
0464297007,2020-10-22,7,6.617520332336426
0465655010,2020-09-23,2,2.235114812850952
0465655010,2020-09-24,2,2.018298625946045
0465655010,2020-09-25,2,1.9787282943725586
0465655010,2020-09-26,5,4.824001312255859
0465655010,2020-09-27,2,1.8827013969421387
0465655010,2020-09-28,7,6.865783214569092
0465655010,2020-09-29,3,3.466830253601074
0465655010,2020-09-30,2,2.2167961597442627
0465655010,2020-10-01,3,2.6889264583587646
0465655010,2020-10-02,3,2.5154800415039062
0465655010,2020-10-03,3,2.8974478244781494
0465655010,2020-10-04,2,2.3086585998535156
0465655010,2020-10-05,2,2.2718427181243896
0465655010,2020-10-06,2,2.2728636264801025
0465655010,2020-10-07,2,2.424243450164795
0465655010,2020-10-08,2,2.110088348388672
0465655010,2020-10-09,2,1.779148817062378
0465655010,2020-10-10,2,1.7716840505599976
0465655010,2020-10-11,2,1.5984282493591309
0465655010,2020-10-12,2,1.6062296628952026
0465655010,2020-10-13,2,1.54109787940979
0465655010,2020-10-14,2,1.8768709897994995
0465655010,2020-10-15,1,1.4792283773422241
0465655010,2020-10-16,1,1.2587425708770752
0465655010,2020-10-17,1,1.3152610063552856
0465655010,2020-10-18,1,1.1835954189300537
0465655010,2020-10-19,1,1.193142056465149
0465655010,2020-10-20,1,1.3785878419876099
0465655010,2020-10-21,1,1.4493637084960938
0465655010,2020-10-22,2,1.5509727001190186
0469137001,2020-09-23,2,1.863301157951355
0469137001,2020-09-24,1,1.4969754219055176
0469137001,2020-09-25,2,1.5260381698608398
0469137001,2020-09-26,5,4.597036838531494
0469137001,2020-09-27,2,1.5981268882751465
0469137001,2020-09-28,7,6.575250148773193
0469137001,2020-09-29,3,3.2304465770721436
0469137001,2020-09-30,2,1.6859638690948486
0469137001,2020-10-01,2,2.2188076972961426
0469137001,2020-10-02,2,2.266754627227783
0469137001,2020-10-03,3,2.7150118350982666
0469137001,2020-10-04,2,2.180055618286133
0469137001,2020-10-05,2,2.026564836502075
0469137001,2020-10-06,2,2.099907159805298
0469137001,2020-10-07,2,2.2715277671813965
0469137001,2020-10-08,2,1.9552854299545288
0469137001,2020-10-09,1,1.4689366817474365
0469137001,2020-10-10,2,1.5475704669952393
0469137001,2020-10-11,1,1.314932107925415
0469137001,2020-10-12,1,1.3366910219192505
0469137001,2020-10-13,1,1.4055461883544922
0469137001,2020-10-14,2,1.7173949480056763
0469137001,2020-10-15,1,1.3476446866989136
0469137001,2020-10-16,1,1.1551976203918457
0469137001,2020-10-17,1,1.1893447637557983
0469137001,2020-10-18,1,1.1408495903015137
0469137001,2020-10-19,1,1.1727677583694458
0469137001,2020-10-20,1,1.3582135438919067
0469137001,2020-10-21,1,1.4289896488189697
0469137001,2020-10-22,2,1.5305984020233154
0470789001,2020-09-23,7,6.854343414306641
0470789001,2020-09-24,7,6.580284595489502
0470789001,2020-09-25,6,6.356595516204834
0470789001,2020-09-26,10,9.710626602172852
0470789001,2020-09-27,5,5.07891845703125
0470789001,2020-09-28,11,11.04079818725586
0470789001,2020-09-29,10,10.378742218017578
0470789001,2020-09-30,11,10.977800369262695
0470789001,2020-10-01,9,8.978659629821777
0470789001,2020-10-02,8,7.9930524826049805
0470789001,2020-10-03,8,8.445160865783691
0470789001,2020-10-04,7,6.778815746307373
0470789001,2020-10-05,7,6.957618236541748
0470789001,2020-10-06,7,7.122749328613281
0470789001,2020-10-07,8,8.046611785888672
0470789001,2020-10-08,8,7.751034736633301
0470789001,2020-10-09,7,7.06267786026001
0470789001,2020-10-10,7,7.37304162979126
0470789001,2020-10-11,6,6.116018772125244
0470789001,2020-10-12,6,5.95005989074707
0470789001,2020-10-13,6,5.970920562744141
0470789001,2020-10-14,7,6.655132293701172
0470789001,2020-10-15,7,6.627833366394043
0470789001,2020-10-16,6,6.259635925292969
0470789001,2020-10-17,6,6.234071731567383
0470789001,2020-10-18,5,5.289742469787598
0470789001,2020-10-19,5,4.937536239624023
0470789001,2020-10-20,5,4.930901527404785
0470789001,2020-10-21,5,5.4768805503845215
0470789001,2020-10-22,6,5.778731346130371
0470789019,2020-09-23,5,5.2972564697265625
0470789019,2020-09-24,5,5.199556827545166
0470789019,2020-09-25,5,5.150061130523682
0470789019,2020-09-26,8,8.020833015441895
0470789019,2020-09-27,4,4.27786111831665
0470789019,2020-09-28,10,9.953883171081543
0470789019,2020-09-29,8,8.010424613952637
0470789019,2020-09-30,6,6.234983921051025
0470789019,2020-10-01,6,6.274125576019287
0470789019,2020-10-02,6,6.126485824584961
0470789019,2020-10-03,7,6.539127826690674
0470789019,2020-10-04,5,5.239363193511963
0470789019,2020-10-05,5,5.120964527130127
0470789019,2020-10-06,5,5.318014621734619
0470789019,2020-10-07,6,5.6308674812316895
0470789019,2020-10-08,5,5.356471538543701
0470789019,2020-10-09,5,5.123796463012695
0470789019,2020-10-10,5,5.261393070220947
0470789019,2020-10-11,5,4.64484977722168
0470789019,2020-10-12,4,4.468533039093018
0470789019,2020-10-13,5,4.525287628173828
0470789019,2020-10-14,5,5.226962566375732
0470789019,2020-10-15,5,4.900578498840332
0470789019,2020-10-16,5,4.5997514724731445
0470789019,2020-10-17,5,4.641763210296631
0470789019,2020-10-18,4,4.188150405883789
0470789019,2020-10-19,4,3.9142892360687256
0470789019,2020-10-20,4,3.8537368774414062
0470789019,2020-10-21,4,4.214814186096191
0470789019,2020-10-22,4,4.431568145751953
0473954008,2020-09-23,4,4.053891658782959
0473954008,2020-09-24,4,3.9410479068756104
0473954008,2020-09-25,4,3.9419898986816406
0473954008,2020-09-26,7,6.718989372253418
0473954008,2020-09-27,3,3.001193046569824
0473954008,2020-09-28,9,8.927207946777344
0473954008,2020-09-29,5,5.385543346405029
0473954008,2020-09-30,4,4.34832763671875
0473954008,2020-10-01,5,4.760284423828125
0473954008,2020-10-02,5,4.550909042358398
0473954008,2020-10-03,5,4.849937915802002
0473954008,2020-10-04,4,3.869600296020508
0473954008,2020-10-05,4,3.761733293533325
0473954008,2020-10-06,4,3.816641092300415
0473954008,2020-10-07,4,4.073159217834473
0473954008,2020-10-08,4,4.008489608764648
0473954008,2020-10-09,4,3.805265188217163
0473954008,2020-10-10,4,3.7347865104675293
0473954008,2020-10-11,3,3.2831871509552
0473954008,2020-10-12,3,3.111224889755249
0473954008,2020-10-13,3,3.0122742652893066
0473954008,2020-10-14,4,3.590092658996582
0473954008,2020-10-15,3,3.222447156906128
0473954008,2020-10-16,3,2.9812519550323486
0473954008,2020-10-17,3,2.791062355041504
0473954008,2020-10-18,3,2.5115275382995605
0473954008,2020-10-19,2,2.4159016609191895
0473954008,2020-10-20,3,2.5531435012817383
0473954008,2020-10-21,3,2.6827573776245117
0473954008,2020-10-22,3,2.752415180206299
0484398001,2020-09-23,2,1.8038899898529053
0484398001,2020-09-24,1,1.4563430547714233
0484398001,2020-09-25,2,1.5058051347732544
0484398001,2020-09-26,5,4.565925121307373
0484398001,2020-09-27,2,1.5993329286575317
0484398001,2020-09-28,7,6.533048629760742
0484398001,2020-09-29,3,3.2384541034698486
0484398001,2020-09-30,2,1.7963978052139282
0484398001,2020-10-01,2,2.1859195232391357
0484398001,2020-10-02,2,2.210907459259033
0484398001,2020-10-03,3,2.625368356704712
0484398001,2020-10-04,2,2.0397491455078125
0484398001,2020-10-05,2,2.021850824356079
0484398001,2020-10-06,2,2.071367025375366
0484398001,2020-10-07,2,2.102121114730835
0484398001,2020-10-08,2,1.912474274635315
0484398001,2020-10-09,1,1.3240934610366821
0484398001,2020-10-10,1,1.4946085214614868
0484398001,2020-10-11,1,1.2954206466674805
0484398001,2020-10-12,1,1.3414297103881836
0484398001,2020-10-13,1,1.4102848768234253
0484398001,2020-10-14,2,1.6486159563064575
0484398001,2020-10-15,1,1.2958117723464966
0484398001,2020-10-16,1,1.1478562355041504
0484398001,2020-10-17,1,1.195806622505188
0484398001,2020-10-18,1,1.1213383674621582
0484398001,2020-10-19,1,1.177506446838379
0484398001,2020-10-20,1,1.362952470779419
0484398001,2020-10-21,1,1.4194567203521729
0484398001,2020-10-22,2,1.512355923652649
0487722001,2020-09-23,2,1.856959342956543
0487722001,2020-09-24,1,1.489038109779358
0487722001,2020-09-25,2,1.538500189781189
0487722001,2020-09-26,5,4.598620414733887
0487722001,2020-09-27,2,1.5362433195114136
0487722001,2020-09-28,6,6.477758407592773
0487722001,2020-09-29,3,3.209657669067383
0487722001,2020-09-30,2,1.7488762140274048
0487722001,2020-10-01,2,2.1383979320526123
0487722001,2020-10-02,2,2.210907459259033
0487722001,2020-10-03,2,2.483055353164673
0487722001,2020-10-04,2,2.0397491455078125
0487722001,2020-10-05,2,1.9778012037277222
0487722001,2020-10-06,2,1.8568748235702515
0487722001,2020-10-07,2,1.8586455583572388
0487722001,2020-10-08,2,1.5572434663772583
0487722001,2020-10-09,1,1.236066222190857
0487722001,2020-10-10,1,1.362531304359436
0487722001,2020-10-11,1,1.256420373916626
0487722001,2020-10-12,1,1.3045176267623901
0487722001,2020-10-13,1,1.3694144487380981
0487722001,2020-10-14,2,1.6262449026107788
0487722001,2020-10-15,1,1.2734404802322388
0487722001,2020-10-16,1,1.1478562355041504
0487722001,2020-10-17,1,1.195806622505188
0487722001,2020-10-18,1,1.1213383674621582
0487722001,2020-10-19,1,1.177506446838379
0487722001,2020-10-20,1,1.362952470779419
0487722001,2020-10-21,1,1.4194567203521729
0487722001,2020-10-22,2,1.512355923652649
0490176001,2020-09-23,2,1.9413045644760132
0490176001,2020-09-24,2,1.5042169094085693
0490176001,2020-09-25,2,1.538500189781189
0490176001,2020-09-26,5,4.598620414733887
0490176001,2020-09-27,2,1.5113071203231812
0490176001,2020-09-28,6,6.477758407592773
0490176001,2020-09-29,3,3.2231826782226562
0490176001,2020-09-30,2,1.7488762140274048
0490176001,2020-10-01,2,2.1383979320526123
0490176001,2020-10-02,2,2.210907459259033
0490176001,2020-10-03,2,2.483055353164673
0490176001,2020-10-04,2,2.0397491455078125
0490176001,2020-10-05,2,1.9778012037277222
0490176001,2020-10-06,2,1.8568748235702515
0490176001,2020-10-07,2,1.8790174722671509
0490176001,2020-10-08,2,1.5776158571243286
0490176001,2020-10-09,1,1.3444658517837524
0490176001,2020-10-10,1,1.4065815210342407
0490176001,2020-10-11,1,1.2792377471923828
0490176001,2020-10-12,1,1.3045176267623901
0490176001,2020-10-13,1,1.3694144487380981
0490176001,2020-10-14,2,1.6262449026107788
0490176001,2020-10-15,1,1.2734404802322388
0490176001,2020-10-16,1,1.1478562355041504
0490176001,2020-10-17,1,1.195806622505188
0490176001,2020-10-18,1,1.1213383674621582
0490176001,2020-10-19,1,1.177506446838379
0490176001,2020-10-20,1,1.362952470779419
0490176001,2020-10-21,1,1.4194567203521729
0490176001,2020-10-22,2,1.512355923652649
0506098007,2020-09-23,21,20.888349533081055
0506098007,2020-09-24,21,20.661436080932617
0506098007,2020-09-25,22,21.55359649658203
0506098007,2020-09-26,39,38.86475372314453
0506098007,2020-09-27,42,42.31025314331055
0506098007,2020-09-28,44,43.89460754394531
0506098007,2020-09-29,36,36.356773376464844
0506098007,2020-09-30,33,32.95979309082031
0506098007,2020-10-01,32,31.942646026611328
0506098007,2020-10-02,32,31.823753356933594
0506098007,2020-10-03,39,39.04218292236328
0506098007,2020-10-04,36,35.59160614013672
0506098007,2020-10-05,34,33.54787063598633
0506098007,2020-10-06,32,31.591548919677734
0506098007,2020-10-07,32,32.22124099731445
0506098007,2020-10-08,33,32.937686920166016
0506098007,2020-10-09,32,31.53506088256836
0506098007,2020-10-10,36,35.652687072753906
0506098007,2020-10-11,34,34.33831787109375
0506098007,2020-10-12,32,31.512184143066406
0506098007,2020-10-13,32,31.816417694091797
0506098007,2020-10-14,34,33.808738708496094
0506098007,2020-10-15,33,33.37031936645508
0506098007,2020-10-16,34,34.42671203613281
0506098007,2020-10-17,38,37.879188537597656
0506098007,2020-10-18,34,34.18603515625
0506098007,2020-10-19,34,34.22727584838867
0506098007,2020-10-20,35,34.6967887878418
0506098007,2020-10-21,38,38.24323654174805
0506098007,2020-10-22,47,47.457664489746094
0507883009,2020-09-23,2,2.065335988998413
0507883009,2020-09-24,2,1.7257678508758545
0507883009,2020-09-25,2,1.5227500200271606
0507883009,2020-09-26,5,4.582870006561279
0507883009,2020-09-27,2,1.5919591188430786
0507883009,2020-09-28,7,6.652267932891846
0507883009,2020-09-29,3,3.362926721572876
0507883009,2020-09-30,2,1.851483702659607
0507883009,2020-10-01,2,2.28554368019104
0507883009,2020-10-02,2,2.227090358734131
0507883009,2020-10-03,3,2.625368356704712
0507883009,2020-10-04,2,2.083799362182617
0507883009,2020-10-05,2,2.0680296421051025
0507883009,2020-10-06,2,2.115417718887329
0507883009,2020-10-07,2,2.2287161350250244
0507883009,2020-10-08,2,1.912474274635315
0507883009,2020-10-09,2,1.5368956327438354
0507883009,2020-10-10,2,1.6011892557144165
0507883009,2020-10-11,1,1.3157949447631836
0507883009,2020-10-12,1,1.3618042469024658
0507883009,2020-10-13,1,1.4534770250320435
0507883009,2020-10-14,2,1.7282363176345825
0507883009,2020-10-15,1,1.3584860563278198
0507883009,2020-10-16,1,1.1906018257141113
0507883009,2020-10-17,1,1.2161809206008911
0507883009,2020-10-18,1,1.1417126655578613
0507883009,2020-10-19,1,1.197880744934082
0507883009,2020-10-20,1,1.383326530456543
0507883009,2020-10-21,1,1.4194567203521729
0507883009,2020-10-22,2,1.512355923652649
0507883014,2020-09-23,2,1.8038899898529053
0507883014,2020-09-24,1,1.4563430547714233
0507883014,2020-09-25,2,1.5058051347732544
0507883014,2020-09-26,5,4.565925121307373
0507883014,2020-09-27,2,1.5113071203231812
0507883014,2020-09-28,6,6.44506311416626
0507883014,2020-09-29,3,3.2231826782226562
0507883014,2020-09-30,2,1.7963978052139282
0507883014,2020-10-01,2,2.1859195232391357
0507883014,2020-10-02,2,2.210907459259033
0507883014,2020-10-03,2,2.483055353164673
0507883014,2020-10-04,2,2.0397491455078125
0507883014,2020-10-05,2,1.9778012037277222
0507883014,2020-10-06,2,1.8568748235702515
0507883014,2020-10-07,2,1.8586455583572388
0507883014,2020-10-08,2,1.5572434663772583
0507883014,2020-10-09,1,1.236066222190857
0507883014,2020-10-10,1,1.362531304359436
0507883014,2020-10-11,1,1.256420373916626
0507883014,2020-10-12,1,1.3045176267623901
0507883014,2020-10-13,1,1.3694144487380981
0507883014,2020-10-14,2,1.6262449026107788
0507883014,2020-10-15,1,1.2734404802322388
0507883014,2020-10-16,1,1.1478562355041504
0507883014,2020-10-17,1,1.195806622505188
0507883014,2020-10-18,1,1.1213383674621582
0507883014,2020-10-19,1,1.177506446838379
0507883014,2020-10-20,1,1.362952470779419
0507883014,2020-10-21,1,1.4194567203521729
0507883014,2020-10-22,2,1.512355923652649
0507909001,2020-09-23,6,5.518842697143555
0507909001,2020-09-24,5,5.054252624511719
0507909001,2020-09-25,5,5.057650566101074
0507909001,2020-09-26,8,8.04293441772461
0507909001,2020-09-27,4,4.496795177459717
0507909001,2020-09-28,11,10.501869201660156
0507909001,2020-09-29,10,9.555342674255371
0507909001,2020-09-30,7,6.875293254852295
0507909001,2020-10-01,6,6.458180904388428
0507909001,2020-10-02,6,6.258315563201904
0507909001,2020-10-03,7,6.914093971252441
0507909001,2020-10-04,6,5.650167465209961
0507909001,2020-10-05,5,5.463000774383545
0507909001,2020-10-06,6,5.5139594078063965
0507909001,2020-10-07,6,5.97820520401001
0507909001,2020-10-08,6,5.510699272155762
0507909001,2020-10-09,5,5.2775492668151855
0507909001,2020-10-10,5,5.496102809906006
0507909001,2020-10-11,5,4.688472270965576
0507909001,2020-10-12,5,4.526793956756592
0507909001,2020-10-13,5,4.728168487548828
0507909001,2020-10-14,5,5.406538486480713
0507909001,2020-10-15,5,5.155136585235596
0507909001,2020-10-16,5,5.043076992034912
0507909001,2020-10-17,5,5.120310306549072
0507909001,2020-10-18,4,4.364388465881348
0507909001,2020-10-19,4,4.277617454528809
0507909001,2020-10-20,4,4.483654022216797
0507909001,2020-10-21,5,4.787640571594238
0507909001,2020-10-22,5,4.759095668792725
0507909003,2020-09-23,3,2.5503647327423096
0507909003,2020-09-24,2,2.2420778274536133
0507909003,2020-09-25,2,2.2915401458740234
0507909003,2020-09-26,5,5.430415630340576
0507909003,2020-09-27,2,2.238314628601074
0507909003,2020-09-28,8,7.836187362670898
0507909003,2020-09-29,4,3.957165002822876
0507909003,2020-09-30,3,2.6204538345336914
0507909003,2020-10-01,3,3.128267288208008
0507909003,2020-10-02,3,3.127389430999756
0507909003,2020-10-03,4,3.74977707862854
0507909003,2020-10-04,3,2.9385037422180176
0507909003,2020-10-05,3,2.798292398452759
0507909003,2020-10-06,3,2.683417558670044
0507909003,2020-10-07,3,2.8923776149749756
0507909003,2020-10-08,3,2.5782225131988525
0507909003,2020-10-09,2,2.2774126529693604
0507909003,2020-10-10,3,2.5266761779785156
0507909003,2020-10-11,2,2.218968152999878
0507909003,2020-10-12,2,2.142385482788086
0507909003,2020-10-13,2,2.183790922164917
0507909003,2020-10-14,3,2.5127832889556885
0507909003,2020-10-15,2,2.1451380252838135
0507909003,2020-10-16,2,1.930597186088562
0507909003,2020-10-17,2,1.7380543947219849
0507909003,2020-10-18,1,1.4963247776031494
0507909003,2020-10-19,2,1.5436453819274902
0507909003,2020-10-20,2,1.638840913772583
0507909003,2020-10-21,2,1.7072248458862305
0507909003,2020-10-22,2,1.7526017427444458
0507910001,2020-09-23,2,1.7591545581817627
0507910001,2020-09-24,1,1.4116076231002808
0507910001,2020-09-25,1,1.4610697031021118
0507910001,2020-09-26,5,4.5211896896362305
0507910001,2020-09-27,1,1.4668172597885132
0507910001,2020-09-28,6,6.37058162689209
0507910001,2020-09-29,3,3.164921998977661
0507910001,2020-09-30,2,1.6822179555892944
0507910001,2020-10-01,2,2.0936625003814697
0507910001,2020-10-02,2,2.0827298164367676
0507910001,2020-10-03,2,2.4383199214935303
0507910001,2020-10-04,2,2.0091772079467773
0507910001,2020-10-05,2,1.933066725730896
0507910001,2020-10-06,2,1.8121393918991089
0507910001,2020-10-07,2,1.769861102104187
0507910001,2020-10-08,1,1.4684585332870483
0507910001,2020-10-09,1,1.1472805738449097
0507910001,2020-10-10,1,1.3177958726882935
0507910001,2020-10-11,1,1.2258484363555908
0507910001,2020-10-12,1,1.242836356163025
0507910001,2020-10-13,1,1.2823790311813354
0507910001,2020-10-14,2,1.5815094709396362
0507910001,2020-10-15,1,1.2287050485610962
0507910001,2020-10-16,1,1.1031208038330078
0507910001,2020-10-17,1,1.1510711908340454
0507910001,2020-10-18,1,1.090766191482544
0507910001,2020-10-19,1,1.1327710151672363
0507910001,2020-10-20,1,1.3182170391082764
0507910001,2020-10-21,1,1.3747212886810303
0507910001,2020-10-22,1,1.4676204919815063
0516000001,2020-09-23,3,3.175509214401245
0516000001,2020-09-24,2,2.337777614593506
0516000001,2020-09-25,2,2.2011208534240723
0516000001,2020-09-26,5,5.351842403411865
0516000001,2020-09-27,2,2.225454807281494
0516000001,2020-09-28,8,7.759058952331543
0516000001,2020-09-29,4,4.312133312225342
0516000001,2020-09-30,3,3.0514771938323975
0516000001,2020-10-01,3,3.3721113204956055
0516000001,2020-10-02,3,3.303858757019043
0516000001,2020-10-03,4,3.7488462924957275
0516000001,2020-10-04,3,3.0219759941101074
0516000001,2020-10-05,3,3.108992576599121
0516000001,2020-10-06,3,2.94997501373291
0516000001,2020-10-07,3,3.0399184226989746
0516000001,2020-10-08,3,2.867285966873169
0516000001,2020-10-09,2,2.492612600326538
0516000001,2020-10-10,3,2.6183996200561523
0516000001,2020-10-11,2,2.4046390056610107
0516000001,2020-10-12,2,2.3335187435150146
0516000001,2020-10-13,2,2.2848703861236572
0516000001,2020-10-14,3,2.599061965942383
0516000001,2020-10-15,2,2.2183663845062256
0516000001,2020-10-16,2,2.0195534229278564
0516000001,2020-10-17,2,2.1462526321411133
0516000001,2020-10-18,2,1.9375629425048828
0516000001,2020-10-19,2,1.6939170360565186
0516000001,2020-10-20,2,1.7290904521942139
0516000001,2020-10-21,2,1.811431884765625
0516000001,2020-10-22,2,1.8001235723495483
0516859008,2020-09-23,17,16.990922927856445
0516859008,2020-09-24,18,18.3989315032959
0516859008,2020-09-25,18,18.44904899597168
0516859008,2020-09-26,24,23.51021385192871
0516859008,2020-09-27,17,17.49970245361328
0516859008,2020-09-28,25,25.3818359375
0516859008,2020-09-29,22,21.558809280395508
0516859008,2020-09-30,21,21.172195434570312
0516859008,2020-10-01,20,20.0887508392334
0516859008,2020-10-02,20,19.756120681762695
0516859008,2020-10-03,23,22.548133850097656
0516859008,2020-10-04,18,17.957366943359375
0516859008,2020-10-05,18,18.39101219177246
0516859008,2020-10-06,19,18.53899383544922
0516859008,2020-10-07,19,18.641033172607422
0516859008,2020-10-08,19,18.594667434692383
0516859008,2020-10-09,18,18.15462303161621
0516859008,2020-10-10,20,19.722618103027344
0516859008,2020-10-11,17,17.11456298828125
0516859008,2020-10-12,18,17.862171173095703
0516859008,2020-10-13,18,17.926435470581055
0516859008,2020-10-14,19,18.811697006225586
0516859008,2020-10-15,19,18.720144271850586
0516859008,2020-10-16,18,18.42259979248047
0516859008,2020-10-17,19,19.37982940673828
0516859008,2020-10-18,16,16.395998001098633
0516859008,2020-10-19,17,16.566802978515625
0516859008,2020-10-20,18,17.5419921875
0516859008,2020-10-21,18,18.354045867919922
0516859008,2020-10-22,20,20.092775344848633
0516903005,2020-09-23,2,1.9393727779388428
0516903005,2020-09-24,2,1.6944583654403687
0516903005,2020-09-25,1,1.4749866724014282
0516903005,2020-09-26,5,4.5211896896362305
0516903005,2020-09-27,1,1.4668172597885132
0516903005,2020-09-28,6,6.400327682495117
0516903005,2020-09-29,3,3.1784470081329346
0516903005,2020-09-30,2,1.6822179555892944
0516903005,2020-10-01,2,2.141184091567993
0516903005,2020-10-02,2,2.0827298164367676
0516903005,2020-10-03,2,2.4383199214935303
0516903005,2020-10-04,2,2.0091772079467773
0516903005,2020-10-05,2,1.933066725730896
0516903005,2020-10-06,2,1.8121393918991089
0516903005,2020-10-07,2,1.769861102104187
0516903005,2020-10-08,1,1.4684585332870483
0516903005,2020-10-09,1,1.1472805738449097
0516903005,2020-10-10,1,1.3177958726882935
0516903005,2020-10-11,1,1.2258484363555908
0516903005,2020-10-12,1,1.242836356163025
0516903005,2020-10-13,1,1.2823790311813354
0516903005,2020-10-14,2,1.5815094709396362
0516903005,2020-10-15,1,1.2287050485610962
0516903005,2020-10-16,1,1.1031208038330078
0516903005,2020-10-17,1,1.1510711908340454
0516903005,2020-10-18,1,1.090766191482544
0516903005,2020-10-19,1,1.1327710151672363
0516903005,2020-10-20,1,1.3182170391082764
0516903005,2020-10-21,1,1.3747212886810303
0516903005,2020-10-22,1,1.4676204919815063
0519583008,2020-09-23,3,2.5822489261627197
0519583008,2020-09-24,2,2.3194875717163086
0519583008,2020-09-25,2,2.14426326751709
0519583008,2020-09-26,5,5.3830108642578125
0519583008,2020-09-27,2,2.1152992248535156
0519583008,2020-09-28,8,7.829647541046143
0519583008,2020-09-29,4,3.957165002822876
0519583008,2020-09-30,3,2.6204538345336914
0519583008,2020-10-01,3,3.1152167320251465
0519583008,2020-10-02,3,3.140439510345459
0519583008,2020-10-03,4,3.7016875743865967
0519583008,2020-10-04,3,2.8595571517944336
0519583008,2020-10-05,3,2.7502033710479736
0519583008,2020-10-06,3,2.683417558670044
0519583008,2020-10-07,3,2.8247182369232178
0519583008,2020-10-08,3,2.5782225131988525
0519583008,2020-10-09,2,2.2774126529693604
0519583008,2020-10-10,3,2.5266761779785156
0519583008,2020-10-11,2,2.218968152999878
0519583008,2020-10-12,2,2.142385482788086
0519583008,2020-10-13,2,2.183790922164917
0519583008,2020-10-14,3,2.5258336067199707
0519583008,2020-10-15,2,2.1451380252838135
0519583008,2020-10-16,2,1.930597186088562
0519583008,2020-10-17,2,1.7380543947219849
0519583008,2020-10-18,1,1.4963247776031494
0519583008,2020-10-19,2,1.5436453819274902
0519583008,2020-10-20,2,1.638840913772583
0519583008,2020-10-21,2,1.7072248458862305
0519583008,2020-10-22,2,1.7526017427444458
0519583013,2020-09-23,2,1.8038899898529053
0519583013,2020-09-24,1,1.4563430547714233
0519583013,2020-09-25,2,1.5058051347732544
0519583013,2020-09-26,5,4.565925121307373
0519583013,2020-09-27,2,1.5113071203231812
0519583013,2020-09-28,6,6.44506311416626
0519583013,2020-09-29,3,3.209657669067383
0519583013,2020-09-30,2,1.7963978052139282
0519583013,2020-10-01,2,2.1859195232391357
0519583013,2020-10-02,2,2.210907459259033
0519583013,2020-10-03,2,2.483055353164673
0519583013,2020-10-04,2,2.0397491455078125
0519583013,2020-10-05,2,1.9778012037277222
0519583013,2020-10-06,2,1.8568748235702515
0519583013,2020-10-07,2,1.8586455583572388
0519583013,2020-10-08,2,1.5572434663772583
0519583013,2020-10-09,1,1.236066222190857
0519583013,2020-10-10,1,1.362531304359436
0519583013,2020-10-11,1,1.256420373916626
0519583013,2020-10-12,1,1.3045176267623901
0519583013,2020-10-13,1,1.3694144487380981
0519583013,2020-10-14,2,1.6262449026107788
0519583013,2020-10-15,1,1.2734404802322388
0519583013,2020-10-16,1,1.1478562355041504
0519583013,2020-10-17,1,1.195806622505188
0519583013,2020-10-18,1,1.1213383674621582
0519583013,2020-10-19,1,1.177506446838379
0519583013,2020-10-20,1,1.362952470779419
0519583013,2020-10-21,1,1.4194567203521729
0519583013,2020-10-22,2,1.512355923652649
0524529004,2020-09-23,3,2.6854846477508545
0524529004,2020-09-24,2,2.332529306411743
0524529004,2020-09-25,2,2.3777756690979004
0524529004,2020-09-26,5,5.442983627319336
0524529004,2020-09-27,2,2.2140378952026367
0524529004,2020-09-28,8,8.094461441040039
0524529004,2020-09-29,5,4.966884613037109
0524529004,2020-09-30,3,3.285964012145996
0524529004,2020-10-01,4,3.7441861629486084
0524529004,2020-10-02,4,3.6407461166381836
0524529004,2020-10-03,4,4.117654323577881
0524529004,2020-10-04,4,3.6454033851623535
0524529004,2020-10-05,3,3.3653483390808105
0524529004,2020-10-06,3,3.270954132080078
0524529004,2020-10-07,4,3.5017809867858887
0524529004,2020-10-08,3,3.218526840209961
0524529004,2020-10-09,3,2.9608137607574463
0524529004,2020-10-10,3,3.0859246253967285
0524529004,2020-10-11,3,3.0398876667022705
0524529004,2020-10-12,3,2.7641241550445557
0524529004,2020-10-13,3,2.5481722354888916
0524529004,2020-10-14,3,3.0098764896392822
0524529004,2020-10-15,3,2.728365421295166
0524529004,2020-10-16,2,2.3763349056243896
0524529004,2020-10-17,3,2.542914390563965
0524529004,2020-10-18,2,2.4394922256469727
0524529004,2020-10-19,2,2.0906946659088135
0524529004,2020-10-20,2,2.2630906105041504
0524529004,2020-10-21,2,2.397228717803955
0524529004,2020-10-22,2,2.4107697010040283
0529008045,2020-09-23,2,1.830605387687683
0529008045,2020-09-24,1,1.4830584526062012
0529008045,2020-09-25,2,1.5121212005615234
0529008045,2020-09-26,5,4.583119869232178
0529008045,2020-09-27,2,1.5842089653015137
0529008045,2020-09-28,7,6.54255485534668
0529008045,2020-09-29,3,3.2304465770721436
0529008045,2020-09-30,2,1.6859638690948486
0529008045,2020-10-01,2,2.2188076972961426
0529008045,2020-10-02,2,2.266754627227783
0529008045,2020-10-03,3,2.7150118350982666
0529008045,2020-10-04,2,2.1974291801452637
0529008045,2020-10-05,2,2.043938398361206
0529008045,2020-10-06,2,2.1172807216644287
0529008045,2020-10-07,2,2.2889013290405273
0529008045,2020-10-08,2,1.9726591110229492
0529008045,2020-10-09,1,1.4863097667694092
0529008045,2020-10-10,2,1.564943552017212
0529008045,2020-10-11,1,1.4176090955734253
0529008045,2020-10-12,1,1.387342929840088
0529008045,2020-10-13,1,1.4790159463882446
0529008045,2020-10-14,2,1.753324031829834
0529008045,2020-10-15,1,1.4005193710327148
0529008045,2020-10-16,1,1.2334269285202026
0529008045,2020-10-17,1,1.26369047164917
0529008045,2020-10-18,1,1.1928240060806274
0529008045,2020-10-19,1,1.1985969543457031
0529008045,2020-10-20,1,1.3840429782867432
0529008045,2020-10-21,1,1.437462329864502
0529008045,2020-10-22,2,1.5390713214874268
0529012025,2020-09-23,2,1.863301157951355
0529012025,2020-09-24,2,1.5157535076141357
0529012025,2020-09-25,2,1.5121212005615234
0529012025,2020-09-26,5,4.583119869232178
0529012025,2020-09-27,2,1.5981268882751465
0529012025,2020-09-28,7,6.5564727783203125
0529012025,2020-09-29,3,3.2304465770721436
0529012025,2020-09-30,2,1.6859638690948486
0529012025,2020-10-01,2,2.2188076972961426
0529012025,2020-10-02,2,2.266754627227783
0529012025,2020-10-03,3,2.7150118350982666
0529012025,2020-10-04,2,2.1974291801452637
0529012025,2020-10-05,2,2.043938398361206
0529012025,2020-10-06,2,2.1172807216644287
0529012025,2020-10-07,2,2.2889013290405273
0529012025,2020-10-08,2,1.9726591110229492
0529012025,2020-10-09,1,1.4863097667694092
0529012025,2020-10-10,2,1.564943552017212
0529012025,2020-10-11,1,1.4176090955734253
0529012025,2020-10-12,1,1.387342929840088
0529012025,2020-10-13,1,1.4790159463882446
0529012025,2020-10-14,2,1.753324031829834
0529012025,2020-10-15,1,1.4005193710327148
0529012025,2020-10-16,1,1.2334269285202026
0529012025,2020-10-17,1,1.26369047164917
0529012025,2020-10-18,1,1.1928240060806274
0529012025,2020-10-19,1,1.1985969543457031
0529012025,2020-10-20,1,1.3666696548461914
0529012025,2020-10-21,1,1.4374457597732544
0529012025,2020-10-22,2,1.5390545129776
0529953007,2020-09-23,2,2.0491890907287598
0529953007,2020-09-24,2,1.8459306955337524
0529953007,2020-09-25,2,1.6394277811050415
0529953007,2020-09-26,5,4.645913124084473
0529953007,2020-09-27,2,1.6439285278320312
0529953007,2020-09-28,7,6.650187015533447
0529953007,2020-09-29,3,3.4263014793395996
0529953007,2020-09-30,2,1.8253567218780518
0529953007,2020-10-01,2,2.379149913787842
0529953007,2020-10-02,2,2.46148681640625
0529953007,2020-10-03,3,2.8882601261138916
0529953007,2020-10-04,2,2.3084726333618164
0529953007,2020-10-05,2,2.206594705581665
0529953007,2020-10-06,2,2.322768449783325
0529953007,2020-10-07,2,2.435242176055908
0529953007,2020-10-08,2,2.160740852355957
0529953007,2020-10-09,2,1.8298014402389526
0529953007,2020-10-10,2,1.8036437034606934
0529953007,2020-10-11,2,1.6762803792953491
0529953007,2020-10-12,2,1.5258350372314453
0529953007,2020-10-13,2,1.526537537574768
0529953007,2020-10-14,2,1.867962121963501
0529953007,2020-10-15,2,1.5151574611663818
0529953007,2020-10-16,1,1.2946714162826538
0529953007,2020-10-17,1,1.3672354221343994
0529953007,2020-10-18,1,1.2355698347091675
0529953007,2020-10-19,1,1.2189712524414062
0529953007,2020-10-20,1,1.4044170379638672
0529953007,2020-10-21,1,1.457836627960205
0529953007,2020-10-22,2,1.5594453811645508
0536139006,2020-09-23,19,19.260473251342773
0536139006,2020-09-24,22,21.55498504638672
0536139006,2020-09-25,21,21.410724639892578
0536139006,2020-09-26,33,33.46632766723633
0536139006,2020-09-27,40,40.41584014892578
0536139006,2020-09-28,41,40.916839599609375
0536139006,2020-09-29,34,34.169273376464844
0536139006,2020-09-30,31,31.163002014160156
0536139006,2020-10-01,32,31.684701919555664
0536139006,2020-10-02,31,30.844736099243164
0536139006,2020-10-03,38,37.573974609375
0536139006,2020-10-04,32,32.27501678466797
0536139006,2020-10-05,30,29.833322525024414
0536139006,2020-10-06,27,27.234649658203125
0536139006,2020-10-07,27,27.30617332458496
0536139006,2020-10-08,27,26.603214263916016
0536139006,2020-10-09,26,26.03159523010254
0536139006,2020-10-10,30,30.22806739807129
0536139006,2020-10-11,26,26.04396629333496
0536139006,2020-10-12,25,24.525236129760742
0536139006,2020-10-13,24,24.448780059814453
0536139006,2020-10-14,26,25.57708168029785
0536139006,2020-10-15,25,24.62751007080078
0536139006,2020-10-16,25,24.997276306152344
0536139006,2020-10-17,27,26.90319061279297
0536139006,2020-10-18,24,23.72182273864746
0536139006,2020-10-19,25,24.51841163635254
0536139006,2020-10-20,25,24.843114852905273
0536139006,2020-10-21,26,25.670207977294922
0536139006,2020-10-22,29,29.24351692199707
0536139010,2020-09-23,2,1.8038899898529053
0536139010,2020-09-24,1,1.4563430547714233
0536139010,2020-09-25,2,1.5058051347732544
0536139010,2020-09-26,5,4.565925121307373
0536139010,2020-09-27,1,1.4973891973495483
0536139010,2020-09-28,6,6.44506311416626
0536139010,2020-09-29,3,3.2231826782226562
0536139010,2020-09-30,2,1.7488762140274048
0536139010,2020-10-01,2,2.1859195232391357
0536139010,2020-10-02,2,2.210907459259033
0536139010,2020-10-03,2,2.483055353164673
0536139010,2020-10-04,2,2.0397491455078125
0536139010,2020-10-05,2,1.9778012037277222
0536139010,2020-10-06,2,1.8568748235702515
0536139010,2020-10-07,2,1.8586455583572388
0536139010,2020-10-08,2,1.5572434663772583
0536139010,2020-10-09,1,1.236066222190857
0536139010,2020-10-10,1,1.362531304359436
0536139010,2020-10-11,1,1.256420373916626
0536139010,2020-10-12,1,1.3045176267623901
0536139010,2020-10-13,1,1.3694144487380981
0536139010,2020-10-14,2,1.6262449026107788
0536139010,2020-10-15,1,1.2734404802322388
0536139010,2020-10-16,1,1.1478562355041504
0536139010,2020-10-17,1,1.195806622505188
0536139010,2020-10-18,1,1.1213383674621582
0536139010,2020-10-19,1,1.177506446838379
0536139010,2020-10-20,1,1.362952470779419
0536139010,2020-10-21,1,1.4194567203521729
0536139010,2020-10-22,2,1.512355923652649
0537116001,2020-09-23,4,4.353837966918945
0537116001,2020-09-24,5,4.536752700805664
0537116001,2020-09-25,5,4.561938762664795
0537116001,2020-09-26,8,7.711334228515625
0537116001,2020-09-27,4,3.697488307952881
0537116001,2020-09-28,9,9.284191131591797
0537116001,2020-09-29,8,7.700863361358643
0537116001,2020-09-30,6,5.632745265960693
0537116001,2020-10-01,6,5.801259994506836
0537116001,2020-10-02,6,5.618196487426758
0537116001,2020-10-03,6,5.9279398918151855
0537116001,2020-10-04,5,4.921952724456787
0537116001,2020-10-05,5,4.523321151733398
0537116001,2020-10-06,5,4.813612461090088
0537116001,2020-10-07,5,5.264525890350342
0537116001,2020-10-08,5,5.174918174743652
0537116001,2020-10-09,5,4.927408695220947
0537116001,2020-10-10,5,4.91227912902832
0537116001,2020-10-11,4,4.295113563537598
0537116001,2020-10-12,4,4.253194332122803
0537116001,2020-10-13,4,4.33703088760376
0537116001,2020-10-14,5,4.994470119476318
0537116001,2020-10-15,4,4.417352199554443
0537116001,2020-10-16,4,4.264505863189697
0537116001,2020-10-17,4,4.395573616027832
0537116001,2020-10-18,4,3.804502010345459
0537116001,2020-10-19,4,3.6026570796966553
0537116001,2020-10-20,4,3.765381097793579
0537116001,2020-10-21,4,4.111739635467529
0537116001,2020-10-22,4,4.36747407913208
0538699001,2020-09-23,2,1.8221327066421509
0538699001,2020-09-24,1,1.474585771560669
0538699001,2020-09-25,2,1.503648281097412
0538699001,2020-09-26,5,4.548501968383789
0538699001,2020-09-27,2,1.5944840908050537
0538699001,2020-09-28,6,6.449983596801758
0538699001,2020-09-29,3,3.2469799518585205
0538699001,2020-09-30,2,1.8098998069763184
0538699001,2020-10-01,2,2.215676784515381
0538699001,2020-10-02,2,2.216102123260498
0538699001,2020-10-03,3,2.638214349746704
0538699001,2020-10-04,2,2.0947513580322266
0538699001,2020-10-05,2,1.9932868480682373
0538699001,2020-10-06,2,1.8780337572097778
0538699001,2020-10-07,2,1.8681784868240356
0538699001,2020-10-08,2,1.5667763948440552
0538699001,2020-10-09,1,1.3002315759658813
0538699001,2020-10-10,1,1.3912874460220337
0538699001,2020-10-11,1,1.3060998916625977
0538699001,2020-10-12,1,1.2909467220306396
0538699001,2020-10-13,1,1.3558435440063477
0538699001,2020-10-14,2,1.6269456148147583
0538699001,2020-10-15,1,1.2741411924362183
0538699001,2020-10-16,1,1.1239943504333496
0538699001,2020-10-17,1,1.18051278591156
0538699001,2020-10-18,1,1.1320176124572754
0538699001,2020-10-19,1,1.1639355421066284
0538699001,2020-10-20,1,1.3493815660476685
0538699001,2020-10-21,1,1.4201574325561523
0538699001,2020-10-22,1,1.4676204919815063
0539723001,2020-09-23,2,1.8513180017471313
0539723001,2020-09-24,1,1.4875757694244385
0539723001,2020-09-25,2,1.5166382789611816
0539723001,2020-09-26,5,4.561491966247559
0539723001,2020-09-27,2,1.5625813007354736
0539723001,2020-09-28,7,6.54255485534668
0539723001,2020-09-29,3,3.2304465770721436
0539723001,2020-09-30,2,1.6859638690948486
0539723001,2020-10-01,2,2.2188076972961426
0539723001,2020-10-02,2,2.266754627227783
0539723001,2020-10-03,3,2.7150118350982666
0539723001,2020-10-04,2,2.1974291801452637
0539723001,2020-10-05,2,2.043938398361206
0539723001,2020-10-06,2,2.1172807216644287
0539723001,2020-10-07,2,2.2889013290405273
0539723001,2020-10-08,2,1.9726591110229492
0539723001,2020-10-09,1,1.4863097667694092
0539723001,2020-10-10,2,1.564943552017212
0539723001,2020-10-11,1,1.4176090955734253
0539723001,2020-10-12,1,1.387342929840088
0539723001,2020-10-13,1,1.4790159463882446
0539723001,2020-10-14,2,1.753324031829834
0539723001,2020-10-15,1,1.4005193710327148
0539723001,2020-10-16,1,1.2334269285202026
0539723001,2020-10-17,1,1.26369047164917
0539723001,2020-10-18,1,1.1928240060806274
0539723001,2020-10-19,1,1.1985969543457031
0539723001,2020-10-20,1,1.3840429782867432
0539723001,2020-10-21,1,1.437462329864502
0539723001,2020-10-22,2,1.5390713214874268
0539723003,2020-09-23,2,1.8680332899093628
0539723003,2020-09-24,2,1.5204863548278809
0539723003,2020-09-25,2,1.5288729667663574
0539723003,2020-09-26,5,4.551269054412842
0539723003,2020-09-27,2,1.5523587465286255
0539723003,2020-09-28,7,6.5593061447143555
0539723003,2020-09-29,3,3.2471983432769775
0539723003,2020-09-30,2,1.7027156352996826
0539723003,2020-10-01,2,2.1745715141296387
0539723003,2020-10-02,2,2.2225184440612793
0539723003,2020-10-03,3,2.6446311473846436
0539723003,2020-10-04,2,2.1270480155944824
0539723003,2020-10-05,2,1.99970281124115
0539723003,2020-10-06,2,1.8945504426956177
0539723003,2020-10-07,2,1.884695291519165
0539723003,2020-10-08,2,1.5832929611206055
0539723003,2020-10-09,1,1.32558012008667
0539723003,2020-10-10,1,1.4166362285614014
0539723003,2020-10-11,1,1.3573285341262817
0539723003,2020-10-12,1,1.3324781656265259
0539723003,2020-10-13,1,1.3811920881271362
0539723003,2020-10-14,2,1.6746654510498047
0539723003,2020-10-15,1,1.442039966583252
0539723003,2020-10-16,1,1.2177170515060425
0539723003,2020-10-17,1,1.1761696338653564
0539723003,2020-10-18,1,1.1711961030960083
0539723003,2020-10-19,1,1.2031142711639404
0539723003,2020-10-20,1,1.3840429782867432
0539723003,2020-10-21,1,1.437462329864502
0539723003,2020-10-22,2,1.5390713214874268
0539723005,2020-09-23,2,1.830605387687683
0539723005,2020-09-24,1,1.4830584526062012
0539723005,2020-09-25,2,1.5121212005615234
0539723005,2020-09-26,5,4.583119869232178
0539723005,2020-09-27,2,1.6861529350280762
0539723005,2020-09-28,7,6.54255485534668
0539723005,2020-09-29,3,3.2304465770721436
0539723005,2020-09-30,2,1.7334849834442139
0539723005,2020-10-01,2,2.266329288482666
0539723005,2020-10-02,2,2.266754627227783
0539723005,2020-10-03,3,2.7311952114105225
0539723005,2020-10-04,2,2.1974291801452637
0539723005,2020-10-05,2,2.043938398361206
0539723005,2020-10-06,2,2.1613314151763916
0539723005,2020-10-07,2,2.2889013290405273
0539723005,2020-10-08,2,1.9726591110229492
0539723005,2020-10-09,2,1.5725178718566895
0539723005,2020-10-10,2,1.6511502265930176
0539723005,2020-10-11,1,1.4176090955734253
0539723005,2020-10-12,1,1.387342929840088
0539723005,2020-10-13,1,1.4790159463882446
0539723005,2020-10-14,2,1.7772486209869385
0539723005,2020-10-15,1,1.4244441986083984
0539723005,2020-10-16,1,1.2538009881973267
0539723005,2020-10-17,1,1.284064769744873
0539723005,2020-10-18,1,1.2131983041763306
0539723005,2020-10-19,1,1.1985969543457031
0539723005,2020-10-20,1,1.3840429782867432
0539723005,2020-10-21,1,1.437462329864502
0539723005,2020-10-22,2,1.5390713214874268
0542402001,2020-09-23,9,9.360882759094238
0542402001,2020-09-24,9,9.056663513183594
0542402001,2020-09-25,10,9.542983055114746
0542402001,2020-09-26,13,12.7749662399292
0542402001,2020-09-27,8,8.434598922729492
0542402001,2020-09-28,14,14.461301803588867
0542402001,2020-09-29,14,14.367751121520996
0542402001,2020-09-30,13,13.440781593322754
0542402001,2020-10-01,12,11.507477760314941
0542402001,2020-10-02,11,10.906153678894043
0542402001,2020-10-03,11,11.247774124145508
0542402001,2020-10-04,9,9.375832557678223
0542402001,2020-10-05,9,9.354820251464844
0542402001,2020-10-06,10,9.791313171386719
0542402001,2020-10-07,10,10.339943885803223
0542402001,2020-10-08,11,10.737462043762207
0542402001,2020-10-09,10,9.79186725616455
0542402001,2020-10-10,10,10.067853927612305
0542402001,2020-10-11,9,8.545151710510254
0542402001,2020-10-12,8,8.182160377502441
0542402001,2020-10-13,8,8.442291259765625
0542402001,2020-10-14,9,9.41496753692627
0542402001,2020-10-15,9,9.170820236206055
0542402001,2020-10-16,9,9.129119873046875
0542402001,2020-10-17,9,9.178539276123047
0542402001,2020-10-18,8,7.624361991882324
0542402001,2020-10-19,7,7.182106018066406
0542402001,2020-10-20,8,7.52348518371582
0542402001,2020-10-21,8,8.241061210632324
0542402001,2020-10-22,9,9.314054489135742
0542464001,2020-09-23,3,2.76768159866333
0542464001,2020-09-24,2,2.4773316383361816
0542464001,2020-09-25,2,2.4223132133483887
0542464001,2020-09-26,5,5.369863986968994
0542464001,2020-09-27,2,2.141787528991699
0542464001,2020-09-28,8,7.767655372619629
0542464001,2020-09-29,4,3.998030662536621
0542464001,2020-09-30,3,2.6204538345336914
0542464001,2020-10-01,3,3.1152167320251465
0542464001,2020-10-02,3,3.127389430999756
0542464001,2020-10-03,4,3.7152135372161865
0542464001,2020-10-04,3,2.8595571517944336
0542464001,2020-10-05,3,2.7502033710479736
0542464001,2020-10-06,3,2.762364387512207
0542464001,2020-10-07,3,2.8247182369232178
0542464001,2020-10-08,3,2.5782225131988525
0542464001,2020-10-09,2,2.2774126529693604
0542464001,2020-10-10,3,2.5266761779785156
0542464001,2020-10-11,2,2.218968152999878
0542464001,2020-10-12,2,2.142385482788086
0542464001,2020-10-13,2,2.183790922164917
0542464001,2020-10-14,3,2.5127832889556885
0542464001,2020-10-15,2,2.1451380252838135
0542464001,2020-10-16,2,1.930597186088562
0542464001,2020-10-17,2,1.7380543947219849
0542464001,2020-10-18,1,1.4963247776031494
0542464001,2020-10-19,2,1.5436453819274902
0542464001,2020-10-20,2,1.638840913772583
0542464001,2020-10-21,2,1.7072248458862305
0542464001,2020-10-22,2,1.7526017427444458
0547780001,2020-09-23,21,20.54756736755371
0547780001,2020-09-24,21,21.1830997467041
0547780001,2020-09-25,21,20.995250701904297
0547780001,2020-09-26,32,31.87347412109375
0547780001,2020-09-27,46,45.503543853759766
0547780001,2020-09-28,47,47.07157516479492
0547780001,2020-09-29,36,35.87571716308594
0547780001,2020-09-30,34,34.0020637512207
0547780001,2020-10-01,34,34.372554779052734
0547780001,2020-10-02,35,35.29653549194336
0547780001,2020-10-03,45,45.286197662353516
0547780001,2020-10-04,38,38.4656982421875
0547780001,2020-10-05,38,37.68743896484375
0547780001,2020-10-06,34,33.88031005859375
0547780001,2020-10-07,37,36.717220306396484
0547780001,2020-10-08,38,37.810184478759766
0547780001,2020-10-09,36,35.622032165527344
0547780001,2020-10-10,40,39.920475006103516
0547780001,2020-10-11,42,41.80203628540039
0547780001,2020-10-12,42,42.4769287109375
0547780001,2020-10-13,39,39.305206298828125
0547780001,2020-10-14,43,42.817569732666016
0547780001,2020-10-15,44,43.531654357910156
0547780001,2020-10-16,43,42.89809036254883
0547780001,2020-10-17,48,48.09757614135742
0547780001,2020-10-18,43,43.12722396850586
0547780001,2020-10-19,45,45.139434814453125
0547780001,2020-10-20,44,44.0881233215332
0547780001,2020-10-21,48,47.672115325927734
0547780001,2020-10-22,52,51.850337982177734
0547780003,2020-09-23,29,28.861848831176758
0547780003,2020-09-24,32,32.2557258605957
0547780003,2020-09-25,39,38.59196090698242
0547780003,2020-09-26,81,81.22115325927734
0547780003,2020-09-27,51,51.37327194213867
0547780003,2020-09-28,78,77.74593353271484
0547780003,2020-09-29,61,60.858482360839844
0547780003,2020-09-30,54,53.69747543334961
0547780003,2020-10-01,51,50.73440933227539
0547780003,2020-10-02,51,50.869956970214844
0547780003,2020-10-03,59,58.59088134765625
0547780003,2020-10-04,50,50.488948822021484
0547780003,2020-10-05,48,48.16610336303711
0547780003,2020-10-06,45,45.26775360107422
0547780003,2020-10-07,46,46.227806091308594
0547780003,2020-10-08,43,42.937278747558594
0547780003,2020-10-09,40,40.35283660888672
0547780003,2020-10-10,47,47.31037902832031
0547780003,2020-10-11,54,54.491790771484375
0547780003,2020-10-12,45,45.42055892944336
0547780003,2020-10-13,47,46.608787536621094
0547780003,2020-10-14,51,51.3110466003418
0547780003,2020-10-15,54,53.63511276245117
0547780003,2020-10-16,51,51.25270080566406
0547780003,2020-10-17,54,53.649879455566406
0547780003,2020-10-18,54,53.70115280151367
0547780003,2020-10-19,53,53.143253326416016
0547780003,2020-10-20,51,51.266605377197266
0547780003,2020-10-21,55,54.5772819519043
0547780003,2020-10-22,59,59.047977447509766
0554450001,2020-09-23,16,15.788498878479004
0554450001,2020-09-24,16,15.563237190246582
0554450001,2020-09-25,16,16.015836715698242
0554450001,2020-09-26,22,22.254947662353516
0554450001,2020-09-27,20,19.63241958618164
0554450001,2020-09-28,25,24.97576332092285
0554450001,2020-09-29,22,22.422771453857422
0554450001,2020-09-30,22,21.60019874572754
0554450001,2020-10-01,20,19.894933700561523
0554450001,2020-10-02,19,19.359708786010742
0554450001,2020-10-03,23,22.707502365112305
0554450001,2020-10-04,19,18.590503692626953
0554450001,2020-10-05,19,18.552125930786133
0554450001,2020-10-06,19,19.253273010253906
0554450001,2020-10-07,20,19.682111740112305
0554450001,2020-10-08,20,19.59333038330078
0554450001,2020-10-09,19,18.870563507080078
0554450001,2020-10-10,19,19.47861671447754
0554450001,2020-10-11,18,17.82838249206543
0554450001,2020-10-12,18,18.365324020385742
0554450001,2020-10-13,18,18.468921661376953
0554450001,2020-10-14,20,19.65036964416504
0554450001,2020-10-15,20,19.60117530822754
0554450001,2020-10-16,19,19.29543113708496
0554450001,2020-10-17,21,20.566883087158203
0554450001,2020-10-18,17,17.024778366088867
0554450001,2020-10-19,18,18.118083953857422
0554450001,2020-10-20,19,18.839946746826172
0554450001,2020-10-21,20,19.663135528564453
0554450001,2020-10-22,22,21.740039825439453
0554450004,2020-09-23,5,5.250006675720215
0554450004,2020-09-24,5,4.610854625701904
0554450004,2020-09-25,4,4.223845958709717
0554450004,2020-09-26,8,7.6335344314575195
0554450004,2020-09-27,4,3.68849515914917
0554450004,2020-09-28,10,9.837440490722656
0554450004,2020-09-29,8,7.962921619415283
0554450004,2020-09-30,6,5.769138336181641
0554450004,2020-10-01,6,5.642109394073486
0554450004,2020-10-02,5,5.405211925506592
0554450004,2020-10-03,6,5.918946743011475
0554450004,2020-10-04,5,5.045513153076172
0554450004,2020-10-05,5,4.906567096710205
0554450004,2020-10-06,5,4.815885543823242
0554450004,2020-10-07,5,5.281158447265625
0554450004,2020-10-08,5,5.188443660736084
0554450004,2020-10-09,5,4.9548187255859375
0554450004,2020-10-10,5,5.033957004547119
0554450004,2020-10-11,5,4.525613784790039
0554450004,2020-10-12,4,4.388391971588135
0554450004,2020-10-13,4,4.430166244506836
0554450004,2020-10-14,5,4.981419563293457
0554450004,2020-10-15,5,4.667019367218018
0554450004,2020-10-16,4,4.291767120361328
0554450004,2020-10-17,4,4.3820481300354
0554450004,2020-10-18,4,3.9301533699035645
0554450004,2020-10-19,4,3.6924331188201904
0554450004,2020-10-20,4,3.8365797996520996
0554450004,2020-10-21,4,4.111739635467529
0554450004,2020-10-22,4,4.36747407913208
0554450019,2020-09-23,2,1.8038899898529053
0554450019,2020-09-24,1,1.4563430547714233
0554450019,2020-09-25,2,1.5058051347732544
0554450019,2020-09-26,5,4.565925121307373
0554450019,2020-09-27,1,1.4973891973495483
0554450019,2020-09-28,6,6.44506311416626
0554450019,2020-09-29,3,3.2231826782226562
0554450019,2020-09-30,2,1.7488762140274048
0554450019,2020-10-01,2,2.1859195232391357
0554450019,2020-10-02,2,2.210907459259033
0554450019,2020-10-03,2,2.483055353164673
0554450019,2020-10-04,2,2.0397491455078125
0554450019,2020-10-05,2,1.9778012037277222
0554450019,2020-10-06,2,1.8568748235702515
0554450019,2020-10-07,2,1.8586455583572388
0554450019,2020-10-08,2,1.5572434663772583
0554450019,2020-10-09,1,1.236066222190857
0554450019,2020-10-10,1,1.362531304359436
0554450019,2020-10-11,1,1.256420373916626
0554450019,2020-10-12,1,1.3045176267623901
0554450019,2020-10-13,1,1.3694144487380981
0554450019,2020-10-14,2,1.6262449026107788
0554450019,2020-10-15,1,1.2734404802322388
0554450019,2020-10-16,1,1.1478562355041504
0554450019,2020-10-17,1,1.195806622505188
0554450019,2020-10-18,1,1.1213383674621582
0554450019,2020-10-19,1,1.177506446838379
0554450019,2020-10-20,1,1.362952470779419
0554450019,2020-10-21,1,1.4194567203521729
0554450019,2020-10-22,2,1.512355923652649
0554450027,2020-09-23,7,6.543691158294678
0554450027,2020-09-24,6,6.194888114929199
0554450027,2020-09-25,6,6.012469291687012
0554450027,2020-09-26,9,9.041825294494629
0554450027,2020-09-27,5,5.0837883949279785
0554450027,2020-09-28,11,10.897863388061523
0554450027,2020-09-29,10,9.89405345916748
0554450027,2020-09-30,7,7.287728786468506
0554450027,2020-10-01,7,7.287034034729004
0554450027,2020-10-02,7,7.147778511047363
0554450027,2020-10-03,8,7.530447959899902
0554450027,2020-10-04,6,5.982178688049316
0554450027,2020-10-05,6,5.560295104980469
0554450027,2020-10-06,6,5.961549282073975
0554450027,2020-10-07,6,6.393792629241943
0554450027,2020-10-08,6,6.234565258026123
0554450027,2020-10-09,6,5.987889766693115
0554450027,2020-10-10,6,6.094648838043213
0554450027,2020-10-11,5,5.021904468536377
0554450027,2020-10-12,5,5.039247512817383
0554450027,2020-10-13,5,5.080987930297852
0554450027,2020-10-14,6,5.831140995025635
0554450027,2020-10-15,6,5.503215312957764
0554450027,2020-10-16,5,5.201180934906006
0554450027,2020-10-17,5,5.2819342613220215
0554450027,2020-10-18,5,4.7125163078308105
0554450027,2020-10-19,4,4.431232929229736
0554450027,2020-10-20,5,4.673574924468994
0554450027,2020-10-21,5,5.091444492340088
0554450027,2020-10-22,5,5.225121021270752
0554450036,2020-09-23,11,11.314620018005371
0554450036,2020-09-24,13,12.975287437438965
0554450036,2020-09-25,13,13.490726470947266
0554450036,2020-09-26,19,18.7503719329834
0554450036,2020-09-27,11,11.475106239318848
0554450036,2020-09-28,19,18.967029571533203
0554450036,2020-09-29,18,17.83755111694336
0554450036,2020-09-30,18,18.149517059326172
0554450036,2020-10-01,17,16.501956939697266
0554450036,2020-10-02,16,15.708011627197266
0554450036,2020-10-03,17,16.958354949951172
0554450036,2020-10-04,14,13.602738380432129
0554450036,2020-10-05,14,13.703137397766113
0554450036,2020-10-06,14,14.188149452209473
0554450036,2020-10-07,15,15.205273628234863
0554450036,2020-10-08,14,14.367951393127441
0554450036,2020-10-09,14,13.818062782287598
0554450036,2020-10-10,14,14.312386512756348
0554450036,2020-10-11,12,12.165945053100586
0554450036,2020-10-12,12,11.908431053161621
0554450036,2020-10-13,12,11.783459663391113
0554450036,2020-10-14,13,13.001983642578125
0554450036,2020-10-15,13,12.920757293701172
0554450036,2020-10-16,12,12.399826049804688
0554450036,2020-10-17,13,13.406264305114746
0554450036,2020-10-18,11,10.634568214416504
0554450036,2020-10-19,11,10.746529579162598
0554450036,2020-10-20,11,10.686868667602539
0554450036,2020-10-21,12,11.77192211151123
0554450036,2020-10-22,13,12.67349624633789
0554477005,2020-09-23,2,2.215263605117798
0554477005,2020-09-24,2,1.7833104133605957
0554477005,2020-09-25,2,1.5758200883865356
0554477005,2020-09-26,5,4.635941028594971
0554477005,2020-09-27,2,1.718553900718689
0554477005,2020-09-28,7,6.671046733856201
0554477005,2020-09-29,3,3.378631830215454
0554477005,2020-09-30,2,1.851483702659607
0554477005,2020-10-01,2,2.28554368019104
0554477005,2020-10-02,2,2.3532204627990723
0554477005,2020-10-03,3,2.625368356704712
0554477005,2020-10-04,2,2.083799362182617
0554477005,2020-10-05,2,2.1569859981536865
0554477005,2020-10-06,2,2.2043745517730713
0554477005,2020-10-07,2,2.3176729679107666
0554477005,2020-10-08,2,2.0273277759552
0554477005,2020-10-09,2,1.7682805061340332
0554477005,2020-10-10,2,1.7074099779129028
0554477005,2020-10-11,1,1.4478707313537598
0554477005,2020-10-12,1,1.3618042469024658
0554477005,2020-10-13,2,1.5009983777999878
0554477005,2020-10-14,2,1.774978518486023
0554477005,2020-10-15,1,1.399356484413147
0554477005,2020-10-16,1,1.2329018115997314
0554477005,2020-10-17,1,1.238552212715149
0554477005,2020-10-18,1,1.1417126655578613
0554477005,2020-10-19,1,1.197880744934082
0554477005,2020-10-20,1,1.383326530456543
0554477005,2020-10-21,1,1.439831018447876
0554477005,2020-10-22,2,1.532729983329773
0554479001,2020-09-23,2,1.8365857601165771
0554479001,2020-09-24,1,1.489038109779358
0554479001,2020-09-25,2,1.538500189781189
0554479001,2020-09-26,5,4.5798420906066895
0554479001,2020-09-27,2,1.5113071203231812
0554479001,2020-09-28,6,6.44506311416626
0554479001,2020-09-29,3,3.2384541034698486
0554479001,2020-09-30,2,1.7488762140274048
0554479001,2020-10-01,2,2.1859195232391357
0554479001,2020-10-02,2,2.210907459259033
0554479001,2020-10-03,2,2.483055353164673
0554479001,2020-10-04,2,2.0397491455078125
0554479001,2020-10-05,2,1.9778012037277222
0554479001,2020-10-06,2,1.8568748235702515
0554479001,2020-10-07,2,1.8586455583572388
0554479001,2020-10-08,2,1.5572434663772583
0554479001,2020-10-09,1,1.236066222190857
0554479001,2020-10-10,1,1.362531304359436
0554479001,2020-10-11,1,1.256420373916626
0554479001,2020-10-12,1,1.3045176267623901
0554479001,2020-10-13,1,1.3694144487380981
0554479001,2020-10-14,2,1.6262449026107788
0554479001,2020-10-15,1,1.2734404802322388
0554479001,2020-10-16,1,1.1478562355041504
0554479001,2020-10-17,1,1.195806622505188
0554479001,2020-10-18,1,1.1213383674621582
0554479001,2020-10-19,1,1.177506446838379
0554479001,2020-10-20,1,1.362952470779419
0554479001,2020-10-21,1,1.4194567203521729
0554479001,2020-10-22,2,1.512355923652649
0554479005,2020-09-23,2,1.7918503284454346
0554479005,2020-09-24,1,1.4443026781082153
0554479005,2020-09-25,1,1.4749866724014282
0554479005,2020-09-26,5,4.535106658935547
0554479005,2020-09-27,1,1.480735182762146
0554479005,2020-09-28,6,6.433022975921631
0554479005,2020-09-29,3,3.1784470081329346
0554479005,2020-09-30,2,1.6822179555892944
0554479005,2020-10-01,2,2.0936625003814697
0554479005,2020-10-02,2,2.0827298164367676
0554479005,2020-10-03,2,2.4383199214935303
0554479005,2020-10-04,2,1.9929943084716797
0554479005,2020-10-05,2,1.7943475246429443
0554479005,2020-10-06,2,1.8121393918991089
0554479005,2020-10-07,2,1.6818338632583618
0554479005,2020-10-08,1,1.380431056022644
0554479005,2020-10-09,1,1.1472805738449097
0554479005,2020-10-10,1,1.3177958726882935
0554479005,2020-10-11,1,1.2279366254806519
0554479005,2020-10-12,1,1.242836356163025
0554479005,2020-10-13,1,1.2823790311813354
0554479005,2020-10-14,2,1.5815094709396362
0554479005,2020-10-15,1,1.2287050485610962
0554479005,2020-10-16,1,1.1031208038330078
0554479005,2020-10-17,1,1.1510711908340454
0554479005,2020-10-18,1,1.090766191482544
0554479005,2020-10-19,1,1.1327710151672363
0554479005,2020-10-20,1,1.3182170391082764
0554479005,2020-10-21,1,1.3747212886810303
0554479005,2020-10-22,1,1.4676204919815063
0554598001,2020-09-23,20,20.120939254760742
0554598001,2020-09-24,22,22.23021697998047
0554598001,2020-09-25,24,23.924571990966797
0554598001,2020-09-26,37,37.046138763427734
0554598001,2020-09-27,39,39.442604064941406
0554598001,2020-09-28,42,42.33552551269531
0554598001,2020-09-29,35,34.707611083984375
0554598001,2020-09-30,32,31.85462188720703
0554598001,2020-10-01,31,31.31136703491211
0554598001,2020-10-02,32,31.96311378479004
0554598001,2020-10-03,39,38.906803131103516
0554598001,2020-10-04,33,32.88484573364258
0554598001,2020-10-05,30,30.08912467956543
0554598001,2020-10-06,27,27.35686492919922
0554598001,2020-10-07,29,28.877595901489258
0554598001,2020-10-08,28,27.989933013916016
0554598001,2020-10-09,27,26.852941513061523
0554598001,2020-10-10,31,30.681194305419922
0554598001,2020-10-11,26,25.97394561767578
0554598001,2020-10-12,27,26.788116455078125
0554598001,2020-10-13,24,24.46125030517578
0554598001,2020-10-14,27,26.66854476928711
0554598001,2020-10-15,26,26.499465942382812
0554598001,2020-10-16,27,26.82483673095703
0554598001,2020-10-17,29,29.006267547607422
0554598001,2020-10-18,26,25.509288787841797
0554598001,2020-10-19,25,25.230377197265625
0554598001,2020-10-20,25,24.51441764831543
0554598001,2020-10-21,26,25.564254760742188
0554598001,2020-10-22,29,29.38629913330078
0554598003,2020-09-23,6,6.147958278656006
0554598003,2020-09-24,7,6.984440803527832
0554598003,2020-09-25,7,6.931446552276611
0554598003,2020-09-26,10,10.02636432647705
0554598003,2020-09-27,6,5.56785774230957
0554598003,2020-09-28,12,11.859272003173828
0554598003,2020-09-29,11,10.515527725219727
0554598003,2020-09-30,11,11.022322654724121
0554598003,2020-10-01,9,9.396525382995605
0554598003,2020-10-02,9,8.584275245666504
0554598003,2020-10-03,9,9.071172714233398
0554598003,2020-10-04,7,7.221679210662842
0554598003,2020-10-05,7,7.434993267059326
0554598003,2020-10-06,8,7.626009941101074
0554598003,2020-10-07,8,8.202290534973145
0554598003,2020-10-08,8,8.129154205322266
0554598003,2020-10-09,8,7.6772990226745605
0554598003,2020-10-10,8,7.694392204284668
0554598003,2020-10-11,6,6.3072333335876465
0554598003,2020-10-12,6,6.230340957641602
0554598003,2020-10-13,6,6.307332992553711
0554598003,2020-10-14,7,7.137620449066162
0554598003,2020-10-15,7,7.00278377532959
0554598003,2020-10-16,7,6.83040189743042
0554598003,2020-10-17,7,6.693264484405518
0554598003,2020-10-18,6,5.706430912017822
0554598003,2020-10-19,6,5.502073287963867
0554598003,2020-10-20,5,5.489371299743652
0554598003,2020-10-21,6,6.018947601318359
0554598003,2020-10-22,7,6.583515644073486
0554598047,2020-09-23,6,5.521698474884033
0554598047,2020-09-24,5,5.445485591888428
0554598047,2020-09-25,6,5.63730525970459
0554598047,2020-09-26,9,8.86635971069336
0554598047,2020-09-27,5,4.758316993713379
0554598047,2020-09-28,10,10.46457290649414
0554598047,2020-09-29,10,9.541577339172363
0554598047,2020-09-30,7,6.896804332733154
0554598047,2020-10-01,7,6.63981294631958
0554598047,2020-10-02,7,6.503433704376221
0554598047,2020-10-03,7,7.04196834564209
0554598047,2020-10-04,6,5.7329020500183105
0554598047,2020-10-05,5,5.463475704193115
0554598047,2020-10-06,6,5.527484893798828
0554598047,2020-10-07,6,5.989487648010254
0554598047,2020-10-08,6,5.535507678985596
0554598047,2020-10-09,5,5.3023576736450195
0554598047,2020-10-10,6,5.535608291625977
0554598047,2020-10-11,5,4.851871490478516
0554598047,2020-10-12,5,4.526793956756592
0554598047,2020-10-13,5,4.74169397354126
0554598047,2020-10-14,5,5.423171043395996
0554598047,2020-10-15,5,5.155136585235596
0554598047,2020-10-16,5,5.043076992034912
0554598047,2020-10-17,5,5.133835792541504
0554598047,2020-10-18,4,4.364388465881348
0554598047,2020-10-19,4,4.277617454528809
0554598047,2020-10-20,4,4.483654022216797
0554598047,2020-10-21,5,4.787640571594238
0554598047,2020-10-22,5,4.799882411956787
0554772002,2020-09-23,2,1.773071527481079
0554772002,2020-09-24,1,1.4255245923995972
0554772002,2020-09-25,1,1.4610697031021118
0554772002,2020-09-26,5,4.5211896896362305
0554772002,2020-09-27,1,1.480735182762146
0554772002,2020-09-28,6,6.400327682495117
0554772002,2020-09-29,3,3.1784470081329346
0554772002,2020-09-30,2,1.6822179555892944
0554772002,2020-10-01,2,2.0936625003814697
0554772002,2020-10-02,2,2.0827298164367676
0554772002,2020-10-03,2,2.4383199214935303
0554772002,2020-10-04,2,1.9929943084716797
0554772002,2020-10-05,2,1.7943475246429443
0554772002,2020-10-06,2,1.8121393918991089
0554772002,2020-10-07,2,1.6818338632583618
0554772002,2020-10-08,1,1.380431056022644
0554772002,2020-10-09,1,1.1472805738449097
0554772002,2020-10-10,1,1.3177958726882935
0554772002,2020-10-11,1,1.2279366254806519
0554772002,2020-10-12,1,1.242836356163025
0554772002,2020-10-13,1,1.2823790311813354
0554772002,2020-10-14,2,1.5815094709396362
0554772002,2020-10-15,1,1.2287050485610962
0554772002,2020-10-16,1,1.1031208038330078
0554772002,2020-10-17,1,1.1510711908340454
0554772002,2020-10-18,1,1.090766191482544
0554772002,2020-10-19,1,1.1327710151672363
0554772002,2020-10-20,1,1.3182170391082764
0554772002,2020-10-21,1,1.3747212886810303
0554772002,2020-10-22,1,1.4676204919815063
0556539001,2020-09-23,13,13.08590316772461
0556539001,2020-09-24,15,14.791396141052246
0556539001,2020-09-25,16,15.671582221984863
0556539001,2020-09-26,22,21.60565948486328
0556539001,2020-09-27,14,13.581379890441895
0556539001,2020-09-28,21,20.713464736938477
0556539001,2020-09-29,19,19.29336166381836
0556539001,2020-09-30,20,20.264389038085938
0556539001,2020-10-01,18,18.275129318237305
0556539001,2020-10-02,17,17.318843841552734
0556539001,2020-10-03,21,20.56003189086914
0556539001,2020-10-04,15,15.236297607421875
0556539001,2020-10-05,15,14.849980354309082
0556539001,2020-10-06,15,15.192307472229004
0556539001,2020-10-07,16,16.144956588745117
0556539001,2020-10-08,16,15.713845252990723
0556539001,2020-10-09,15,15.044891357421875
0556539001,2020-10-10,17,16.58561134338379
0556539001,2020-10-11,14,13.815345764160156
0556539001,2020-10-12,13,13.193239212036133
0556539001,2020-10-13,13,13.343276977539062
0556539001,2020-10-14,14,14.26135540008545
0556539001,2020-10-15,14,14.169519424438477
0556539001,2020-10-16,14,13.88868522644043
0556539001,2020-10-17,14,14.40437126159668
0556539001,2020-10-18,12,11.907829284667969
0556539001,2020-10-19,11,11.271831512451172
0556539001,2020-10-20,12,11.7530517578125
0556539001,2020-10-21,13,13.181550979614258
0556539001,2020-10-22,14,14.473340034484863
0556539003,2020-09-23,11,11.345165252685547
0556539003,2020-09-24,11,10.78979778289795
0556539003,2020-09-25,13,12.506484031677246
0556539003,2020-09-26,16,15.560331344604492
0556539003,2020-09-27,9,8.951441764831543
0556539003,2020-09-28,15,15.304753303527832
0556539003,2020-09-29,15,14.866318702697754
0556539003,2020-09-30,15,15.005472183227539
0556539003,2020-10-01,13,13.075811386108398
0556539003,2020-10-02,13,12.792405128479004
0556539003,2020-10-03,13,13.180704116821289
0556539003,2020-10-04,10,10.279282569885254
0556539003,2020-10-05,11,10.601813316345215
0556539003,2020-10-06,11,11.009185791015625
0556539003,2020-10-07,12,12.373091697692871
0556539003,2020-10-08,12,11.51978588104248
0556539003,2020-10-09,11,11.431406021118164
0556539003,2020-10-10,12,12.0333251953125
0556539003,2020-10-11,9,9.240562438964844
0556539003,2020-10-12,9,9.298017501831055
0556539003,2020-10-13,10,9.638575553894043
0556539003,2020-10-14,11,11.09970474243164
0556539003,2020-10-15,11,10.892727851867676
0556539003,2020-10-16,10,10.477018356323242
0556539003,2020-10-17,11,10.76863956451416
0556539003,2020-10-18,8,8.419262886047363
0556539003,2020-10-19,8,8.408162117004395
0556539003,2020-10-20,9,8.709738731384277
0556539003,2020-10-21,10,9.809447288513184
0556539003,2020-10-22,10,10.28569221496582
0557599022,2020-09-23,13,12.844264030456543
0557599022,2020-09-24,14,13.685023307800293
0557599022,2020-09-25,15,14.881048202514648
0557599022,2020-09-26,18,18.35675621032715
0557599022,2020-09-27,14,14.064281463623047
0557599022,2020-09-28,21,20.865554809570312
0557599022,2020-09-29,19,19.104951858520508
0557599022,2020-09-30,19,19.231626510620117
0557599022,2020-10-01,17,17.18092918395996
0557599022,2020-10-02,17,16.916950225830078
0557599022,2020-10-03,19,18.976110458374023
0557599022,2020-10-04,15,15.3838472366333
0557599022,2020-10-05,15,14.923995971679688
0557599022,2020-10-06,14,14.303369522094727
0557599022,2020-10-07,15,15.26036262512207
0557599022,2020-10-08,15,14.983610153198242
0557599022,2020-10-09,15,14.702646255493164
0557599022,2020-10-10,15,15.414700508117676
0557599022,2020-10-11,13,12.944774627685547
0557599022,2020-10-12,12,12.470178604125977
0557599022,2020-10-13,13,12.674674987792969
0557599022,2020-10-14,13,13.4605073928833
0557599022,2020-10-15,13,13.39973258972168
0557599022,2020-10-16,14,13.640996932983398
0557599022,2020-10-17,13,13.433098793029785
0557599022,2020-10-18,12,11.738670349121094
0557599022,2020-10-19,11,10.856011390686035
0557599022,2020-10-20,11,11.237070083618164
0557599022,2020-10-21,13,12.623008728027344
0557599022,2020-10-22,13,13.458283424377441
0557994003,2020-09-23,4,4.444387912750244
0557994003,2020-09-24,4,4.080871105194092
0557994003,2020-09-25,4,4.410187244415283
0557994003,2020-09-26,7,7.230808258056641
0557994003,2020-09-27,4,3.676135540008545
0557994003,2020-09-28,9,9.30482292175293
0557994003,2020-09-29,8,7.664859771728516
0557994003,2020-09-30,5,5.452580451965332
0557994003,2020-10-01,5,5.267552375793457
0557994003,2020-10-02,5,5.418737411499023
0557994003,2020-10-03,6,5.708365440368652
0557994003,2020-10-04,5,4.694746971130371
0557994003,2020-10-05,5,4.5089616775512695
0557994003,2020-10-06,5,4.657075881958008
0557994003,2020-10-07,5,5.128851413726807
0557994003,2020-10-08,5,5.052769184112549
0557994003,2020-10-09,5,4.806093692779541
0557994003,2020-10-10,5,4.817058563232422
0557994003,2020-10-11,4,4.266539096832275
0557994003,2020-10-12,4,4.253194332122803
0557994003,2020-10-13,4,4.14835786819458
0557994003,2020-10-14,5,4.690131664276123
0557994003,2020-10-15,4,4.375256538391113
0557994003,2020-10-16,4,4.250146389007568
0557994003,2020-10-17,4,4.228511810302734
0557994003,2020-10-18,4,3.7766170501708984
0557994003,2020-10-19,4,3.5593440532684326
0557994003,2020-10-20,4,3.765381097793579
0557994003,2020-10-21,4,4.050533771514893
0557994003,2020-10-22,4,4.353114604949951
0559616001,2020-09-23,2,1.8535308837890625
0559616001,2020-09-24,1,1.489038109779358
0559616001,2020-09-25,2,1.5554460287094116
0559616001,2020-09-26,5,4.598620414733887
0559616001,2020-09-27,2,1.5113071203231812
0559616001,2020-09-28,6,6.477758407592773
0559616001,2020-09-29,3,3.2231826782226562
0559616001,2020-09-30,2,1.7963978052139282
0559616001,2020-10-01,2,2.1859195232391357
0559616001,2020-10-02,2,2.227090358734131
0559616001,2020-10-03,3,2.625368356704712
0559616001,2020-10-04,2,2.0397491455078125
0559616001,2020-10-05,2,1.9778012037277222
0559616001,2020-10-06,2,1.8827728033065796
0559616001,2020-10-07,2,1.8586455583572388
0559616001,2020-10-08,2,1.5572434663772583
0559616001,2020-10-09,1,1.3240934610366821
0559616001,2020-10-10,1,1.4065815210342407
0559616001,2020-10-11,1,1.2954206466674805
0559616001,2020-10-12,1,1.3045176267623901
0559616001,2020-10-13,1,1.3694144487380981
0559616001,2020-10-14,2,1.6262449026107788
0559616001,2020-10-15,1,1.2734404802322388
0559616001,2020-10-16,1,1.1478562355041504
0559616001,2020-10-17,1,1.195806622505188
0559616001,2020-10-18,1,1.1213383674621582
0559616001,2020-10-19,1,1.177506446838379
0559616001,2020-10-20,1,1.362952470779419
0559616001,2020-10-21,1,1.4194567203521729
0559616001,2020-10-22,2,1.512355923652649
0559616013,2020-09-23,3,2.633620262145996
0559616013,2020-09-24,2,2.243820905685425
0559616013,2020-09-25,2,2.2365708351135254
0559616013,2020-09-26,5,5.310863971710205
0559616013,2020-09-27,2,2.2232847213745117
0559616013,2020-09-28,8,7.833732604980469
0559616013,2020-09-29,4,4.033484935760498
0559616013,2020-09-30,3,2.9972949028015137
0559616013,2020-10-01,3,3.1164004802703857
0559616013,2020-10-02,3,3.206108570098877
0559616013,2020-10-03,4,3.8303864002227783
0559616013,2020-10-04,3,3.1357102394104004
0559616013,2020-10-05,3,3.1281118392944336
0559616013,2020-10-06,3,2.9931187629699707
0559616013,2020-10-07,3,3.071897506713867
0559616013,2020-10-08,3,2.98409366607666
0559616013,2020-10-09,3,2.5240933895111084
0559616013,2020-10-10,3,2.7259607315063477
0559616013,2020-10-11,3,2.5510027408599854
0559616013,2020-10-12,2,2.3752903938293457
0559616013,2020-10-13,2,2.451878786087036
0559616013,2020-10-14,3,2.7557828426361084
0559616013,2020-10-15,2,2.2638282775878906
0559616013,2020-10-16,2,2.1136810779571533
0559616013,2020-10-17,2,2.2649941444396973
0559616013,2020-10-18,2,2.111056327819824
0559616013,2020-10-19,2,1.9154601097106934
0559616013,2020-10-20,2,1.900451898574829
0559616013,2020-10-21,2,1.9356601238250732
0559616013,2020-10-22,2,1.9310476779937744
0559630013,2020-09-23,2,1.8680332899093628
0559630013,2020-09-24,2,1.5204863548278809
0559630013,2020-09-25,2,1.5288729667663574
0559630013,2020-09-26,5,4.551269054412842
0559630013,2020-09-27,2,1.5523587465286255
0559630013,2020-09-28,7,6.600830554962158
0559630013,2020-09-29,3,3.230483055114746
0559630013,2020-09-30,2,1.7335214614868164
0559630013,2020-10-01,2,2.232193946838379
0559630013,2020-10-02,2,2.232619285583496
0559630013,2020-10-03,3,2.670914888381958
0559630013,2020-10-04,2,2.137148857116699
0559630013,2020-10-05,2,2.009803295135498
0559630013,2020-10-06,2,2.0831453800201416
0559630013,2020-10-07,2,2.2547659873962402
0559630013,2020-10-08,2,1.9600414037704468
0559630013,2020-10-09,1,1.4736926555633545
0559630013,2020-10-10,2,1.5261814594268799
0559630013,2020-10-11,1,1.3788467645645142
0559630013,2020-10-12,1,1.387342929840088
0559630013,2020-10-13,1,1.4790159463882446
0559630013,2020-10-14,2,1.753324031829834
0559630013,2020-10-15,1,1.3835737705230713
0559630013,2020-10-16,1,1.1911267042160034
0559630013,2020-10-17,1,1.241319179534912
0559630013,2020-10-18,1,1.1928240060806274
0559630013,2020-10-19,1,1.1985969543457031
0559630013,2020-10-20,1,1.3840429782867432
0559630013,2020-10-21,1,1.437462329864502
0559630013,2020-10-22,2,1.5390713214874268
0559630026,2020-09-23,3,2.617171049118042
0559630026,2020-09-24,2,2.306075096130371
0559630026,2020-09-25,2,2.2343180179595947
0559630026,2020-09-26,6,5.556018352508545
0559630026,2020-09-27,2,2.3267810344696045
0559630026,2020-09-28,8,8.219301223754883
0559630026,2020-09-29,5,5.013813018798828
0559630026,2020-09-30,4,3.5231311321258545
0559630026,2020-10-01,4,3.6524949073791504
0559630026,2020-10-02,3,3.4891579151153564
0559630026,2020-10-03,4,4.00106143951416
0559630026,2020-10-04,4,3.5576303005218506
0559630026,2020-10-05,3,3.258661985397339
0559630026,2020-10-06,3,3.212026834487915
0559630026,2020-10-07,3,3.4566617012023926
0559630026,2020-10-08,3,3.116259813308716
0559630026,2020-10-09,3,2.888172149658203
0559630026,2020-10-10,3,2.9142024517059326
0559630026,2020-10-11,3,2.6731672286987305
0559630026,2020-10-12,2,2.3989646434783936
0559630026,2020-10-13,2,2.472506046295166
0559630026,2020-10-14,3,2.849259614944458
0559630026,2020-10-15,3,2.663994073867798
0559630026,2020-10-16,2,2.375502109527588
0559630026,2020-10-17,2,2.246347188949585
0559630026,2020-10-18,2,2.11429762840271
0559630026,2020-10-19,2,2.0352652072906494
0559630026,2020-10-20,2,2.2089006900787354
0559630026,2020-10-21,2,2.254397392272949
0559630026,2020-10-22,2,2.3242478370666504
0559633001,2020-09-23,2,1.8133004903793335
0559633001,2020-09-24,1,1.4657535552978516
0559633001,2020-09-25,1,1.4948163032531738
0559633001,2020-09-26,5,4.539669513702393
0559633001,2020-09-27,1,1.4668172597885132
0559633001,2020-09-28,6,6.400327682495117
0559633001,2020-09-29,3,3.1784470081329346
0559633001,2020-09-30,2,1.6822179555892944
0559633001,2020-10-01,2,2.0936625003814697
0559633001,2020-10-02,2,2.0827298164367676
0559633001,2020-10-03,2,2.4383199214935303
0559633001,2020-10-04,2,1.9929943084716797
0559633001,2020-10-05,2,1.7943475246429443
0559633001,2020-10-06,2,1.8121393918991089
0559633001,2020-10-07,2,1.6818338632583618
0559633001,2020-10-08,1,1.380431056022644
0559633001,2020-10-09,1,1.1472805738449097
0559633001,2020-10-10,1,1.3177958726882935
0559633001,2020-10-11,1,1.2279366254806519
0559633001,2020-10-12,1,1.242836356163025
0559633001,2020-10-13,1,1.2823790311813354
0559633001,2020-10-14,2,1.5815094709396362
0559633001,2020-10-15,1,1.2287050485610962
0559633001,2020-10-16,1,1.1031208038330078
0559633001,2020-10-17,1,1.1510711908340454
0559633001,2020-10-18,1,1.090766191482544
0559633001,2020-10-19,1,1.1327710151672363
0559633001,2020-10-20,1,1.3182170391082764
0559633001,2020-10-21,1,1.3747212886810303
0559633001,2020-10-22,1,1.4676204919815063
0561445005,2020-09-23,2,1.856959342956543
0561445005,2020-09-24,1,1.489038109779358
0561445005,2020-09-25,2,1.538500189781189
0561445005,2020-09-26,5,4.598620414733887
0561445005,2020-09-27,2,1.5113071203231812
0561445005,2020-09-28,6,6.44506311416626
0561445005,2020-09-29,3,3.2231826782226562
0561445005,2020-09-30,2,1.7963978052139282
0561445005,2020-10-01,2,2.1383979320526123
0561445005,2020-10-02,2,2.210907459259033
0561445005,2020-10-03,2,2.483055353164673
0561445005,2020-10-04,2,2.0397491455078125
0561445005,2020-10-05,2,1.9778012037277222
0561445005,2020-10-06,2,1.8568748235702515
0561445005,2020-10-07,2,1.8586455583572388
0561445005,2020-10-08,2,1.5572434663772583
0561445005,2020-10-09,1,1.236066222190857
0561445005,2020-10-10,1,1.362531304359436
0561445005,2020-10-11,1,1.256420373916626
0561445005,2020-10-12,1,1.3045176267623901
0561445005,2020-10-13,1,1.3694144487380981
0561445005,2020-10-14,2,1.6262449026107788
0561445005,2020-10-15,1,1.2734404802322388
0561445005,2020-10-16,1,1.1478562355041504
0561445005,2020-10-17,1,1.195806622505188
0561445005,2020-10-18,1,1.1213383674621582
0561445005,2020-10-19,1,1.177506446838379
0561445005,2020-10-20,1,1.362952470779419
0561445005,2020-10-21,1,1.4194567203521729
0561445005,2020-10-22,2,1.512355923652649
0561445006,2020-09-23,2,1.8234864473342896
0561445006,2020-09-24,1,1.4759390354156494
0561445006,2020-09-25,2,1.5254011154174805
0561445006,2020-09-26,5,4.622382164001465
0561445006,2020-09-27,2,1.6466408967971802
0561445006,2020-09-28,6,6.458981037139893
0561445006,2020-09-29,3,3.2231826782226562
0561445006,2020-09-30,2,1.7963978052139282
0561445006,2020-10-01,2,2.1859195232391357
0561445006,2020-10-02,2,2.210907459259033
0561445006,2020-10-03,3,2.625368356704712
0561445006,2020-10-04,2,2.0397491455078125
0561445006,2020-10-05,2,1.9778012037277222
0561445006,2020-10-06,2,1.8827728033065796
0561445006,2020-10-07,2,1.8790174722671509
0561445006,2020-10-08,2,1.5776158571243286
0561445006,2020-10-09,1,1.3444658517837524
0561445006,2020-10-10,1,1.4269555807113647
0561445006,2020-10-11,1,1.3157949447631836
0561445006,2020-10-12,1,1.3045176267623901
0561445006,2020-10-13,1,1.3694144487380981
0561445006,2020-10-14,2,1.6262449026107788
0561445006,2020-10-15,1,1.2734404802322388
0561445006,2020-10-16,1,1.1478562355041504
0561445006,2020-10-17,1,1.195806622505188
0561445006,2020-10-18,1,1.1213383674621582
0561445006,2020-10-19,1,1.177506446838379
0561445006,2020-10-20,1,1.362952470779419
0561445006,2020-10-21,1,1.4194567203521729
0561445006,2020-10-22,2,1.512355923652649
0562245001,2020-09-23,3,2.7065372467041016
0562245001,2020-09-24,3,2.50723934173584
0562245001,2020-09-25,2,2.440676689147949
0562245001,2020-09-26,6,5.5333452224731445
0562245001,2020-09-27,2,2.260043144226074
0562245001,2020-09-28,8,7.979427337646484
0562245001,2020-09-29,4,4.0526604652404785
0562245001,2020-09-30,3,3.0862040519714355
0562245001,2020-10-01,3,3.4123764038085938
0562245001,2020-10-02,3,3.3516359329223633
0562245001,2020-10-03,4,3.8144304752349854
0562245001,2020-10-04,3,3.021054744720459
0562245001,2020-10-05,3,3.108992576599121
0562245001,2020-10-06,3,2.939436435699463
0562245001,2020-10-07,3,3.0268681049346924
0562245001,2020-10-08,3,2.867285966873169
0562245001,2020-10-09,2,2.479562520980835
0562245001,2020-10-10,3,2.6314501762390137
0562245001,2020-10-11,2,2.4046390056610107
0562245001,2020-10-12,2,2.3204684257507324
0562245001,2020-10-13,2,2.2979207038879395
0562245001,2020-10-14,3,2.5860116481781006
0562245001,2020-10-15,2,2.2183663845062256
0562245001,2020-10-16,2,2.0195534229278564
0562245001,2020-10-17,2,2.1462526321411133
0562245001,2020-10-18,2,1.9116668701171875
0562245001,2020-10-19,2,1.6498675346374512
0562245001,2020-10-20,2,1.7290904521942139
0562245001,2020-10-21,2,1.811431884765625
0562245001,2020-10-22,2,1.8001235723495483
0562245004,2020-09-23,2,1.7591545581817627
0562245004,2020-09-24,1,1.4116076231002808
0562245004,2020-09-25,1,1.4610697031021118
0562245004,2020-09-26,5,4.5211896896362305
0562245004,2020-09-27,1,1.4668172597885132
0562245004,2020-09-28,6,6.400327682495117
0562245004,2020-09-29,3,3.1784470081329346
0562245004,2020-09-30,2,1.6822179555892944
0562245004,2020-10-01,2,2.0936625003814697
0562245004,2020-10-02,2,2.035208225250244
0562245004,2020-10-03,2,2.4383199214935303
0562245004,2020-10-04,2,1.9929943084716797
0562245004,2020-10-05,2,1.7943475246429443
0562245004,2020-10-06,2,1.8121393918991089
0562245004,2020-10-07,2,1.6818338632583618
0562245004,2020-10-08,1,1.380431056022644
0562245004,2020-10-09,1,1.1472805738449097
0562245004,2020-10-10,1,1.337516188621521
0562245004,2020-10-11,1,1.2476569414138794
0562245004,2020-10-12,1,1.2625566720962524
0562245004,2020-10-13,1,1.302099585533142
0562245004,2020-10-14,2,1.6012297868728638
0562245004,2020-10-15,1,1.2484256029129028
0562245004,2020-10-16,1,1.1228413581848145
0562245004,2020-10-17,1,1.170791745185852
0562245004,2020-10-18,1,1.1104867458343506
0562245004,2020-10-19,1,1.177506446838379
0562245004,2020-10-20,1,1.362952470779419
0562245004,2020-10-21,1,1.4194567203521729
0562245004,2020-10-22,2,1.512355923652649
0562245018,2020-09-23,7,7.4781670570373535
0562245018,2020-09-24,7,7.258407115936279
0562245018,2020-09-25,7,7.103347301483154
0562245018,2020-09-26,10,10.279671669006348
0562245018,2020-09-27,7,6.784123420715332
0562245018,2020-09-28,12,12.169553756713867
0562245018,2020-09-29,12,11.78848934173584
0562245018,2020-09-30,11,11.479463577270508
0562245018,2020-10-01,10,9.605683326721191
0562245018,2020-10-02,9,8.814155578613281
0562245018,2020-10-03,9,9.308547019958496
0562245018,2020-10-04,8,7.649190902709961
0562245018,2020-10-05,7,7.3553643226623535
0562245018,2020-10-06,8,7.852149963378906
0562245018,2020-10-07,8,8.188966751098633
0562245018,2020-10-08,8,8.10065746307373
0562245018,2020-10-09,8,7.742550373077393
0562245018,2020-10-10,8,7.699564456939697
0562245018,2020-10-11,6,6.442533016204834
0562245018,2020-10-12,6,6.272977352142334
0562245018,2020-10-13,6,6.439803600311279
0562245018,2020-10-14,7,7.11785888671875
0562245018,2020-10-15,7,7.0119805335998535
0562245018,2020-10-16,7,6.847802639007568
0562245018,2020-10-17,7,6.679738998413086
0562245018,2020-10-18,6,5.729153156280518
0562245018,2020-10-19,6,5.571369647979736
0562245018,2020-10-20,5,5.499042987823486
0562245018,2020-10-21,6,6.028144359588623
0562245018,2020-10-22,7,6.617520332336426
0562245046,2020-09-23,34,34.16073226928711
0562245046,2020-09-24,42,41.73726272583008
0562245046,2020-09-25,45,45.24053192138672
0562245046,2020-09-26,89,88.82960510253906
0562245046,2020-09-27,56,55.862892150878906
0562245046,2020-09-28,87,86.86134338378906
0562245046,2020-09-29,74,73.76185607910156
0562245046,2020-09-30,74,74.38570404052734
0562245046,2020-10-01,66,65.93984985351562
0562245046,2020-10-02,60,60.1551399230957
0562245046,2020-10-03,69,68.74617004394531
0562245046,2020-10-04,60,59.57242202758789
0562245046,2020-10-05,55,55.36669158935547
0562245046,2020-10-06,55,55.05564880371094
0562245046,2020-10-07,56,55.72411346435547
0562245046,2020-10-08,51,50.99297332763672
0562245046,2020-10-09,47,46.54216384887695
0562245046,2020-10-10,52,52.346656799316406
0562245046,2020-10-11,59,59.219215393066406
0562245046,2020-10-12,52,51.7769775390625
0562245046,2020-10-13,46,46.442386627197266
0562245046,2020-10-14,52,52.0035514831543
0562245046,2020-10-15,54,53.86454391479492
0562245046,2020-10-16,51,51.14793395996094
0562245046,2020-10-17,57,56.708316802978516
0562245046,2020-10-18,52,52.10108184814453
0562245046,2020-10-19,51,50.504703521728516
0562245046,2020-10-20,50,49.84042739868164
0562245046,2020-10-21,55,55.164764404296875
0562245046,2020-10-22,64,64.3920669555664
0562245050,2020-09-23,3,2.542717456817627
0562245050,2020-09-24,2,2.3765182495117188
0562245050,2020-09-25,2,2.4280686378479004
0562245050,2020-09-26,6,5.689956188201904
0562245050,2020-09-27,2,2.244933605194092
0562245050,2020-09-28,8,7.854758262634277
0562245050,2020-09-29,4,4.0526604652404785
0562245050,2020-09-30,3,3.0862040519714355
0562245050,2020-10-01,3,3.4119009971618652
0562245050,2020-10-02,3,3.4305830001831055
0562245050,2020-10-03,4,3.8515450954437256
0562245050,2020-10-04,3,3.021054744720459
0562245050,2020-10-05,3,3.133056163787842
0562245050,2020-10-06,3,2.9389612674713135
0562245050,2020-10-07,3,3.0268681049346924
0562245050,2020-10-08,3,2.867285966873169
0562245050,2020-10-09,2,2.479562520980835
0562245050,2020-10-10,3,2.6183996200561523
0562245050,2020-10-11,2,2.4046390056610107
0562245050,2020-10-12,2,2.3335187435150146
0562245050,2020-10-13,2,2.2979207038879395
0562245050,2020-10-14,3,2.599061965942383
0562245050,2020-10-15,2,2.2183663845062256
0562245050,2020-10-16,2,2.0326035022735596
0562245050,2020-10-17,2,2.159778118133545
0562245050,2020-10-18,2,1.9375629425048828
0562245050,2020-10-19,2,1.6939170360565186
0562245050,2020-10-20,2,1.7290904521942139
0562245050,2020-10-21,2,1.811431884765625
0562245050,2020-10-22,2,1.8001235723495483
0562245062,2020-09-23,2,1.914780855178833
0562245062,2020-09-24,2,1.5114091634750366
0562245062,2020-09-25,2,1.538500189781189
0562245062,2020-09-26,5,4.598620414733887
0562245062,2020-09-27,2,1.5362433195114136
0562245062,2020-09-28,6,6.477758407592773
0562245062,2020-09-29,3,3.2384541034698486
0562245062,2020-09-30,2,1.7488762140274048
0562245062,2020-10-01,2,2.1383979320526123
0562245062,2020-10-02,2,2.210907459259033
0562245062,2020-10-03,2,2.483055353164673
0562245062,2020-10-04,2,2.0397491455078125
0562245062,2020-10-05,2,1.9778012037277222
0562245062,2020-10-06,2,1.8568748235702515
0562245062,2020-10-07,2,1.8790174722671509
0562245062,2020-10-08,2,1.5776158571243286
0562245062,2020-10-09,1,1.3444658517837524
0562245062,2020-10-10,1,1.4065815210342407
0562245062,2020-10-11,1,1.2792377471923828
0562245062,2020-10-12,1,1.3045176267623901
0562245062,2020-10-13,1,1.3694144487380981
0562245062,2020-10-14,2,1.6262449026107788
0562245062,2020-10-15,1,1.2734404802322388
0562245062,2020-10-16,1,1.1478562355041504
0562245062,2020-10-17,1,1.195806622505188
0562245062,2020-10-18,1,1.1213383674621582
0562245062,2020-10-19,1,1.177506446838379
0562245062,2020-10-20,1,1.362952470779419
0562245062,2020-10-21,1,1.4194567203521729
0562245062,2020-10-22,2,1.512355923652649
0562245064,2020-09-23,2,1.8133004903793335
0562245064,2020-09-24,1,1.4657535552978516
0562245064,2020-09-25,1,1.4948163032531738
0562245064,2020-09-26,5,4.539669513702393
0562245064,2020-09-27,2,1.5856521129608154
0562245064,2020-09-28,6,6.4411516189575195
0562245064,2020-09-29,3,3.2381479740142822
0562245064,2020-09-30,2,1.7535464763641357
0562245064,2020-10-01,2,2.159322738647461
0562245064,2020-10-02,2,2.2072696685791016
0562245064,2020-10-03,2,2.4383199214935303
0562245064,2020-10-04,2,2.0091772079467773
0562245064,2020-10-05,2,1.933066725730896
0562245064,2020-10-06,2,1.8121393918991089
0562245064,2020-10-07,2,1.769861102104187
0562245064,2020-10-08,1,1.4684585332870483
0562245064,2020-10-09,1,1.1472805738449097
0562245064,2020-10-10,1,1.3177958726882935
0562245064,2020-10-11,1,1.2258484363555908
0562245064,2020-10-12,1,1.242836356163025
0562245064,2020-10-13,1,1.2823790311813354
0562245064,2020-10-14,2,1.5815094709396362
0562245064,2020-10-15,1,1.2287050485610962
0562245064,2020-10-16,1,1.1031208038330078
0562245064,2020-10-17,1,1.1510711908340454
0562245064,2020-10-18,1,1.090766191482544
0562245064,2020-10-19,1,1.1327710151672363
0562245064,2020-10-20,1,1.3182170391082764
0562245064,2020-10-21,1,1.3747212886810303
0562245064,2020-10-22,1,1.4676204919815063
0562245093,2020-09-23,2,1.8513180017471313
0562245093,2020-09-24,2,1.5037710666656494
0562245093,2020-09-25,2,1.512157678604126
0562245093,2020-09-26,5,4.557011127471924
0562245093,2020-09-27,2,1.5625813007354736
0562245093,2020-09-28,7,6.547071933746338
0562245093,2020-09-29,3,3.2349636554718018
0562245093,2020-09-30,2,1.7380023002624512
0562245093,2020-10-01,2,2.266329288482666
0562245093,2020-10-02,2,2.266754627227783
0562245093,2020-10-03,3,2.7150118350982666
0562245093,2020-10-04,2,2.1974291801452637
0562245093,2020-10-05,2,2.043938398361206
0562245093,2020-10-06,2,2.1172807216644287
0562245093,2020-10-07,2,2.2889013290405273
0562245093,2020-10-08,2,1.9726591110229492
0562245093,2020-10-09,2,1.5725178718566895
0562245093,2020-10-10,2,1.6511502265930176
0562245093,2020-10-11,1,1.4176090955734253
0562245093,2020-10-12,1,1.387342929840088
0562245093,2020-10-13,1,1.4790159463882446
0562245093,2020-10-14,2,1.7772486209869385
0562245093,2020-10-15,1,1.4244441986083984
0562245093,2020-10-16,1,1.2334269285202026
0562245093,2020-10-17,1,1.26369047164917
0562245093,2020-10-18,1,1.1928240060806274
0562245093,2020-10-19,1,1.1985969543457031
0562245093,2020-10-20,1,1.3840429782867432
0562245093,2020-10-21,1,1.437462329864502
0562245093,2020-10-22,2,1.5390713214874268
0563519008,2020-09-23,14,14.478718757629395
0563519008,2020-09-24,17,16.80657958984375
0563519008,2020-09-25,19,18.572223663330078
0563519008,2020-09-26,25,25.29041862487793
0563519008,2020-09-27,23,23.36910057067871
0563519008,2020-09-28,25,24.63188362121582
0563519008,2020-09-29,22,22.129148483276367
0563519008,2020-09-30,22,22.10875129699707
0563519008,2020-10-01,21,21.152742385864258
0563519008,2020-10-02,20,20.302562713623047
0563519008,2020-10-03,23,23.123550415039062
0563519008,2020-10-04,20,19.752296447753906
0563519008,2020-10-05,19,19.306270599365234
0563519008,2020-10-06,20,19.856420516967773
0563519008,2020-10-07,20,20.44091796875
0563519008,2020-10-08,20,20.14063835144043
0563519008,2020-10-09,20,20.102985382080078
0563519008,2020-10-10,22,21.91857147216797
0563519008,2020-10-11,20,20.075517654418945
0563519008,2020-10-12,20,19.61310577392578
0563519008,2020-10-13,20,19.743452072143555
0563519008,2020-10-14,21,21.164478302001953
0563519008,2020-10-15,21,21.334861755371094
0563519008,2020-10-16,21,21.011009216308594
0563519008,2020-10-17,22,22.30331802368164
0563519008,2020-10-18,20,20.013694763183594
0563519008,2020-10-19,20,20.072908401489258
0563519008,2020-10-20,20,20.341611862182617
0563519008,2020-10-21,21,20.940820693969727
0563519008,2020-10-22,23,22.89015769958496
0564786001,2020-09-23,2,1.8038899898529053
0564786001,2020-09-24,1,1.4563430547714233
0564786001,2020-09-25,2,1.5058051347732544
0564786001,2020-09-26,5,4.565925121307373
0564786001,2020-09-27,1,1.4973891973495483
0564786001,2020-09-28,6,6.44506311416626
0564786001,2020-09-29,3,3.209657669067383
0564786001,2020-09-30,2,1.7488762140274048
0564786001,2020-10-01,2,2.1383979320526123
0564786001,2020-10-02,2,2.210907459259033
0564786001,2020-10-03,2,2.483055353164673
0564786001,2020-10-04,2,2.0397491455078125
0564786001,2020-10-05,2,1.9778012037277222
0564786001,2020-10-06,2,1.8568748235702515
0564786001,2020-10-07,2,1.8145965337753296
0564786001,2020-10-08,2,1.513193964958191
0564786001,2020-10-09,1,1.236066222190857
0564786001,2020-10-10,1,1.362531304359436
0564786001,2020-10-11,1,1.256420373916626
0564786001,2020-10-12,1,1.3045176267623901
0564786001,2020-10-13,1,1.3694144487380981
0564786001,2020-10-14,2,1.6262449026107788
0564786001,2020-10-15,1,1.2734404802322388
0564786001,2020-10-16,1,1.1478562355041504
0564786001,2020-10-17,1,1.195806622505188
0564786001,2020-10-18,1,1.1213383674621582
0564786001,2020-10-19,1,1.177506446838379
0564786001,2020-10-20,1,1.362952470779419
0564786001,2020-10-21,1,1.4194567203521729
0564786001,2020-10-22,2,1.512355923652649
0565379001,2020-09-23,2,1.8849254846572876
0565379001,2020-09-24,2,1.5373783111572266
0565379001,2020-09-25,2,1.5576090812683105
0565379001,2020-09-26,5,4.572364807128906
0565379001,2020-09-27,2,1.5995700359344482
0565379001,2020-09-28,6,6.473846912384033
0565379001,2020-09-29,3,3.2478716373443604
0565379001,2020-09-30,2,1.7632701396942139
0565379001,2020-10-01,2,2.159322738647461
0565379001,2020-10-02,2,2.2072696685791016
0565379001,2020-10-03,3,2.629382371902466
0565379001,2020-10-04,2,2.0859193801879883
0565379001,2020-10-05,2,1.9844545125961304
0565379001,2020-10-06,2,1.8692017793655396
0565379001,2020-10-07,2,1.8593462705612183
0565379001,2020-10-08,2,1.5125080347061157
0565379001,2020-10-09,1,1.2793580293655396
0565379001,2020-10-10,1,1.3618460893630981
0565379001,2020-10-11,1,1.2420310974121094
0565379001,2020-10-12,1,1.2597821950912476
0565379001,2020-10-13,1,1.3246790170669556
0565379001,2020-10-14,2,1.5815094709396362
0565379001,2020-10-15,1,1.2287050485610962
0565379001,2020-10-16,1,1.1031208038330078
0565379001,2020-10-17,1,1.1510711908340454
0565379001,2020-10-18,1,1.090766191482544
0565379001,2020-10-19,1,1.1327710151672363
0565379001,2020-10-20,1,1.3182170391082764
0565379001,2020-10-21,1,1.3747212886810303
0565379001,2020-10-22,1,1.4676204919815063
0565379002,2020-09-23,2,2.3305158615112305
0565379002,2020-09-24,2,1.7445461750030518
0565379002,2020-09-25,2,1.6886612176895142
0565379002,2020-09-26,5,4.726412296295166
0565379002,2020-09-27,2,1.7726160287857056
0565379002,2020-09-28,7,6.83639669418335
0565379002,2020-09-29,4,3.5296528339385986
0565379002,2020-09-30,2,2.0049455165863037
0565379002,2020-10-01,3,2.6767191886901855
0565379002,2020-10-02,3,2.5746893882751465
0565379002,2020-10-03,3,2.943925142288208
0565379002,2020-10-04,2,2.34261417388916
0565379002,2020-10-05,2,2.3123533725738525
0565379002,2020-10-06,2,2.277602434158325
0565379002,2020-10-07,2,2.414710760116577
0565379002,2020-10-08,2,2.100555658340454
0565379002,2020-10-09,2,1.825664758682251
0565379002,2020-10-10,2,1.778145670890808
0565379002,2020-10-11,2,1.6851387023925781
0565379002,2020-10-12,2,1.5661301612854004
0565379002,2020-10-13,2,1.5171812772750854
0565379002,2020-10-14,2,1.8225003480911255
0565379002,2020-10-15,2,1.5145338773727417
0565379002,2020-10-16,1,1.318610668182373
0565379002,2020-10-17,1,1.3665610551834106
0565379002,2020-10-18,1,1.2089228630065918
0565379002,2020-10-19,1,1.2427194118499756
0565379002,2020-10-20,1,1.383326530456543
0565379002,2020-10-21,1,1.439831018447876
0565379002,2020-10-22,2,1.532729983329773
0566140001,2020-09-23,2,1.8938400745391846
0566140001,2020-09-24,2,1.5089739561080933
0566140001,2020-09-25,2,1.5584362745285034
0566140001,2020-09-26,5,4.539968013763428
0566140001,2020-09-27,2,1.5031074285507202
0566140001,2020-09-28,6,6.497694492340088
0566140001,2020-09-29,3,3.164921998977661
0566140001,2020-09-30,2,1.7297395467758179
0566140001,2020-10-01,2,2.141184091567993
0566140001,2020-10-02,2,2.1661720275878906
0566140001,2020-10-03,2,2.4383199214935303
0566140001,2020-10-04,2,2.0091772079467773
0566140001,2020-10-05,2,1.933066725730896
0566140001,2020-10-06,2,1.8121393918991089
0566140001,2020-10-07,2,1.7902330160140991
0566140001,2020-10-08,1,1.4888309240341187
0566140001,2020-10-09,1,1.167655110359192
0566140001,2020-10-10,1,1.3381701707839966
0566140001,2020-10-11,1,1.2258484363555908
0566140001,2020-10-12,1,1.242836356163025
0566140001,2020-10-13,1,1.2823790311813354
0566140001,2020-10-14,2,1.5815094709396362
0566140001,2020-10-15,1,1.2287050485610962
0566140001,2020-10-16,1,1.1031208038330078
0566140001,2020-10-17,1,1.1510711908340454
0566140001,2020-10-18,1,1.090766191482544
0566140001,2020-10-19,1,1.1327710151672363
0566140001,2020-10-20,1,1.3182170391082764
0566140001,2020-10-21,1,1.3747212886810303
0566140001,2020-10-22,1,1.4676204919815063
0568597006,2020-09-23,17,16.848562240600586
0568597006,2020-09-24,18,17.941064834594727
0568597006,2020-09-25,20,19.50432014465332
0568597006,2020-09-26,26,25.52507972717285
0568597006,2020-09-27,23,22.70436668395996
0568597006,2020-09-28,25,25.079984664916992
0568597006,2020-09-29,22,22.009145736694336
0568597006,2020-09-30,24,23.734580993652344
0568597006,2020-10-01,24,24.19832992553711
0568597006,2020-10-02,22,22.037195205688477
0568597006,2020-10-03,25,24.619844436645508
0568597006,2020-10-04,21,20.893604278564453
0568597006,2020-10-05,20,19.905153274536133
0568597006,2020-10-06,20,20.0599308013916
0568597006,2020-10-07,21,20.61725616455078
0568597006,2020-10-08,20,20.121530532836914
0568597006,2020-10-09,20,19.699729919433594
0568597006,2020-10-10,21,20.76875877380371
0568597006,2020-10-11,20,19.514896392822266
0568597006,2020-10-12,20,19.676258087158203
0568597006,2020-10-13,20,19.870529174804688
0568597006,2020-10-14,21,20.988475799560547
0568597006,2020-10-15,21,20.9976806640625
0568597006,2020-10-16,21,20.727447509765625
0568597006,2020-10-17,22,21.706302642822266
0568597006,2020-10-18,19,19.391515731811523
0568597006,2020-10-19,20,19.87930679321289
0568597006,2020-10-20,20,19.892501831054688
0568597006,2020-10-21,21,20.729183197021484
0568597006,2020-10-22,23,22.62641143798828
0568597007,2020-09-23,14,14.449673652648926
0568597007,2020-09-24,16,15.843926429748535
0568597007,2020-09-25,16,16.2548828125
0568597007,2020-09-26,24,23.50864601135254
0568597007,2020-09-27,17,17.205379486083984
0568597007,2020-09-28,24,24.038959503173828
0568597007,2020-09-29,21,21.412776947021484
0568597007,2020-09-30,22,21.706457138061523
0568597007,2020-10-01,20,19.63385009765625
0568597007,2020-10-02,19,19.166200637817383
0568597007,2020-10-03,22,22.40557098388672
0568597007,2020-10-04,18,18.436920166015625
0568597007,2020-10-05,18,18.31654167175293
0568597007,2020-10-06,18,17.71553611755371
0568597007,2020-10-07,19,18.805696487426758
0568597007,2020-10-08,18,18.08811378479004
0568597007,2020-10-09,18,17.744300842285156
0568597007,2020-10-10,20,19.62479019165039
0568597007,2020-10-11,17,17.078201293945312
0568597007,2020-10-12,18,17.85016441345215
0568597007,2020-10-13,18,17.72016716003418
0568597007,2020-10-14,19,19.227144241333008
0568597007,2020-10-15,19,19.157482147216797
0568597007,2020-10-16,19,18.62518310546875
0568597007,2020-10-17,19,19.37982940673828
0568597007,2020-10-18,16,16.426462173461914
0568597007,2020-10-19,17,16.96384048461914
0568597007,2020-10-20,17,17.044218063354492
0568597007,2020-10-21,19,19.01074981689453
0568597007,2020-10-22,21,21.186817169189453
0568601006,2020-09-23,32,32.4153938293457
0568601006,2020-09-24,38,38.25761032104492
0568601006,2020-09-25,41,41.07944869995117
0568601006,2020-09-26,83,83.105224609375
0568601006,2020-09-27,55,54.627872467041016
0568601006,2020-09-28,87,86.85808563232422
0568601006,2020-09-29,65,64.76290893554688
0568601006,2020-09-30,64,63.6309928894043
0568601006,2020-10-01,58,58.09846115112305
0568601006,2020-10-02,52,51.714332580566406
0568601006,2020-10-03,64,64.43479919433594
0568601006,2020-10-04,54,53.75950241088867
0568601006,2020-10-05,48,47.861488342285156
0568601006,2020-10-06,44,44.0436897277832
0568601006,2020-10-07,49,48.85944366455078
0568601006,2020-10-08,43,43.450809478759766
0568601006,2020-10-09,39,38.74744415283203
0568601006,2020-10-10,47,47.128353118896484
0568601006,2020-10-11,53,52.89939880371094
0568601006,2020-10-12,45,45.40510177612305
0568601006,2020-10-13,45,44.502113342285156
0568601006,2020-10-14,51,50.63140106201172
0568601006,2020-10-15,53,52.64380645751953
0568601006,2020-10-16,51,50.67055892944336
0568601006,2020-10-17,54,53.51212692260742
0568601006,2020-10-18,53,52.6070556640625
0568601006,2020-10-19,51,51.39915084838867
0568601006,2020-10-20,53,52.71986389160156
0568601006,2020-10-21,56,56.40199661254883
0568601006,2020-10-22,61,60.64765930175781
0568601007,2020-09-23,19,19.32256507873535
0568601007,2020-09-24,21,20.629592895507812
0568601007,2020-09-25,20,20.41162872314453
0568601007,2020-09-26,32,31.79253387451172
0568601007,2020-09-27,37,36.507328033447266
0568601007,2020-09-28,40,39.81998062133789
0568601007,2020-09-29,32,32.05394744873047
0568601007,2020-09-30,30,30.332958221435547
0568601007,2020-10-01,29,28.831497192382812
0568601007,2020-10-02,28,27.723371505737305
0568601007,2020-10-03,33,33.43321228027344
0568601007,2020-10-04,27,27.221582412719727
0568601007,2020-10-05,26,25.933547973632812
0568601007,2020-10-06,24,24.352825164794922
0568601007,2020-10-07,26,25.803768157958984
0568601007,2020-10-08,25,24.803077697753906
0568601007,2020-10-09,24,23.96986198425293
0568601007,2020-10-10,26,25.64536476135254
0568601007,2020-10-11,25,25.166772842407227
0568601007,2020-10-12,25,24.660314559936523
0568601007,2020-10-13,24,24.2845458984375
0568601007,2020-10-14,26,25.591197967529297
0568601007,2020-10-15,25,25.200403213500977
0568601007,2020-10-16,25,25.236309051513672
0568601007,2020-10-17,27,27.30052375793457
0568601007,2020-10-18,23,23.185651779174805
0568601007,2020-10-19,24,24.246461868286133
0568601007,2020-10-20,24,24.481281280517578
0568601007,2020-10-21,25,25.016469955444336
0568601007,2020-10-22,29,28.51719093322754
0568808001,2020-09-23,6,5.953466892242432
0568808001,2020-09-24,6,5.58699893951416
0568808001,2020-09-25,6,5.539744853973389
0568808001,2020-09-26,8,8.303295135498047
0568808001,2020-09-27,5,4.534345626831055
0568808001,2020-09-28,11,10.532041549682617
0568808001,2020-09-29,10,9.885958671569824
0568808001,2020-09-30,7,6.959405422210693
0568808001,2020-10-01,7,6.657132625579834
0568808001,2020-10-02,7,6.581562519073486
0568808001,2020-10-03,7,7.050961494445801
0568808001,2020-10-04,6,5.824355125427246
0568808001,2020-10-05,5,5.474564552307129
0568808001,2020-10-06,6,5.618895053863525
0568808001,2020-10-07,6,6.0120062828063965
0568808001,2020-10-08,6,6.0039896965026855
0568808001,2020-10-09,6,5.557197570800781
0568808001,2020-10-10,6,5.6299285888671875
0568808001,2020-10-11,5,4.851871490478516
0568808001,2020-10-12,5,4.64192008972168
0568808001,2020-10-13,5,4.728168487548828
0568808001,2020-10-14,5,5.423171043395996
0568808001,2020-10-15,5,5.289977073669434
0568808001,2020-10-16,5,5.150866508483887
0568808001,2020-10-17,5,5.174144744873047
0568808001,2020-10-18,5,4.545187950134277
0568808001,2020-10-19,4,4.295348167419434
0568808001,2020-10-20,4,4.4971795082092285
0568808001,2020-10-21,5,4.876696586608887
0568808001,2020-10-22,5,4.919775485992432
0570002002,2020-09-23,5,5.414947986602783
0570002002,2020-09-24,6,5.610743522644043
0570002002,2020-09-25,6,5.570862770080566
0570002002,2020-09-26,9,8.92270278930664
0570002002,2020-09-27,5,5.126864910125732
0570002002,2020-09-28,11,10.603927612304688
0570002002,2020-09-29,10,9.674678802490234
0570002002,2020-09-30,7,7.010983943939209
0570002002,2020-10-01,7,7.022973537445068
0570002002,2020-10-02,7,6.856279373168945
0570002002,2020-10-03,7,7.376242160797119
0570002002,2020-10-04,6,6.1166534423828125
0570002002,2020-10-05,6,5.7030229568481445
0570002002,2020-10-06,6,5.633347511291504
0570002002,2020-10-07,6,5.998480796813965
0570002002,2020-10-08,6,5.808096408843994
0570002002,2020-10-09,6,5.561420917510986
0570002002,2020-10-10,6,5.701506614685059
0570002002,2020-10-11,5,4.885672569274902
0570002002,2020-10-12,5,4.689246654510498
0570002002,2020-10-13,5,4.7502121925354
0570002002,2020-10-14,5,5.482478618621826
0570002002,2020-10-15,5,5.285444736480713
0570002002,2020-10-16,5,5.159859657287598
0570002002,2020-10-17,5,5.2117919921875
0570002002,2020-10-18,5,4.541130542755127
0570002002,2020-10-19,4,4.346414089202881
0570002002,2020-10-20,4,4.483654022216797
0570002002,2020-10-21,5,4.876696586608887
0570002002,2020-10-22,5,4.919775485992432
0570003002,2020-09-23,4,4.076804161071777
0570003002,2020-09-24,4,3.8891682624816895
0570003002,2020-09-25,4,3.857997417449951
0570003002,2020-09-26,7,7.261749744415283
0570003002,2020-09-27,3,3.4544854164123535
0570003002,2020-09-28,9,9.303848266601562
0570003002,2020-09-29,8,7.576235771179199
0570003002,2020-09-30,5,5.457387924194336
0570003002,2020-10-01,5,5.12159538269043
0570003002,2020-10-02,5,5.056967735290527
0570003002,2020-10-03,6,5.803213596343994
0570003002,2020-10-04,5,4.720129489898682
0570003002,2020-10-05,5,4.549233436584473
0570003002,2020-10-06,5,4.696513652801514
0570003002,2020-10-07,5,5.044461250305176
0570003002,2020-10-08,5,4.965635776519775
0570003002,2020-10-09,5,4.569575786590576
0570003002,2020-10-10,5,4.9254326820373535
0570003002,2020-10-11,4,4.264929294586182
0570003002,2020-10-12,4,4.215221881866455
0570003002,2020-10-13,4,4.161408424377441
0570003002,2020-10-14,5,4.652159214019775
0570003002,2020-10-15,4,4.311182975769043
0570003002,2020-10-16,4,4.187367916107178
0570003002,2020-10-17,4,4.242037296295166
0570003002,2020-10-18,4,3.7896676063537598
0570003002,2020-10-19,4,3.5593440532684326
0570003002,2020-10-20,4,3.7185349464416504
0570003002,2020-10-21,4,4.050533771514893
0570003002,2020-10-22,4,4.088247776031494
0571706001,2020-09-23,3,3.196361541748047
0571706001,2020-09-24,3,2.739058494567871
0571706001,2020-09-25,3,2.5780367851257324
0571706001,2020-09-26,6,5.788935661315918
0571706001,2020-09-27,3,2.5283894538879395
0571706001,2020-09-28,8,8.050762176513672
0571706001,2020-09-29,5,4.994858264923096
0571706001,2020-09-30,3,3.35990571975708
0571706001,2020-10-01,4,3.7723474502563477
0571706001,2020-10-02,4,3.638899326324463
0571706001,2020-10-03,4,4.013020992279053
0571706001,2020-10-04,3,3.4896044731140137
0571706001,2020-10-05,3,3.3518965244293213
0571706001,2020-10-06,3,3.2444534301757812
0571706001,2020-10-07,3,3.4521870613098145
0571706001,2020-10-08,3,3.138031244277954
0571706001,2020-10-09,3,2.9048807621002197
0571706001,2020-10-10,3,2.9282150268554688
0571706001,2020-10-11,3,2.6483771800994873
0571706001,2020-10-12,2,2.4871420860290527
0571706001,2020-10-13,2,2.485740900039673
0571706001,2020-10-14,3,2.8755950927734375
0571706001,2020-10-15,2,2.472111940383911
0571706001,2020-10-16,2,2.2170908451080322
0571706001,2020-10-17,2,2.343790054321289
0571706001,2020-10-18,2,2.099747657775879
0571706001,2020-10-19,2,1.9833271503448486
0571706001,2020-10-20,2,1.9784177541732788
0571706001,2020-10-21,2,1.961703896522522
0571706001,2020-10-22,2,2.0105526447296143
0572797001,2020-09-23,16,15.65473461151123
0572797001,2020-09-24,20,19.90316390991211
0572797001,2020-09-25,21,21.149782180786133
0572797001,2020-09-26,30,30.074264526367188
0572797001,2020-09-27,29,28.628278732299805
0572797001,2020-09-28,29,28.74677085876465
0572797001,2020-09-29,24,24.380197525024414
0572797001,2020-09-30,25,24.819028854370117
0572797001,2020-10-01,24,24.228687286376953
0572797001,2020-10-02,23,23.255321502685547
0572797001,2020-10-03,27,26.965051651000977
0572797001,2020-10-04,21,21.117094039916992
0572797001,2020-10-05,21,20.79435920715332
0572797001,2020-10-06,20,20.152442932128906
0572797001,2020-10-07,21,20.70115852355957
0572797001,2020-10-08,21,20.860877990722656
0572797001,2020-10-09,21,21.18876075744629
0572797001,2020-10-10,22,21.771257400512695
0572797001,2020-10-11,20,20.045860290527344
0572797001,2020-10-12,20,20.148571014404297
0572797001,2020-10-13,20,20.223203659057617
0572797001,2020-10-14,21,21.097206115722656
0572797001,2020-10-15,21,21.42391586303711
0572797001,2020-10-16,21,21.092004776000977
0572797001,2020-10-17,22,22.11724090576172
0572797001,2020-10-18,20,19.84515953063965
0572797001,2020-10-19,20,19.89042854309082
0572797001,2020-10-20,20,20.1309871673584
0572797001,2020-10-21,21,20.801671981811523
0572797001,2020-10-22,23,22.741024017333984
0572797002,2020-09-23,9,8.506205558776855
0572797002,2020-09-24,9,9.100814819335938
0572797002,2020-09-25,10,9.78665542602539
0572797002,2020-09-26,12,12.38125228881836
0572797002,2020-09-27,7,6.99350118637085
0572797002,2020-09-28,13,12.940292358398438
0572797002,2020-09-29,12,12.329564094543457
0572797002,2020-09-30,13,12.610199928283691
0572797002,2020-10-01,11,10.632698059082031
0572797002,2020-10-02,10,9.9755220413208
0572797002,2020-10-03,10,10.229329109191895
0572797002,2020-10-04,8,8.188380241394043
0572797002,2020-10-05,9,8.963218688964844
0572797002,2020-10-06,9,8.877826690673828
0572797002,2020-10-07,9,9.235817909240723
0572797002,2020-10-08,9,9.374205589294434
0572797002,2020-10-09,9,9.207500457763672
0572797002,2020-10-10,9,9.467787742614746
0572797002,2020-10-11,8,7.512887001037598
0572797002,2020-10-12,7,7.188529968261719
0572797002,2020-10-13,7,7.408297061920166
0572797002,2020-10-14,8,8.422991752624512
0572797002,2020-10-15,9,8.656126022338867
0572797002,2020-10-16,8,8.059423446655273
0572797002,2020-10-17,8,8.207822799682617
0572797002,2020-10-18,7,6.5829572677612305
0572797002,2020-10-19,6,6.348690032958984
0572797002,2020-10-20,7,6.592818260192871
0572797002,2020-10-21,7,7.287083625793457
0572797002,2020-10-22,8,7.889606952667236
0572998001,2020-09-23,16,15.803167343139648
0572998001,2020-09-24,19,19.313447952270508
0572998001,2020-09-25,21,20.732608795166016
0572998001,2020-09-26,27,27.06037139892578
0572998001,2020-09-27,24,24.230878829956055
0572998001,2020-09-28,25,25.478031158447266
0572998001,2020-09-29,21,21.483966827392578
0572998001,2020-09-30,24,23.794687271118164
0572998001,2020-10-01,22,22.437177658081055
0572998001,2020-10-02,21,21.412185668945312
0572998001,2020-10-03,25,24.606847763061523
0572998001,2020-10-04,20,20.037782669067383
0572998001,2020-10-05,20,19.708393096923828
0572998001,2020-10-06,20,19.81474494934082
0572998001,2020-10-07,20,20.113845825195312
0572998001,2020-10-08,20,19.99076271057129
0572998001,2020-10-09,19,19.446226119995117
0572998001,2020-10-10,21,20.564350128173828
0572998001,2020-10-11,20,19.607702255249023
0572998001,2020-10-12,19,19.363378524780273
0572998001,2020-10-13,19,19.15426254272461
0572998001,2020-10-14,20,20.23836898803711
0572998001,2020-10-15,20,20.388931274414062
0572998001,2020-10-16,20,20.043724060058594
0572998001,2020-10-17,22,21.86579132080078
0572998001,2020-10-18,20,19.58106231689453
0572998001,2020-10-19,20,19.87930679321289
0572998001,2020-10-20,20,19.892501831054688
0572998001,2020-10-21,21,20.729183197021484
0572998001,2020-10-22,23,22.62641143798828
0573085004,2020-09-23,2,1.8038899898529053
0573085004,2020-09-24,1,1.4563430547714233
0573085004,2020-09-25,2,1.5058051347732544
0573085004,2020-09-26,5,4.565925121307373
0573085004,2020-09-27,1,1.4973891973495483
0573085004,2020-09-28,6,6.44506311416626
0573085004,2020-09-29,3,3.2231826782226562
0573085004,2020-09-30,2,1.7963978052139282
0573085004,2020-10-01,2,2.1859195232391357
0573085004,2020-10-02,2,2.210907459259033
0573085004,2020-10-03,2,2.483055353164673
0573085004,2020-10-04,2,2.0397491455078125
0573085004,2020-10-05,2,1.9778012037277222
0573085004,2020-10-06,2,1.8568748235702515
0573085004,2020-10-07,2,1.8586455583572388
0573085004,2020-10-08,2,1.5572434663772583
0573085004,2020-10-09,1,1.236066222190857
0573085004,2020-10-10,1,1.362531304359436
0573085004,2020-10-11,1,1.256420373916626
0573085004,2020-10-12,1,1.3045176267623901
0573085004,2020-10-13,1,1.3694144487380981
0573085004,2020-10-14,2,1.6262449026107788
0573085004,2020-10-15,1,1.2734404802322388
0573085004,2020-10-16,1,1.1478562355041504
0573085004,2020-10-17,1,1.195806622505188
0573085004,2020-10-18,1,1.1213383674621582
0573085004,2020-10-19,1,1.177506446838379
0573085004,2020-10-20,1,1.362952470779419
0573085004,2020-10-21,1,1.4194567203521729
0573085004,2020-10-22,2,1.512355923652649
0573085028,2020-09-23,86,85.85104370117188
0573085028,2020-09-24,82,82.04315948486328
0573085028,2020-09-25,76,75.92501068115234
0573085028,2020-09-26,128,128.0966339111328
0573085028,2020-09-27,64,63.54104232788086
0573085028,2020-09-28,109,108.99238586425781
0573085028,2020-09-29,81,81.11139678955078
0573085028,2020-09-30,75,75.49174499511719
0573085028,2020-10-01,70,69.68768310546875
0573085028,2020-10-02,64,63.66836166381836
0573085028,2020-10-03,88,88.2576904296875
0573085028,2020-10-04,85,84.90850830078125
0573085028,2020-10-05,81,81.08675384521484
0573085028,2020-10-06,83,82.74903106689453
0573085028,2020-10-07,83,83.37899780273438
0573085028,2020-10-08,79,78.86809539794922
0573085028,2020-10-09,75,74.57019805908203
0573085028,2020-10-10,81,80.82215881347656
0573085028,2020-10-11,106,106.14208221435547
0573085028,2020-10-12,77,76.78334045410156
0573085028,2020-10-13,68,67.7747802734375
0573085028,2020-10-14,72,71.74833679199219
0573085028,2020-10-15,72,71.80183410644531
0573085028,2020-10-16,68,67.52528381347656
0573085028,2020-10-17,84,83.91636657714844
0573085028,2020-10-18,92,92.13008880615234
0573085028,2020-10-19,80,79.94190979003906
0573085028,2020-10-20,93,92.76791381835938
0573085028,2020-10-21,91,91.08753204345703
0573085028,2020-10-22,96,95.75006103515625
0573085033,2020-09-23,5,4.801680564880371
0573085033,2020-09-24,3,3.1222591400146484
0573085033,2020-09-25,3,2.8729634284973145
0573085033,2020-09-26,6,5.966160774230957
0573085033,2020-09-27,3,2.916749954223633
0573085033,2020-09-28,9,8.8226900100708
0573085033,2020-09-29,8,7.530398368835449
0573085033,2020-09-30,7,7.120591163635254
0573085033,2020-10-01,6,5.689290523529053
0573085033,2020-10-02,5,4.86914587020874
0573085033,2020-10-03,5,5.1489338874816895
0573085033,2020-10-04,5,4.706504821777344
0573085033,2020-10-05,5,4.56224250793457
0573085033,2020-10-06,5,4.698962211608887
0573085033,2020-10-07,5,4.990725994110107
0573085033,2020-10-08,5,4.530898571014404
0573085033,2020-10-09,4,4.2620720863342285
0573085033,2020-10-10,5,4.502470016479492
0573085033,2020-10-11,4,3.9327595233917236
0573085033,2020-10-12,4,3.7178030014038086
0573085033,2020-10-13,4,3.9512057304382324
0573085033,2020-10-14,4,4.371280193328857
0573085033,2020-10-15,4,4.0652875900268555
0573085033,2020-10-16,4,3.9256250858306885
0573085033,2020-10-17,4,3.807678699493408
0573085033,2020-10-18,3,3.4019370079040527
0573085033,2020-10-19,3,3.2472705841064453
0573085033,2020-10-20,3,3.308330535888672
0573085033,2020-10-21,4,3.5362629890441895
0573085033,2020-10-22,3,3.4539589881896973
0573085043,2020-09-23,45,45.08120346069336
0573085043,2020-09-24,49,49.06678009033203
0573085043,2020-09-25,52,51.61612319946289
0573085043,2020-09-26,84,83.77305603027344
0573085043,2020-09-27,70,70.20763397216797
0573085043,2020-09-28,102,101.76858520507812
0573085043,2020-09-29,84,84.30010986328125
0573085043,2020-09-30,65,64.94317626953125
0573085043,2020-10-01,60,59.82106399536133
0573085043,2020-10-02,56,55.80375671386719
0573085043,2020-10-03,61,61.14598846435547
0573085043,2020-10-04,56,56.02232360839844
0573085043,2020-10-05,53,52.61235046386719
0573085043,2020-10-06,47,46.754676818847656
0573085043,2020-10-07,46,45.73974609375
0573085043,2020-10-08,44,43.62186813354492
0573085043,2020-10-09,40,39.646766662597656
0573085043,2020-10-10,44,44.456817626953125
0573085043,2020-10-11,49,49.43539047241211
0573085043,2020-10-12,45,44.752899169921875
0573085043,2020-10-13,44,43.72026062011719
0573085043,2020-10-14,47,47.276832580566406
0573085043,2020-10-15,48,47.74263381958008
0573085043,2020-10-16,51,50.661277770996094
0573085043,2020-10-17,55,54.80452346801758
0573085043,2020-10-18,51,50.889278411865234
0573085043,2020-10-19,48,48.38359451293945
0573085043,2020-10-20,48,48.3422737121582
0573085043,2020-10-21,54,53.83055877685547
0573085043,2020-10-22,60,59.604759216308594
0573716012,2020-09-23,3,2.8925092220306396
0573716012,2020-09-24,2,2.4853568077087402
0573716012,2020-09-25,2,2.474369525909424
0573716012,2020-09-26,6,5.518047332763672
0573716012,2020-09-27,2,2.2680888175964355
0573716012,2020-09-28,8,7.897310256958008
0573716012,2020-09-29,4,4.047275543212891
0573716012,2020-09-30,3,3.0811314582824707
0573716012,2020-10-01,3,3.3874311447143555
0573716012,2020-10-02,3,3.4151535034179688
0573716012,2020-10-03,4,3.784529447555542
0573716012,2020-10-04,3,3.103086471557617
0573716012,2020-10-05,3,3.1623282432556152
0573716012,2020-10-06,3,3.011758327484131
0573716012,2020-10-07,3,3.232553005218506
0573716012,2020-10-08,3,2.9736292362213135
0573716012,2020-10-09,3,2.5154001712799072
0573716012,2020-10-10,3,2.6183996200561523
0573716012,2020-10-11,2,2.4046390056610107
0573716012,2020-10-12,2,2.3204684257507324
0573716012,2020-10-13,2,2.410107135772705
0573716012,2020-10-14,3,2.7233710289001465
0573716012,2020-10-15,2,2.3426754474639893
0573716012,2020-10-16,2,2.0927817821502686
0573716012,2020-10-17,2,2.1462526321411133
0573716012,2020-10-18,2,2.026519775390625
0573716012,2020-10-19,2,1.894369125366211
0573716012,2020-10-20,2,1.8353126049041748
0573716012,2020-10-21,2,1.9176541566848755
0573716012,2020-10-22,2,1.9043316841125488
0573716049,2020-09-23,2,2.0611889362335205
0573716049,2020-09-24,2,1.6988030672073364
0573716049,2020-09-25,2,1.5121212005615234
0573716049,2020-09-26,5,4.600064754486084
0573716049,2020-09-27,2,1.5842089653015137
0573716049,2020-09-28,7,6.600794315338135
0573716049,2020-09-29,3,3.379098415374756
0573716049,2020-09-30,2,1.7885717153549194
0573716049,2020-10-01,2,2.3497705459594727
0573716049,2020-10-02,2,2.282937526702881
0573716049,2020-10-03,3,2.7311952114105225
0573716049,2020-10-04,2,2.1974291801452637
0573716049,2020-10-05,2,2.1341679096221924
0573716049,2020-10-06,2,2.1613314151763916
0573716049,2020-10-07,2,2.3778581619262695
0573716049,2020-10-08,2,2.087512969970703
0573716049,2020-10-09,2,1.8039031028747559
0573716049,2020-10-10,2,1.7777454853057861
0573716049,2020-10-11,2,1.5496867895126343
0573716049,2020-10-12,1,1.4313933849334717
0573716049,2020-10-13,2,1.546911597251892
0573716049,2020-10-14,2,1.8204402923583984
0573716049,2020-10-15,1,1.4676358699798584
0573716049,2020-10-16,1,1.2946714162826538
0573716049,2020-10-17,1,1.3263649940490723
0573716049,2020-10-18,1,1.2131983041763306
0573716049,2020-10-19,1,1.2189712524414062
0573716049,2020-10-20,1,1.4044170379638672
0573716049,2020-10-21,1,1.457836627960205
0573716049,2020-10-22,2,1.5594453811645508
0573716050,2020-09-23,2,1.8548282384872437
0573716050,2020-09-24,1,1.4984486103057861
0573716050,2020-09-25,2,1.5275113582611084
0573716050,2020-09-26,5,4.572364807128906
0573716050,2020-09-27,2,1.5995700359344482
0573716050,2020-09-28,6,6.473846912384033
0573716050,2020-09-29,3,3.2381479740142822
0573716050,2020-09-30,2,1.7535464763641357
0573716050,2020-10-01,2,2.2068443298339844
0573716050,2020-10-02,2,2.2072696685791016
0573716050,2020-10-03,3,2.629382371902466
0573716050,2020-10-04,2,2.0859193801879883
0573716050,2020-10-05,2,1.9844545125961304
0573716050,2020-10-06,2,1.8692017793655396
0573716050,2020-10-07,2,1.8139103651046753
0573716050,2020-10-08,2,1.5125080347061157
0573716050,2020-10-09,1,1.2793580293655396
0573716050,2020-10-10,1,1.3618460893630981
0573716050,2020-10-11,1,1.2420310974121094
0573716050,2020-10-12,1,1.2597821950912476
0573716050,2020-10-13,1,1.3246790170669556
0573716050,2020-10-14,2,1.5815094709396362
0573716050,2020-10-15,1,1.2287050485610962
0573716050,2020-10-16,1,1.1031208038330078
0573716050,2020-10-17,1,1.1510711908340454
0573716050,2020-10-18,1,1.090766191482544
0573716050,2020-10-19,1,1.1327710151672363
0573716050,2020-10-20,1,1.3182170391082764
0573716050,2020-10-21,1,1.3747212886810303
0573716050,2020-10-22,1,1.4676204919815063
0573716053,2020-09-23,2,1.8445223569869995
0573716053,2020-09-24,1,1.4830584526062012
0573716053,2020-09-25,2,1.5121212005615234
0573716053,2020-09-26,5,4.583119869232178
0573716053,2020-09-27,2,1.6454353332519531
0573716053,2020-09-28,7,6.612730979919434
0573716053,2020-09-29,3,3.2304465770721436
0573716053,2020-09-30,2,1.6859638690948486
0573716053,2020-10-01,2,2.2188076972961426
0573716053,2020-10-02,2,2.266754627227783
0573716053,2020-10-03,3,2.7150118350982666
0573716053,2020-10-04,2,2.1974291801452637
0573716053,2020-10-05,2,2.043938398361206
0573716053,2020-10-06,2,2.1613314151763916
0573716053,2020-10-07,2,2.2889013290405273
0573716053,2020-10-08,2,1.9726591110229492
0573716053,2020-10-09,2,1.5725178718566895
0573716053,2020-10-10,2,1.6715242862701416
0573716053,2020-10-11,1,1.4379833936691284
0573716053,2020-10-12,1,1.4077174663543701
0573716053,2020-10-13,1,1.4790159463882446
0573716053,2020-10-14,2,1.7772486209869385
0573716053,2020-10-15,1,1.4244441986083984
0573716053,2020-10-16,1,1.2334269285202026
0573716053,2020-10-17,1,1.26369047164917
0573716053,2020-10-18,1,1.1928240060806274
0573716053,2020-10-19,1,1.1985969543457031
0573716053,2020-10-20,1,1.3840429782867432
0573716053,2020-10-21,1,1.437462329864502
0573716053,2020-10-22,2,1.5390713214874268
0573937001,2020-09-23,2,2.360686779022217
0573937001,2020-09-24,2,1.934594750404358
0573937001,2020-09-25,2,1.7756037712097168
0573937001,2020-09-26,5,4.740981101989746
0573937001,2020-09-27,2,1.7266950607299805
0573937001,2020-09-28,7,6.76904821395874
0573937001,2020-09-29,3,3.4576988220214844
0573937001,2020-09-30,2,2.0638234615325928
0573937001,2020-10-01,3,2.6489968299865723
0573937001,2020-10-02,3,2.5005617141723633
0573937001,2020-10-03,3,2.772709608078003
0573937001,2020-10-04,2,2.185119152069092
0573937001,2020-10-05,2,2.3033559322357178
0573937001,2020-10-06,2,2.3560879230499268
0573937001,2020-10-07,2,2.4197185039520264
0573937001,2020-10-08,2,2.1450917720794678
0573937001,2020-10-09,2,1.825664758682251
0573937001,2020-10-10,2,1.7333074808120728
0573937001,2020-10-11,1,1.4478707313537598
0573937001,2020-10-12,1,1.479921817779541
0573937001,2020-10-13,2,1.5009983777999878
0573937001,2020-10-14,2,1.8225003480911255
0573937001,2020-10-15,1,1.4468783140182495
0573937001,2020-10-16,1,1.2737722396850586
0573937001,2020-10-17,1,1.2808524370193481
0573937001,2020-10-18,1,1.1640841960906982
0573937001,2020-10-19,1,1.197880744934082
0573937001,2020-10-20,1,1.383326530456543
0573937001,2020-10-21,1,1.439831018447876
0573937001,2020-10-22,2,1.532729983329773
0574109011,2020-09-23,8,8.323915481567383
0574109011,2020-09-24,9,8.912758827209473
0574109011,2020-09-25,10,9.618658065795898
0574109011,2020-09-26,12,12.356758117675781
0574109011,2020-09-27,9,9.463784217834473
0574109011,2020-09-28,16,15.878497123718262
0574109011,2020-09-29,14,13.577088356018066
0574109011,2020-09-30,13,13.054533958435059
0574109011,2020-10-01,12,11.700918197631836
0574109011,2020-10-02,11,10.772356986999512
0574109011,2020-10-03,12,11.692499160766602
0574109011,2020-10-04,9,9.455509185791016
0574109011,2020-10-05,10,9.776253700256348
0574109011,2020-10-06,10,10.166711807250977
0574109011,2020-10-07,11,11.220370292663574
0574109011,2020-10-08,11,10.639800071716309
0574109011,2020-10-09,10,10.465946197509766
0574109011,2020-10-10,11,10.87770938873291
0574109011,2020-10-11,9,8.830628395080566
0574109011,2020-10-12,9,8.511609077453613
0574109011,2020-10-13,9,8.70576286315918
0574109011,2020-10-14,10,9.937788963317871
0574109011,2020-10-15,10,9.69757080078125
0574109011,2020-10-16,9,9.382818222045898
0574109011,2020-10-17,9,9.467867851257324
0574109011,2020-10-18,8,7.792191028594971
0574109011,2020-10-19,8,7.626760005950928
0574109011,2020-10-20,8,7.675159454345703
0574109011,2020-10-21,8,8.472180366516113
0574109011,2020-10-22,9,9.4966402053833
0575347003,2020-09-23,6,6.2652907371521
0575347003,2020-09-24,6,6.235790252685547
0575347003,2020-09-25,6,6.2297797203063965
0575347003,2020-09-26,9,9.168374061584473
0575347003,2020-09-27,5,5.369299411773682
0575347003,2020-09-28,11,11.04079818725586
0575347003,2020-09-29,10,10.243782043457031
0575347003,2020-09-30,11,10.590216636657715
0575347003,2020-10-01,9,8.792280197143555
0575347003,2020-10-02,8,7.9503984451293945
0575347003,2020-10-03,9,8.593284606933594
0575347003,2020-10-04,7,7.012027740478516
0575347003,2020-10-05,7,7.2496442794799805
0575347003,2020-10-06,7,7.43582820892334
0575347003,2020-10-07,8,7.877012252807617
0575347003,2020-10-08,7,7.386546611785889
0575347003,2020-10-09,7,6.998261451721191
0575347003,2020-10-10,7,7.092371463775635
0575347003,2020-10-11,6,6.116018772125244
0575347003,2020-10-12,6,5.963585376739502
0575347003,2020-10-13,6,5.956468105316162
0575347003,2020-10-14,7,6.612070083618164
0575347003,2020-10-15,7,6.627833366394043
0575347003,2020-10-16,6,6.259635925292969
0575347003,2020-10-17,6,6.234071731567383
0575347003,2020-10-18,5,5.303267955780029
0575347003,2020-10-19,5,4.937536239624023
0575347003,2020-10-20,5,4.930901527404785
0575347003,2020-10-21,5,5.409178733825684
0575347003,2020-10-22,6,5.778731346130371
0578476001,2020-09-23,14,14.198339462280273
0578476001,2020-09-24,15,15.269895553588867
0578476001,2020-09-25,15,15.406390190124512
0578476001,2020-09-26,19,18.642837524414062
0578476001,2020-09-27,12,11.699162483215332
0578476001,2020-09-28,20,20.187341690063477
0578476001,2020-09-29,19,19.382408142089844
0578476001,2020-09-30,20,19.689382553100586
0578476001,2020-10-01,18,17.947206497192383
0578476001,2020-10-02,17,16.79361343383789
0578476001,2020-10-03,18,18.431034088134766
0578476001,2020-10-04,15,14.666011810302734
0578476001,2020-10-05,15,14.817541122436523
0578476001,2020-10-06,14,14.2344970703125
0578476001,2020-10-07,16,15.822247505187988
0578476001,2020-10-08,15,15.205602645874023
0578476001,2020-10-09,15,14.831066131591797
0578476001,2020-10-10,16,15.510468482971191
0578476001,2020-10-11,13,12.899075508117676
0578476001,2020-10-12,13,12.645652770996094
0578476001,2020-10-13,13,12.911826133728027
0578476001,2020-10-14,14,13.655858039855957
0578476001,2020-10-15,14,13.881771087646484
0578476001,2020-10-16,14,13.773494720458984
0578476001,2020-10-17,14,13.867011070251465
0578476001,2020-10-18,11,11.264277458190918
0578476001,2020-10-19,11,10.89238166809082
0578476001,2020-10-20,11,11.373178482055664
0578476001,2020-10-21,13,12.937222480773926
0578476001,2020-10-22,14,13.859221458435059
0579302001,2020-09-23,2,1.9115207195281982
0579302001,2020-09-24,2,1.509412407875061
0579302001,2020-09-25,2,1.558874487876892
0579302001,2020-09-26,5,4.598620414733887
0579302001,2020-09-27,2,1.5113071203231812
0579302001,2020-09-28,6,6.477758407592773
0579302001,2020-09-29,3,3.2384541034698486
0579302001,2020-09-30,2,1.7488762140274048
0579302001,2020-10-01,2,2.1859195232391357
0579302001,2020-10-02,2,2.210907459259033
0579302001,2020-10-03,2,2.483055353164673
0579302001,2020-10-04,2,2.0397491455078125
0579302001,2020-10-05,2,1.9778012037277222
0579302001,2020-10-06,2,1.8568748235702515
0579302001,2020-10-07,2,1.8586455583572388
0579302001,2020-10-08,2,1.5572434663772583
0579302001,2020-10-09,1,1.236066222190857
0579302001,2020-10-10,1,1.362531304359436
0579302001,2020-10-11,1,1.256420373916626
0579302001,2020-10-12,1,1.3045176267623901
0579302001,2020-10-13,1,1.3694144487380981
0579302001,2020-10-14,2,1.6262449026107788
0579302001,2020-10-15,1,1.2734404802322388
0579302001,2020-10-16,1,1.1478562355041504
0579302001,2020-10-17,1,1.195806622505188
0579302001,2020-10-18,1,1.1213383674621582
0579302001,2020-10-19,1,1.177506446838379
0579302001,2020-10-20,1,1.362952470779419
0579302001,2020-10-21,1,1.4194567203521729
0579302001,2020-10-22,2,1.512355923652649
0579541001,2020-09-23,46,45.636531829833984
0579541001,2020-09-24,51,50.92977523803711
0579541001,2020-09-25,54,53.87894058227539
0579541001,2020-09-26,89,89.32012176513672
0579541001,2020-09-27,66,65.59947204589844
0579541001,2020-09-28,98,97.95638275146484
0579541001,2020-09-29,81,80.82018280029297
0579541001,2020-09-30,78,77.73141479492188
0579541001,2020-10-01,67,66.63995361328125
0579541001,2020-10-02,67,66.90611267089844
0579541001,2020-10-03,79,79.13119506835938
0579541001,2020-10-04,80,80.32239532470703
0579541001,2020-10-05,77,77.04126739501953
0579541001,2020-10-06,69,69.43668365478516
0579541001,2020-10-07,64,64.41118621826172
0579541001,2020-10-08,59,59.16996765136719
0579541001,2020-10-09,54,54.280242919921875
0579541001,2020-10-10,59,59.2617073059082
0579541001,2020-10-11,71,70.93437957763672
0579541001,2020-10-12,62,61.610328674316406
0579541001,2020-10-13,58,58.029815673828125
0579541001,2020-10-14,62,61.55561828613281
0579541001,2020-10-15,67,66.73836517333984
0579541001,2020-10-16,63,62.82698440551758
0579541001,2020-10-17,68,68.03965759277344
0579541001,2020-10-18,71,70.96432495117188
0579541001,2020-10-19,64,64.1803207397461
0579541001,2020-10-20,65,64.94932556152344
0579541001,2020-10-21,73,72.70889282226562
0579541001,2020-10-22,87,86.82756042480469
0579541004,2020-09-23,3,3.4808130264282227
0579541004,2020-09-24,3,3.0095667839050293
0579541004,2020-09-25,3,3.301352024078369
0579541004,2020-09-26,6,6.249183654785156
0579541004,2020-09-27,3,2.7879180908203125
0579541004,2020-09-28,8,8.246898651123047
0579541004,2020-09-29,5,5.281559467315674
0579541004,2020-09-30,4,3.7472925186157227
0579541004,2020-10-01,4,3.9769773483276367
0579541004,2020-10-02,4,3.885955333709717
0579541004,2020-10-03,4,4.34780740737915
0579541004,2020-10-04,4,3.627753257751465
0579541004,2020-10-05,4,3.5377743244171143
0579541004,2020-10-06,4,3.6298282146453857
0579541004,2020-10-07,4,3.6981582641601562
0579541004,2020-10-08,3,3.38907790184021
0579541004,2020-10-09,3,3.1559274196624756
0579541004,2020-10-10,3,3.2503600120544434
0579541004,2020-10-11,3,2.9514052867889404
0579541004,2020-10-12,3,2.6461939811706543
0579541004,2020-10-13,3,2.6369190216064453
0579541004,2020-10-14,3,3.009150981903076
0579541004,2020-10-15,3,2.7856643199920654
0579541004,2020-10-16,2,2.4174039363861084
0579541004,2020-10-17,2,2.49601411819458
0579541004,2020-10-18,2,2.259894847869873
0579541004,2020-10-19,2,2.180420398712158
0579541004,2020-10-20,2,2.264787197113037
0579541004,2020-10-21,2,2.402010440826416
0579541004,2020-10-22,2,2.406841278076172
0589222001,2020-09-23,2,1.8221327066421509
0589222001,2020-09-24,1,1.474585771560669
0589222001,2020-09-25,2,1.503648281097412
0589222001,2020-09-26,5,4.548501968383789
0589222001,2020-09-27,2,1.5944840908050537
0589222001,2020-09-28,6,6.449983596801758
0589222001,2020-09-29,3,3.2469799518585205
0589222001,2020-09-30,2,1.762378454208374
0589222001,2020-10-01,2,2.1681551933288574
0589222001,2020-10-02,2,2.216102123260498
0589222001,2020-10-03,3,2.512084722518921
0589222001,2020-10-04,2,2.0947513580322266
0589222001,2020-10-05,2,1.9932868480682373
0589222001,2020-10-06,2,1.8521360158920288
0589222001,2020-10-07,2,1.8681784868240356
0589222001,2020-10-08,2,1.5667763948440552
0589222001,2020-10-09,1,1.3090635538101196
0589222001,2020-10-10,1,1.400119662284851
0589222001,2020-10-11,1,1.314932107925415
0589222001,2020-10-12,1,1.299778699874878
0589222001,2020-10-13,1,1.364675521850586
0589222001,2020-10-14,2,1.6357775926589966
0589222001,2020-10-15,1,1.2829734086990356
0589222001,2020-10-16,1,1.132826566696167
0589222001,2020-10-17,1,1.1893447637557983
0589222001,2020-10-18,1,1.1408495903015137
0589222001,2020-10-19,1,1.1727677583694458
0589222001,2020-10-20,1,1.3582135438919067
0589222001,2020-10-21,1,1.4289896488189697
0589222001,2020-10-22,2,1.5305984020233154
0589222005,2020-09-23,3,3.0311434268951416
0589222005,2020-09-24,3,2.6552295684814453
0589222005,2020-09-25,2,2.496476650238037
0589222005,2020-09-26,6,5.662782192230225
0589222005,2020-09-27,2,2.246992588043213
0589222005,2020-09-28,8,7.992437362670898
0589222005,2020-09-29,4,4.3598198890686035
0589222005,2020-09-30,3,3.2889952659606934
0589222005,2020-10-01,4,3.65395450592041
0589222005,2020-10-02,3,3.46437931060791
0589222005,2020-10-03,4,3.9230916500091553
0589222005,2020-10-04,3,3.2144346237182617
0589222005,2020-10-05,3,3.1799025535583496
0589222005,2020-10-06,3,3.075188159942627
0589222005,2020-10-07,3,3.313788414001465
0589222005,2020-10-08,3,2.9996325969696045
0589222005,2020-10-09,3,2.626539468765259
0589222005,2020-10-10,3,2.7873406410217285
0589222005,2020-10-11,2,2.4566490650177
0589222005,2020-10-12,2,2.3445324897766113
0589222005,2020-10-13,2,2.410107135772705
0589222005,2020-10-14,3,2.7103207111358643
0589222005,2020-10-15,2,2.3426754474639893
0589222005,2020-10-16,2,2.0927817821502686
0589222005,2020-10-17,2,2.2194809913635254
0589222005,2020-10-18,2,2.026519775390625
0589222005,2020-10-19,2,1.894369125366211
0589222005,2020-10-20,2,1.8793611526489258
0589222005,2020-10-21,2,1.9176541566848755
0589222005,2020-10-22,2,1.9043316841125488
0589599031,2020-09-23,2,1.7918503284454346
0589599031,2020-09-24,1,1.4443026781082153
0589599031,2020-09-25,1,1.4937647581100464
0589599031,2020-09-26,5,4.553884983062744
0589599031,2020-09-27,1,1.480735182762146
0589599031,2020-09-28,6,6.433022975921631
0589599031,2020-09-29,3,3.1784470081329346
0589599031,2020-09-30,2,1.7297395467758179
0589599031,2020-10-01,2,2.141184091567993
0589599031,2020-10-02,2,2.1661720275878906
0589599031,2020-10-03,2,2.454502820968628
0589599031,2020-10-04,2,2.0091772079467773
0589599031,2020-10-05,2,1.933066725730896
0589599031,2020-10-06,2,1.8121393918991089
0589599031,2020-10-07,2,1.769861102104187
0589599031,2020-10-08,1,1.4684585332870483
0589599031,2020-10-09,1,1.1472805738449097
0589599031,2020-10-10,1,1.3177958726882935
0589599031,2020-10-11,1,1.2258484363555908
0589599031,2020-10-12,1,1.242836356163025
0589599031,2020-10-13,1,1.2823790311813354
0589599031,2020-10-14,2,1.5815094709396362
0589599031,2020-10-15,1,1.2287050485610962
0589599031,2020-10-16,1,1.1031208038330078
0589599031,2020-10-17,1,1.1510711908340454
0589599031,2020-10-18,1,1.090766191482544
0589599031,2020-10-19,1,1.1327710151672363
0589599031,2020-10-20,1,1.3182170391082764
0589599031,2020-10-21,1,1.3747212886810303
0589599031,2020-10-22,1,1.4676204919815063
0589599033,2020-09-23,2,1.9891613721847534
0589599033,2020-09-24,2,1.6416150331497192
0589599033,2020-09-25,2,1.6640757322311401
0589599033,2020-09-26,5,4.701410293579102
0589599033,2020-09-27,2,1.5774179697036743
0589599033,2020-09-28,7,6.596489906311035
0589599033,2020-09-29,3,3.3758630752563477
0589599033,2020-09-30,2,1.8712208271026611
0589599033,2020-10-01,2,2.254004716873169
0589599033,2020-10-02,2,2.3649582862854004
0589599033,2020-10-03,3,2.5806329250335693
0589599033,2020-10-04,2,2.0091772079467773
0589599033,2020-10-05,2,1.9792449474334717
0589599033,2020-10-06,2,1.8820873498916626
0589599033,2020-10-07,2,1.8139103651046753
0589599033,2020-10-08,2,1.5125080347061157
0589599033,2020-10-09,1,1.2793580293655396
0589599033,2020-10-10,1,1.3618460893630981
0589599033,2020-10-11,1,1.2420310974121094
0589599033,2020-10-12,1,1.2759650945663452
0589599033,2020-10-13,1,1.3246790170669556
0589599033,2020-10-14,2,1.5815094709396362
0589599033,2020-10-15,1,1.2287050485610962
0589599033,2020-10-16,1,1.1031208038330078
0589599033,2020-10-17,1,1.1510711908340454
0589599033,2020-10-18,1,1.090766191482544
0589599033,2020-10-19,1,1.1327710151672363
0589599033,2020-10-20,1,1.3182170391082764
0589599033,2020-10-21,1,1.3747212886810303
0589599033,2020-10-22,1,1.4676204919815063
0589599047,2020-09-23,2,1.8548282384872437
0589599047,2020-09-24,2,1.5072808265686035
0589599047,2020-09-25,2,1.5363433361053467
0589599047,2020-09-26,5,4.548501968383789
0589599047,2020-09-27,2,1.633338212966919
0589599047,2020-09-28,6,6.4448323249816895
0589599047,2020-09-29,3,3.2469799518585205
0589599047,2020-09-30,2,1.762378454208374
0589599047,2020-10-01,2,2.1681551933288574
0589599047,2020-10-02,2,2.216102123260498
0589599047,2020-10-03,3,2.638214349746704
0589599047,2020-10-04,2,2.0947513580322266
0589599047,2020-10-05,2,1.9932868480682373
0589599047,2020-10-06,2,1.8780337572097778
0589599047,2020-10-07,2,1.8681784868240356
0589599047,2020-10-08,2,1.5667763948440552
0589599047,2020-10-09,1,1.3090635538101196
0589599047,2020-10-10,1,1.400119662284851
0589599047,2020-10-11,1,1.314932107925415
0589599047,2020-10-12,1,1.299778699874878
0589599047,2020-10-13,1,1.364675521850586
0589599047,2020-10-14,2,1.6357775926589966
0589599047,2020-10-15,1,1.2829734086990356
0589599047,2020-10-16,1,1.132826566696167
0589599047,2020-10-17,1,1.1893447637557983
0589599047,2020-10-18,1,1.1408495903015137
0589599047,2020-10-19,1,1.1727677583694458
0589599047,2020-10-20,1,1.3582135438919067
0589599047,2020-10-21,1,1.4289896488189697
0589599047,2020-10-22,2,1.5305984020233154
0589748001,2020-09-23,5,4.944330215454102
0589748001,2020-09-24,5,4.606664180755615
0589748001,2020-09-25,5,4.818673133850098
0589748001,2020-09-26,8,7.77468729019165
0589748001,2020-09-27,4,3.750605583190918
0589748001,2020-09-28,9,9.377767562866211
0589748001,2020-09-29,8,7.730387210845947
0589748001,2020-09-30,6,6.070443153381348
0589748001,2020-10-01,6,6.055445194244385
0589748001,2020-10-02,6,5.885432720184326
0589748001,2020-10-03,6,6.208967208862305
0589748001,2020-10-04,5,5.092816352844238
0589748001,2020-10-05,5,5.05777645111084
0589748001,2020-10-06,5,5.1161417961120605
0589748001,2020-10-07,6,5.6388139724731445
0589748001,2020-10-08,5,5.401681900024414
0589748001,2020-10-09,5,4.978557109832764
0589748001,2020-10-10,5,5.070745944976807
0589748001,2020-10-11,5,4.652158260345459
0589748001,2020-10-12,4,4.425800800323486
0589748001,2020-10-13,5,4.5158467292785645
0589748001,2020-10-14,5,5.137380599975586
0589748001,2020-10-15,5,4.904984951019287
0589748001,2020-10-16,5,4.541434288024902
0589748001,2020-10-17,5,4.672502040863037
0589748001,2020-10-18,4,3.9709455966949463
0589748001,2020-10-19,4,3.6924331188201904
0589748001,2020-10-20,4,3.898472309112549
0589748001,2020-10-21,4,4.169628143310547
0589748001,2020-10-22,4,4.414320468902588
0590928001,2020-09-23,4,3.8518128395080566
0590928001,2020-09-24,3,3.2242956161499023
0590928001,2020-09-25,3,3.2954964637756348
0590928001,2020-09-26,6,6.470348834991455
0590928001,2020-09-27,3,2.7575063705444336
0590928001,2020-09-28,8,8.403558731079102
0590928001,2020-09-29,5,5.308302402496338
0590928001,2020-09-30,4,3.8754262924194336
0590928001,2020-10-01,4,4.1228556632995605
0590928001,2020-10-02,4,4.264217376708984
0590928001,2020-10-03,5,4.665335178375244
0590928001,2020-10-04,4,3.8192214965820312
0590928001,2020-10-05,4,3.591613531112671
0590928001,2020-10-06,4,3.6580746173858643
0590928001,2020-10-07,4,3.7802350521087646
0590928001,2020-10-08,3,3.484679937362671
0590928001,2020-10-09,3,3.232928991317749
0590928001,2020-10-10,3,3.410247325897217
0590928001,2020-10-11,3,3.0007808208465576
0590928001,2020-10-12,3,2.910851240158081
0590928001,2020-10-13,3,2.741668939590454
0590928001,2020-10-14,3,3.1305911540985107
0590928001,2020-10-15,3,2.8283283710479736
0590928001,2020-10-16,3,2.521470785140991
0590928001,2020-10-17,3,2.5441031455993652
0590928001,2020-10-18,2,2.366619110107422
0590928001,2020-10-19,2,2.292606830596924
0590928001,2020-10-20,2,2.3658666610717773
0590928001,2020-10-21,2,2.402010440826416
0590928001,2020-10-22,2,2.480069637298584
0590928011,2020-09-23,2,1.830605387687683
0590928011,2020-09-24,1,1.4830584526062012
0590928011,2020-09-25,2,1.5121212005615234
0590928011,2020-09-26,5,4.583119869232178
0590928011,2020-09-27,2,1.5842089653015137
0590928011,2020-09-28,7,6.512808799743652
0590928011,2020-09-29,3,3.2304465770721436
0590928011,2020-09-30,2,1.6859638690948486
0590928011,2020-10-01,2,2.266329288482666
0590928011,2020-10-02,2,2.2493810653686523
0590928011,2020-10-03,3,2.6976382732391357
0590928011,2020-10-04,2,2.180055618286133
0590928011,2020-10-05,2,2.026564836502075
0590928011,2020-10-06,2,2.099907159805298
0590928011,2020-10-07,2,2.2715277671813965
0590928011,2020-10-08,2,1.9552854299545288
0590928011,2020-10-09,1,1.4356578588485718
0590928011,2020-10-10,1,1.4881466627120972
0590928011,2020-10-11,1,1.314932107925415
0590928011,2020-10-12,1,1.3366910219192505
0590928011,2020-10-13,1,1.4055461883544922
0590928011,2020-10-14,2,1.7173949480056763
0590928011,2020-10-15,1,1.3476446866989136
0590928011,2020-10-16,1,1.1551976203918457
0590928011,2020-10-17,1,1.1893447637557983
0590928011,2020-10-18,1,1.1408495903015137
0590928011,2020-10-19,1,1.1727677583694458
0590928011,2020-10-20,1,1.3582135438919067
0590928011,2020-10-21,1,1.4289896488189697
0590928011,2020-10-22,2,1.5305984020233154
0590928022,2020-09-23,2,2.213559627532959
0590928022,2020-09-24,2,1.8846796751022339
0590928022,2020-09-25,2,1.6700695753097534
0590928022,2020-09-26,5,4.722273349761963
0590928022,2020-09-27,2,1.859311819076538
0590928022,2020-09-28,7,6.8887858390808105
0590928022,2020-09-29,3,3.3791348934173584
0590928022,2020-09-30,2,1.9861201047897339
0590928022,2020-10-01,2,2.4774394035339355
0590928022,2020-10-02,2,2.374932289123535
0590928022,2020-10-03,3,2.80342698097229
0590928022,2020-10-04,2,2.335400104522705
0590928022,2020-10-05,2,2.3229281902313232
0590928022,2020-10-06,2,2.3423848152160645
0590928022,2020-10-07,2,2.4356751441955566
0590928022,2020-10-08,2,2.1922268867492676
0590928022,2020-10-09,2,1.8743375539779663
0590928022,2020-10-10,2,1.8484814167022705
0590928022,2020-10-11,2,1.7942765951156616
0590928022,2020-10-12,2,1.6438312530517578
0590928022,2020-10-13,2,1.665817141532898
0590928022,2020-10-14,2,1.9128000736236572
0590928022,2020-10-15,2,1.5151574611663818
0590928022,2020-10-16,1,1.3650106191635132
0590928022,2020-10-17,1,1.3672354221343994
0590928022,2020-10-18,1,1.2948156595230103
0590928022,2020-10-19,1,1.241342544555664
0590928022,2020-10-20,1,1.4044170379638672
0590928022,2020-10-21,1,1.457836627960205
0590928022,2020-10-22,2,1.5594453811645508
0590928023,2020-09-23,2,2.2229344844818115
0590928023,2020-09-24,2,1.829062581062317
0590928023,2020-09-25,2,1.6217055320739746
0590928023,2020-09-26,5,4.600910186767578
0590928023,2020-09-27,2,1.7735236883163452
0590928023,2020-09-28,7,6.827589511871338
0590928023,2020-09-29,3,3.382324695587158
0590928023,2020-09-30,2,1.9587854146957397
0590928023,2020-10-01,2,2.3217172622680664
0590928023,2020-10-02,2,2.3648314476013184
0590928023,2020-10-03,3,2.749276876449585
0590928023,2020-10-04,2,2.21482515335083
0590928023,2020-10-05,2,2.0899319648742676
0590928023,2020-10-06,2,2.279280185699463
0590928023,2020-10-07,2,2.346672534942627
0590928023,2020-10-08,2,2.0563273429870605
0590928023,2020-10-09,2,1.8087161779403687
0590928023,2020-10-10,2,1.7044146060943604
0590928023,2020-10-11,2,1.509778618812561
0590928023,2020-10-12,1,1.4176321029663086
0590928023,2020-10-13,2,1.512776255607605
0590928023,2020-10-14,2,1.8010280132293701
0590928023,2020-10-15,2,1.5455849170684814
0590928023,2020-10-16,1,1.3954380750656128
0590928023,2020-10-17,1,1.2283012866973877
0590928023,2020-10-18,1,1.2077656984329224
0590928023,2020-10-19,1,1.2234885692596436
0590928023,2020-10-20,1,1.4089343547821045
0590928023,2020-10-21,1,1.4623537063598633
0590928023,2020-10-22,2,1.563962697982788
0591334003,2020-09-23,2,1.7591545581817627
0591334003,2020-09-24,1,1.4116076231002808
0591334003,2020-09-25,1,1.4610697031021118
0591334003,2020-09-26,5,4.5211896896362305
0591334003,2020-09-27,1,1.4668172597885132
0591334003,2020-09-28,6,6.400327682495117
0591334003,2020-09-29,3,3.1784470081329346
0591334003,2020-09-30,2,1.6822179555892944
0591334003,2020-10-01,2,2.0936625003814697
0591334003,2020-10-02,2,2.035208225250244
0591334003,2020-10-03,2,2.4383199214935303
0591334003,2020-10-04,2,1.9929943084716797
0591334003,2020-10-05,2,1.7943475246429443
0591334003,2020-10-06,2,1.8121393918991089
0591334003,2020-10-07,2,1.6818338632583618
0591334003,2020-10-08,1,1.380431056022644
0591334003,2020-10-09,1,1.1472805738449097
0591334003,2020-10-10,1,1.3177958726882935
0591334003,2020-10-11,1,1.2279366254806519
0591334003,2020-10-12,1,1.242836356163025
0591334003,2020-10-13,1,1.2823790311813354
0591334003,2020-10-14,2,1.5815094709396362
0591334003,2020-10-15,1,1.2287050485610962
0591334003,2020-10-16,1,1.1031208038330078
0591334003,2020-10-17,1,1.1510711908340454
0591334003,2020-10-18,1,1.090766191482544
0591334003,2020-10-19,1,1.1327710151672363
0591334003,2020-10-20,1,1.3182170391082764
0591334003,2020-10-21,1,1.3747212886810303
0591334003,2020-10-22,1,1.4676204919815063
0591334019,2020-09-23,4,3.5489795207977295
0591334019,2020-09-24,3,3.0634284019470215
0591334019,2020-09-25,3,2.975131034851074
0591334019,2020-09-26,6,6.119245529174805
0591334019,2020-09-27,3,2.717848777770996
0591334019,2020-09-28,8,8.3135986328125
0591334019,2020-09-29,5,5.212399005889893
0591334019,2020-09-30,4,3.7286925315856934
0591334019,2020-10-01,4,3.9930779933929443
0591334019,2020-10-02,4,3.8994808197021484
0591334019,2020-10-03,4,4.24953556060791
0591334019,2020-10-04,4,3.6412787437438965
0591334019,2020-10-05,4,3.524724006652832
0591334019,2020-10-06,4,3.5885207653045654
0591334019,2020-10-07,4,3.674975633621216
0591334019,2020-10-08,3,3.3477699756622314
0591334019,2020-10-09,3,2.954256296157837
0591334019,2020-10-10,3,3.0635766983032227
0591334019,2020-10-11,3,2.911747694015503
0591334019,2020-10-12,3,2.6461939811706543
0591334019,2020-10-13,3,2.6369190216064453
0591334019,2020-10-14,3,2.996100664138794
0591334019,2020-10-15,3,2.560796022415161
0591334019,2020-10-16,2,2.3693149089813232
0591334019,2020-10-17,2,2.49601411819458
0591334019,2020-10-18,2,2.2468442916870117
0591334019,2020-10-19,2,2.180420398712158
0591334019,2020-10-20,2,2.264787197113037
0591334019,2020-10-21,2,2.402010440826416
0591334019,2020-10-22,2,2.406841278076172
0598755001,2020-09-23,16,16.071653366088867
0598755001,2020-09-24,17,17.41749382019043
0598755001,2020-09-25,18,18.32476234436035
0598755001,2020-09-26,24,23.677318572998047
0598755001,2020-09-27,21,21.331148147583008
0598755001,2020-09-28,32,32.35503005981445
0598755001,2020-09-29,26,25.73870849609375
0598755001,2020-09-30,24,23.663089752197266
0598755001,2020-10-01,23,23.405662536621094
0598755001,2020-10-02,23,22.975229263305664
0598755001,2020-10-03,26,25.820886611938477
0598755001,2020-10-04,21,21.15066909790039
0598755001,2020-10-05,20,20.460735321044922
0598755001,2020-10-06,20,20.157121658325195
0598755001,2020-10-07,20,20.34171485900879
0598755001,2020-10-08,20,20.386890411376953
0598755001,2020-10-09,20,19.72913360595703
0598755001,2020-10-10,21,20.812397003173828
0598755001,2020-10-11,19,19.380430221557617
0598755001,2020-10-12,20,20.146163940429688
0598755001,2020-10-13,20,19.7811279296875
0598755001,2020-10-14,21,20.641698837280273
0598755001,2020-10-15,21,20.86676597595215
0598755001,2020-10-16,21,20.727447509765625
0598755001,2020-10-17,22,21.71830940246582
0598755001,2020-10-18,19,19.342294692993164
0598755001,2020-10-19,20,19.844940185546875
0598755001,2020-10-20,20,20.126340866088867
0598755001,2020-10-21,21,20.8099422454834
0598755001,2020-10-22,23,22.62641143798828
0599580012,2020-09-23,3,2.992764472961426
0599580012,2020-09-24,3,2.7181882858276367
0599580012,2020-09-25,3,2.6730875968933105
0599580012,2020-09-26,6,5.8238091468811035
0599580012,2020-09-27,2,2.374368667602539
0599580012,2020-09-28,8,8.081157684326172
0599580012,2020-09-29,5,4.990635395050049
0599580012,2020-09-30,3,3.3729560375213623
0599580012,2020-10-01,4,3.7964115142822266
0599580012,2020-10-02,4,3.676013946533203
0599580012,2020-10-03,4,4.071535110473633
0599580012,2020-10-04,3,3.4656577110290527
0599580012,2020-10-05,3,3.338846206665039
0599580012,2020-10-06,3,3.2575037479400635
0599580012,2020-10-07,3,3.4293999671936035
0599580012,2020-10-08,3,3.138031244277954
0599580012,2020-10-09,3,2.917931318283081
0599580012,2020-10-10,3,2.905427932739258
0599580012,2020-10-11,3,2.6483771800994873
0599580012,2020-10-12,2,2.450829029083252
0599580012,2020-10-13,2,2.485740900039673
0599580012,2020-10-14,3,2.8625447750091553
0599580012,2020-10-15,2,2.472111940383911
0599580012,2020-10-16,2,2.2170908451080322
0599580012,2020-10-17,2,2.343790054321289
0599580012,2020-10-18,2,2.099747657775879
0599580012,2020-10-19,2,1.9833271503448486
0599580012,2020-10-20,2,1.9914675951004028
0599580012,2020-10-21,2,1.961703896522522
0599580012,2020-10-22,2,2.0105526447296143
0599580014,2020-09-23,3,2.6197404861450195
0599580014,2020-09-24,2,2.418022632598877
0599580014,2020-09-25,2,2.238316535949707
0599580014,2020-09-26,5,5.482052326202393
0599580014,2020-09-27,2,2.2013416290283203
0599580014,2020-09-28,8,7.796935081481934
0599580014,2020-09-29,4,3.9990129470825195
0599580014,2020-09-30,3,2.6335041522979736
0599580014,2020-10-01,3,3.1152167320251465
0599580014,2020-10-02,3,3.127389430999756
0599580014,2020-10-03,4,3.7016875743865967
0599580014,2020-10-04,3,2.8595571517944336
0599580014,2020-10-05,3,2.7502033710479736
0599580014,2020-10-06,3,2.683417558670044
0599580014,2020-10-07,3,2.8382437229156494
0599580014,2020-10-08,3,2.5782225131988525
0599580014,2020-10-09,2,2.2774126529693604
0599580014,2020-10-10,3,2.5266761779785156
0599580014,2020-10-11,2,2.232018232345581
0599580014,2020-10-12,2,2.142385482788086
0599580014,2020-10-13,2,2.183790922164917
0599580014,2020-10-14,3,2.5127832889556885
0599580014,2020-10-15,2,2.1451380252838135
0599580014,2020-10-16,2,1.930597186088562
0599580014,2020-10-17,2,1.7380543947219849
0599580014,2020-10-18,1,1.4963247776031494
0599580014,2020-10-19,2,1.5436453819274902
0599580014,2020-10-20,2,1.638840913772583
0599580014,2020-10-21,2,1.7072248458862305
0599580014,2020-10-22,2,1.7526017427444458
0599580017,2020-09-23,2,1.9115207195281982
0599580017,2020-09-24,2,1.5639744997024536
0599580017,2020-09-25,2,1.6134368181228638
0599580017,2020-09-26,5,4.61899471282959
0599580017,2020-09-27,2,1.541404128074646
0599580017,2020-09-28,7,6.507856369018555
0599580017,2020-09-29,3,3.2486114501953125
0599580017,2020-09-30,2,1.8782280683517456
0599580017,2020-10-01,2,2.192960023880005
0599580017,2020-10-02,2,2.210907459259033
0599580017,2020-10-03,3,2.609184980392456
0599580017,2020-10-04,2,2.0397491455078125
0599580017,2020-10-05,2,1.9778012037277222
0599580017,2020-10-06,2,1.8827728033065796
0599580017,2020-10-07,2,1.8586455583572388
0599580017,2020-10-08,2,1.5572434663772583
0599580017,2020-10-09,1,1.3240934610366821
0599580017,2020-10-10,1,1.4065815210342407
0599580017,2020-10-11,1,1.2954206466674805
0599580017,2020-10-12,1,1.3045176267623901
0599580017,2020-10-13,1,1.3694144487380981
0599580017,2020-10-14,2,1.6262449026107788
0599580017,2020-10-15,1,1.2734404802322388
0599580017,2020-10-16,1,1.1478562355041504
0599580017,2020-10-17,1,1.195806622505188
0599580017,2020-10-18,1,1.1213383674621582
0599580017,2020-10-19,1,1.177506446838379
0599580017,2020-10-20,1,1.362952470779419
0599580017,2020-10-21,1,1.4194567203521729
0599580017,2020-10-22,2,1.512355923652649
0599580020,2020-09-23,2,1.844505786895752
0599580020,2020-09-24,1,1.4885027408599854
0599580020,2020-09-25,2,1.5175652503967285
0599580020,2020-09-26,5,4.548501968383789
0599580020,2020-09-27,2,1.6194202899932861
0599580020,2020-09-28,6,6.448425769805908
0599580020,2020-09-29,3,3.2469799518585205
0599580020,2020-09-30,2,1.8098998069763184
0599580020,2020-10-01,2,2.1681551933288574
0599580020,2020-10-02,2,2.216102123260498
0599580020,2020-10-03,3,2.638214349746704
0599580020,2020-10-04,2,2.0947513580322266
0599580020,2020-10-05,2,1.9932868480682373
0599580020,2020-10-06,2,1.8780337572097778
0599580020,2020-10-07,2,1.8681784868240356
0599580020,2020-10-08,2,1.5667763948440552
0599580020,2020-10-09,1,1.3090635538101196
0599580020,2020-10-10,1,1.400119662284851
0599580020,2020-10-11,1,1.314932107925415
0599580020,2020-10-12,1,1.299778699874878
0599580020,2020-10-13,1,1.364675521850586
0599580020,2020-10-14,2,1.6357775926589966
0599580020,2020-10-15,1,1.2829734086990356
0599580020,2020-10-16,1,1.132826566696167
0599580020,2020-10-17,1,1.1893447637557983
0599580020,2020-10-18,1,1.1408495903015137
0599580020,2020-10-19,1,1.1727677583694458
0599580020,2020-10-20,1,1.3582135438919067
0599580020,2020-10-21,1,1.4289896488189697
0599580020,2020-10-22,2,1.5305984020233154
0599580024,2020-09-23,2,1.9013307094573975
0599580024,2020-09-24,2,1.5537842512130737
0599580024,2020-09-25,2,1.5687013864517212
0599580024,2020-09-26,5,4.61909818649292
0599580024,2020-09-27,2,1.5011085271835327
0599580024,2020-09-28,6,6.453397274017334
0599580024,2020-09-29,3,3.1784470081329346
0599580024,2020-09-30,2,1.6822179555892944
0599580024,2020-10-01,2,2.141184091567993
0599580024,2020-10-02,2,2.1661720275878906
0599580024,2020-10-03,2,2.4383199214935303
0599580024,2020-10-04,2,2.0091772079467773
0599580024,2020-10-05,2,1.933066725730896
0599580024,2020-10-06,2,1.8121393918991089
0599580024,2020-10-07,2,1.769861102104187
0599580024,2020-10-08,1,1.4684585332870483
0599580024,2020-10-09,1,1.1472805738449097
0599580024,2020-10-10,1,1.3177958726882935
0599580024,2020-10-11,1,1.2258484363555908
0599580024,2020-10-12,1,1.242836356163025
0599580024,2020-10-13,1,1.2823790311813354
0599580024,2020-10-14,2,1.5815094709396362
0599580024,2020-10-15,1,1.2287050485610962
0599580024,2020-10-16,1,1.1031208038330078
0599580024,2020-10-17,1,1.1510711908340454
0599580024,2020-10-18,1,1.090766191482544
0599580024,2020-10-19,1,1.1327710151672363
0599580024,2020-10-20,1,1.3182170391082764
0599580024,2020-10-21,1,1.3747212886810303
0599580024,2020-10-22,1,1.4676204919815063
0599580028,2020-09-23,2,1.830605387687683
0599580028,2020-09-24,1,1.4830584526062012
0599580028,2020-09-25,2,1.5121212005615234
0599580028,2020-09-26,5,4.583119869232178
0599580028,2020-09-27,2,1.5842089653015137
0599580028,2020-09-28,7,6.54255485534668
0599580028,2020-09-29,3,3.2304465770721436
0599580028,2020-09-30,2,1.6859638690948486
0599580028,2020-10-01,2,2.266329288482666
0599580028,2020-10-02,2,2.266754627227783
0599580028,2020-10-03,3,2.7150118350982666
0599580028,2020-10-04,2,2.1974291801452637
0599580028,2020-10-05,2,2.043938398361206
0599580028,2020-10-06,2,2.1172807216644287
0599580028,2020-10-07,2,2.2889013290405273
0599580028,2020-10-08,2,1.9726591110229492
0599580028,2020-10-09,2,1.5725178718566895
0599580028,2020-10-10,2,1.6511502265930176
0599580028,2020-10-11,1,1.4176090955734253
0599580028,2020-10-12,1,1.387342929840088
0599580028,2020-10-13,1,1.4790159463882446
0599580028,2020-10-14,2,1.7772486209869385
0599580028,2020-10-15,1,1.4244441986083984
0599580028,2020-10-16,1,1.2334269285202026
0599580028,2020-10-17,1,1.26369047164917
0599580028,2020-10-18,1,1.1928240060806274
0599580028,2020-10-19,1,1.1985969543457031
0599580028,2020-10-20,1,1.3840429782867432
0599580028,2020-10-21,1,1.437462329864502
0599580028,2020-10-22,2,1.5390713214874268
0599580038,2020-09-23,5,5.48054838180542
0599580038,2020-09-24,5,5.417149543762207
0599580038,2020-09-25,5,5.045137882232666
0599580038,2020-09-26,8,8.36872673034668
0599580038,2020-09-27,5,4.535395622253418
0599580038,2020-09-28,11,10.821490287780762
0599580038,2020-09-29,10,9.690147399902344
0599580038,2020-09-30,7,6.84544038772583
0599580038,2020-10-01,7,6.536171913146973
0599580038,2020-10-02,6,6.446362495422363
0599580038,2020-10-03,7,7.259844779968262
0599580038,2020-10-04,6,5.944733142852783
0599580038,2020-10-05,6,5.659730434417725
0599580038,2020-10-06,6,5.658597946166992
0599580038,2020-10-07,6,6.079982757568359
0599580038,2020-10-08,6,6.138583660125732
0599580038,2020-10-09,6,5.8065361976623535
0599580038,2020-10-10,6,5.698452949523926
0599580038,2020-10-11,5,5.01058292388916
0599580038,2020-10-12,5,4.955406665802002
0599580038,2020-10-13,5,4.907805442810059
0599580038,2020-10-14,5,5.491147518157959
0599580038,2020-10-15,5,5.488794803619385
0599580038,2020-10-16,5,5.3251214027404785
0599580038,2020-10-17,5,5.294991970062256
0599580038,2020-10-18,5,4.810515403747559
0599580038,2020-10-19,5,4.561460971832275
0599580038,2020-10-20,5,4.6907172203063965
0599580038,2020-10-21,5,5.088602542877197
0599580038,2020-10-22,5,5.357633113861084
0599580041,2020-09-23,2,1.9211026430130005
0599580041,2020-09-24,2,1.5735557079315186
0599580041,2020-09-25,2,1.5819423198699951
0599580041,2020-09-26,5,4.604338645935059
0599580041,2020-09-27,2,1.586650013923645
0599580041,2020-09-28,7,6.612375736236572
0599580041,2020-09-29,3,3.2471983432769775
0599580041,2020-09-30,2,1.8074116706848145
0599580041,2020-10-01,2,2.2580132484436035
0599580041,2020-10-02,2,2.2225184440612793
0599580041,2020-10-03,3,2.6446311473846436
0599580041,2020-10-04,2,2.1270480155944824
0599580041,2020-10-05,2,1.99970281124115
0599580041,2020-10-06,2,1.9285002946853638
0599580041,2020-10-07,2,1.8745949268341064
0599580041,2020-10-08,2,1.69978666305542
0599580041,2020-10-09,1,1.3154797554016113
0599580041,2020-10-10,1,1.4065358638763428
0599580041,2020-10-11,1,1.3472281694412231
0599580041,2020-10-12,1,1.3223778009414673
0599580041,2020-10-13,1,1.3950165510177612
0599580041,2020-10-14,2,1.6746654510498047
0599580041,2020-10-15,1,1.442039966583252
0599580041,2020-10-16,1,1.2695220708847046
0599580041,2020-10-17,1,1.1432554721832275
0599580041,2020-10-18,1,1.1873914003372192
0599580041,2020-10-19,1,1.2193095684051514
0599580041,2020-10-20,1,1.4047553539276123
0599580041,2020-10-21,1,1.4581749439239502
0599580041,2020-10-22,2,1.559783697128296
0599580046,2020-09-23,2,2.021594762802124
0599580046,2020-09-24,2,1.829764723777771
0599580046,2020-09-25,2,1.5819423198699951
0599580046,2020-09-26,5,4.604338645935059
0599580046,2020-09-27,2,1.586650013923645
0599580046,2020-09-28,7,6.592001438140869
0599580046,2020-09-29,3,3.4096970558166504
0599580046,2020-09-30,2,1.757802128791809
0599580046,2020-10-01,2,2.3055343627929688
0599580046,2020-10-02,2,2.2225184440612793
0599580046,2020-10-03,3,2.6446311473846436
0599580046,2020-10-04,2,2.1270480155944824
0599580046,2020-10-05,2,2.045881748199463
0599580046,2020-10-06,2,2.14446759223938
0599580046,2020-10-07,2,2.2446653842926025
0599580046,2020-10-08,2,2.0304293632507324
0599580046,2020-10-09,2,1.7596675157546997
0599580046,2020-10-10,2,1.5807693004608154
0599580046,2020-10-11,1,1.3472281694412231
0599580046,2020-10-12,1,1.3431072235107422
0599580046,2020-10-13,1,1.4347800016403198
0599580046,2020-10-14,2,1.723811149597168
0599580046,2020-10-15,2,1.5005725622177124
0599580046,2020-10-16,1,1.333479881286621
0599580046,2020-10-17,1,1.1491400003433228
0599580046,2020-10-18,1,1.1642931699752808
0599580046,2020-10-19,1,1.2186683416366577
0599580046,2020-10-20,1,1.4041141271591187
0599580046,2020-10-21,1,1.4952642917633057
0599580046,2020-10-22,2,1.5764989852905273
0599580052,2020-09-23,3,2.8184919357299805
0599580052,2020-09-24,2,2.0891106128692627
0599580052,2020-09-25,2,2.122403144836426
0599580052,2020-09-26,5,5.2353997230529785
0599580052,2020-09-27,2,2.162703514099121
0599580052,2020-09-28,8,7.811014175415039
0599580052,2020-09-29,4,4.083494663238525
0599580052,2020-09-30,3,3.0043230056762695
0599580052,2020-10-01,3,3.234980344772339
0599580052,2020-10-02,3,3.0826468467712402
0599580052,2020-10-03,4,3.773531675338745
0599580052,2020-10-04,3,3.0653295516967773
0599580052,2020-10-05,3,3.131964921951294
0599580052,2020-10-06,3,2.9666903018951416
0599580052,2020-10-07,3,3.0508124828338623
0599580052,2020-10-08,3,2.9123687744140625
0599580052,2020-10-09,2,2.3795316219329834
0599580052,2020-10-10,3,2.652629852294922
0599580052,2020-10-11,3,2.5042479038238525
0599580052,2020-10-12,2,2.3411550521850586
0599580052,2020-10-13,2,2.2966487407684326
0599580052,2020-10-14,3,2.6251118183135986
0599580052,2020-10-15,2,2.3645949363708496
0599580052,2020-10-16,2,2.2274978160858154
0599580052,2020-10-17,2,2.212894916534424
0599580052,2020-10-18,2,1.9874203205108643
0599580052,2020-10-19,2,1.7454228401184082
0599580052,2020-10-20,2,1.8609206676483154
0599580052,2020-10-21,2,1.9356601238250732
0599580052,2020-10-22,2,1.9310476779937744
0599580055,2020-09-23,3,2.7372617721557617
0599580055,2020-09-24,3,2.687628746032715
0599580055,2020-09-25,3,2.6870362758636475
0599580055,2020-09-26,6,5.706797122955322
0599580055,2020-09-27,2,2.2479617595672607
0599580055,2020-09-28,8,8.155841827392578
0599580055,2020-09-29,5,5.021730899810791
0599580055,2020-09-30,4,3.5450634956359863
0599580055,2020-10-01,4,3.802988052368164
0599580055,2020-10-02,4,3.6580278873443604
0599580055,2020-10-03,4,4.018868446350098
0599580055,2020-10-04,4,3.546616792678833
0599580055,2020-10-05,3,3.258661985397339
0599580055,2020-10-06,3,3.280278205871582
0599580055,2020-10-07,3,3.4815516471862793
0599580055,2020-10-08,3,3.1686718463897705
0599580055,2020-10-09,3,2.910958766937256
0599580055,2020-10-10,3,2.9239394664764404
0599580055,2020-10-11,3,2.7094802856445312
0599580055,2020-10-12,2,2.4217522144317627
0599580055,2020-10-13,2,2.4855563640594482
0599580055,2020-10-14,3,2.836209297180176
0599580055,2020-10-15,3,2.663994073867798
0599580055,2020-10-16,2,2.375502109527588
0599580055,2020-10-17,2,2.2593977451324463
0599580055,2020-10-18,2,2.11429762840271
0599580055,2020-10-19,2,2.0352652072906494
0599580055,2020-10-20,2,2.2219510078430176
0599580055,2020-10-21,2,2.254397392272949
0599580055,2020-10-22,2,2.3242478370666504
0600886001,2020-09-23,3,3.212785243988037
0600886001,2020-09-24,3,3.1340227127075195
0600886001,2020-09-25,3,3.3568286895751953
0600886001,2020-09-26,7,6.70712423324585
0600886001,2020-09-27,3,2.8873610496520996
0600886001,2020-09-28,9,8.711620330810547
0600886001,2020-09-29,5,5.224264144897461
0600886001,2020-09-30,4,3.8889520168304443
0600886001,2020-10-01,4,4.117732048034668
0600886001,2020-10-02,4,4.277742862701416
0600886001,2020-10-03,5,4.701100826263428
0600886001,2020-10-04,4,3.8680362701416016
0600886001,2020-10-05,4,3.591613531112671
0600886001,2020-10-06,4,3.6580746173858643
0600886001,2020-10-07,4,4.000300407409668
0600886001,2020-10-08,4,3.9616401195526123
0600886001,2020-10-09,3,3.452989339828491
0600886001,2020-10-10,4,3.534173011779785
0600886001,2020-10-11,3,3.201110601425171
0600886001,2020-10-12,3,2.947084665298462
0600886001,2020-10-13,3,2.8379924297332764
0600886001,2020-10-14,3,3.2906179428100586
0600886001,2020-10-15,3,3.0529706478118896
0600886001,2020-10-16,3,2.8535540103912354
0600886001,2020-10-17,3,2.6700973510742188
0600886001,2020-10-18,2,2.4333081245422363
0600886001,2020-10-19,2,2.3247323036193848
0600886001,2020-10-20,2,2.478053092956543
0600886001,2020-10-21,3,2.6557559967041016
0600886001,2020-10-22,3,2.6043787002563477
0600886011,2020-09-23,2,2.025085210800171
0600886011,2020-09-24,2,1.6600472927093506
0600886011,2020-09-25,1,1.4937647581100464
0600886011,2020-09-26,5,4.535106658935547
0600886011,2020-09-27,1,1.480735182762146
0600886011,2020-09-28,6,6.41424560546875
0600886011,2020-09-29,3,3.164921998977661
0600886011,2020-09-30,2,1.6801297664642334
0600886011,2020-10-01,2,2.0936625003814697
0600886011,2020-10-02,2,2.0827298164367676
0600886011,2020-10-03,2,2.4383199214935303
0600886011,2020-10-04,2,2.0091772079467773
0600886011,2020-10-05,2,1.933066725730896
0600886011,2020-10-06,2,1.8121393918991089
0600886011,2020-10-07,2,1.769861102104187
0600886011,2020-10-08,1,1.4684585332870483
0600886011,2020-10-09,1,1.1472805738449097
0600886011,2020-10-10,1,1.3177958726882935
0600886011,2020-10-11,1,1.2258484363555908
0600886011,2020-10-12,1,1.242836356163025
0600886011,2020-10-13,1,1.2823790311813354
0600886011,2020-10-14,2,1.5815094709396362
0600886011,2020-10-15,1,1.2287050485610962
0600886011,2020-10-16,1,1.1031208038330078
0600886011,2020-10-17,1,1.1510711908340454
0600886011,2020-10-18,1,1.1104867458343506
0600886011,2020-10-19,1,1.152491569519043
0600886011,2020-10-20,1,1.337937355041504
0600886011,2020-10-21,1,1.394441843032837
0600886011,2020-10-22,1,1.4873408079147339
0603145001,2020-09-23,2,1.773071527481079
0603145001,2020-09-24,1,1.4452451467514038
0603145001,2020-09-25,1,1.4947069883346558
0603145001,2020-09-26,5,4.5548272132873535
0603145001,2020-09-27,2,1.5004554986953735
0603145001,2020-09-28,6,6.433966159820557
0603145001,2020-09-29,3,3.198167562484741
0603145001,2020-09-30,2,1.701938271522522
0603145001,2020-10-01,2,2.1609041690826416
0603145001,2020-10-02,2,2.185892105102539
0603145001,2020-10-03,2,2.483055353164673
0603145001,2020-10-04,2,2.0397491455078125
0603145001,2020-10-05,2,1.9778012037277222
0603145001,2020-10-06,2,1.8568748235702515
0603145001,2020-10-07,2,1.8145965337753296
0603145001,2020-10-08,2,1.513193964958191
0603145001,2020-10-09,1,1.1920160055160522
0603145001,2020-10-10,1,1.362531304359436
0603145001,2020-10-11,1,1.256420373916626
0603145001,2020-10-12,1,1.2875717878341675
0603145001,2020-10-13,1,1.3694144487380981
0603145001,2020-10-14,2,1.6262449026107788
0603145001,2020-10-15,1,1.2734404802322388
0603145001,2020-10-16,1,1.1478562355041504
0603145001,2020-10-17,1,1.195806622505188
0603145001,2020-10-18,1,1.1213383674621582
0603145001,2020-10-19,1,1.177506446838379
0603145001,2020-10-20,1,1.362952470779419
0603145001,2020-10-21,1,1.4194567203521729
0603145001,2020-10-22,2,1.512355923652649
0603582001,2020-09-23,2,1.8178069591522217
0603582001,2020-09-24,1,1.4702600240707397
0603582001,2020-09-25,2,1.5197221040725708
0603582001,2020-09-26,5,4.5798420906066895
0603582001,2020-09-27,2,1.5113071203231812
0603582001,2020-09-28,6,6.44506311416626
0603582001,2020-09-29,3,3.2231826782226562
0603582001,2020-09-30,2,1.7488762140274048
0603582001,2020-10-01,2,2.1859195232391357
0603582001,2020-10-02,2,2.210907459259033
0603582001,2020-10-03,2,2.483055353164673
0603582001,2020-10-04,2,2.0397491455078125
0603582001,2020-10-05,2,1.9778012037277222
0603582001,2020-10-06,2,1.8568748235702515
0603582001,2020-10-07,2,1.8586455583572388
0603582001,2020-10-08,2,1.5572434663772583
0603582001,2020-10-09,1,1.236066222190857
0603582001,2020-10-10,1,1.362531304359436
0603582001,2020-10-11,1,1.256420373916626
0603582001,2020-10-12,1,1.3045176267623901
0603582001,2020-10-13,1,1.3694144487380981
0603582001,2020-10-14,2,1.6262449026107788
0603582001,2020-10-15,1,1.2734404802322388
0603582001,2020-10-16,1,1.1478562355041504
0603582001,2020-10-17,1,1.195806622505188
0603582001,2020-10-18,1,1.1213383674621582
0603582001,2020-10-19,1,1.177506446838379
0603582001,2020-10-20,1,1.362952470779419
0603582001,2020-10-21,1,1.4194567203521729
0603582001,2020-10-22,2,1.512355923652649
0603584018,2020-09-23,2,1.8360496759414673
0603584018,2020-09-24,1,1.4885027408599854
0603584018,2020-09-25,2,1.503648281097412
0603584018,2020-09-26,5,4.548501968383789
0603584018,2020-09-27,2,1.5944840908050537
0603584018,2020-09-28,6,6.449983596801758
0603584018,2020-09-29,3,3.2469799518585205
0603584018,2020-09-30,2,1.762378454208374
0603584018,2020-10-01,2,2.159322738647461
0603584018,2020-10-02,2,2.2072696685791016
0603584018,2020-10-03,3,2.5032527446746826
0603584018,2020-10-04,2,2.0859193801879883
0603584018,2020-10-05,2,1.9844545125961304
0603584018,2020-10-06,2,1.8433037996292114
0603584018,2020-10-07,2,1.8593462705612183
0603584018,2020-10-08,2,1.5579441785812378
0603584018,2020-10-09,1,1.3002315759658813
0603584018,2020-10-10,1,1.3912874460220337
0603584018,2020-10-11,1,1.2899169921875
0603584018,2020-10-12,1,1.2909467220306396
0603584018,2020-10-13,1,1.3558435440063477
0603584018,2020-10-14,2,1.5815094709396362
0603584018,2020-10-15,1,1.2287050485610962
0603584018,2020-10-16,1,1.1031208038330078
0603584018,2020-10-17,1,1.1510711908340454
0603584018,2020-10-18,1,1.090766191482544
0603584018,2020-10-19,1,1.1327710151672363
0603584018,2020-10-20,1,1.3182170391082764
0603584018,2020-10-21,1,1.3747212886810303
0603584018,2020-10-22,1,1.4676204919815063
0605690001,2020-09-23,2,1.8038899898529053
0605690001,2020-09-24,1,1.4563430547714233
0605690001,2020-09-25,2,1.5058051347732544
0605690001,2020-09-26,5,4.565925121307373
0605690001,2020-09-27,1,1.4973891973495483
0605690001,2020-09-28,6,6.415317058563232
0605690001,2020-09-29,3,3.2231826782226562
0605690001,2020-09-30,2,1.7963978052139282
0605690001,2020-10-01,2,2.1859195232391357
0605690001,2020-10-02,2,2.210907459259033
0605690001,2020-10-03,2,2.483055353164673
0605690001,2020-10-04,2,2.0397491455078125
0605690001,2020-10-05,2,1.9778012037277222
0605690001,2020-10-06,2,1.8568748235702515
0605690001,2020-10-07,2,1.8586455583572388
0605690001,2020-10-08,2,1.5572434663772583
0605690001,2020-10-09,1,1.236066222190857
0605690001,2020-10-10,1,1.362531304359436
0605690001,2020-10-11,1,1.256420373916626
0605690001,2020-10-12,1,1.3045176267623901
0605690001,2020-10-13,1,1.3694144487380981
0605690001,2020-10-14,2,1.6262449026107788
0605690001,2020-10-15,1,1.2734404802322388
0605690001,2020-10-16,1,1.1478562355041504
0605690001,2020-10-17,1,1.195806622505188
0605690001,2020-10-18,1,1.1213383674621582
0605690001,2020-10-19,1,1.177506446838379
0605690001,2020-10-20,1,1.362952470779419
0605690001,2020-10-21,1,1.4194567203521729
0605690001,2020-10-22,2,1.512355923652649
0608458001,2020-09-23,2,1.9393727779388428
0608458001,2020-09-24,2,1.579696536064148
0608458001,2020-09-25,2,1.7439204454421997
0608458001,2020-09-26,5,4.535106658935547
0608458001,2020-09-27,1,1.480735182762146
0608458001,2020-09-28,6,6.41424560546875
0608458001,2020-09-29,3,3.1784470081329346
0608458001,2020-09-30,2,1.6822179555892944
0608458001,2020-10-01,2,2.0936625003814697
0608458001,2020-10-02,2,2.1661720275878906
0608458001,2020-10-03,2,2.4383199214935303
0608458001,2020-10-04,2,2.0091772079467773
0608458001,2020-10-05,2,1.933066725730896
0608458001,2020-10-06,2,1.8121393918991089
0608458001,2020-10-07,2,1.8139103651046753
0608458001,2020-10-08,1,1.4684585332870483
0608458001,2020-10-09,1,1.1472805738449097
0608458001,2020-10-10,1,1.3177958726882935
0608458001,2020-10-11,1,1.2258484363555908
0608458001,2020-10-12,1,1.242836356163025
0608458001,2020-10-13,1,1.2823790311813354
0608458001,2020-10-14,2,1.5815094709396362
0608458001,2020-10-15,1,1.2287050485610962
0608458001,2020-10-16,1,1.1031208038330078
0608458001,2020-10-17,1,1.1510711908340454
0608458001,2020-10-18,1,1.090766191482544
0608458001,2020-10-19,1,1.1327710151672363
0608458001,2020-10-20,1,1.3182170391082764
0608458001,2020-10-21,1,1.3747212886810303
0608458001,2020-10-22,1,1.4676204919815063
0608776002,2020-09-23,6,5.765050411224365
0608776002,2020-09-24,5,5.1498188972473145
0608776002,2020-09-25,5,4.951203346252441
0608776002,2020-09-26,8,7.8044352531433105
0608776002,2020-09-27,4,3.879507541656494
0608776002,2020-09-28,10,9.978867530822754
0608776002,2020-09-29,8,8.11431884765625
0608776002,2020-09-30,6,6.306449890136719
0608776002,2020-10-01,6,6.364678382873535
0608776002,2020-10-02,6,6.062930583953857
0608776002,2020-10-03,7,6.54051399230957
0608776002,2020-10-04,5,5.296247959136963
0608776002,2020-10-05,5,5.191612243652344
0608776002,2020-10-06,5,5.388662338256836
0608776002,2020-10-07,6,5.8240580558776855
0608776002,2020-10-08,5,5.414068698883057
0608776002,2020-10-09,5,5.265679836273193
0608776002,2020-10-10,5,5.319392681121826
0608776002,2020-10-11,5,4.6889472007751465
0608776002,2020-10-12,5,4.51326847076416
0608776002,2020-10-13,5,4.700216293334961
0608776002,2020-10-14,5,5.285223484039307
0608776002,2020-10-15,5,5.128353118896484
0608776002,2020-10-16,5,4.833254337310791
0608776002,2020-10-17,5,4.748032569885254
0608776002,2020-10-18,4,4.2317728996276855
0608776002,2020-10-19,4,4.229622840881348
0608776002,2020-10-20,4,4.316241264343262
0608776002,2020-10-21,5,4.510712146759033
0608776002,2020-10-22,5,4.642847061157227
0608776003,2020-09-23,2,1.830605387687683
0608776003,2020-09-24,1,1.4830584526062012
0608776003,2020-09-25,2,1.5121212005615234
0608776003,2020-09-26,5,4.583119869232178
0608776003,2020-09-27,2,1.5842089653015137
0608776003,2020-09-28,7,6.54255485534668
0608776003,2020-09-29,3,3.2304465770721436
0608776003,2020-09-30,2,1.6859638690948486
0608776003,2020-10-01,2,2.2188076972961426
0608776003,2020-10-02,2,2.266754627227783
0608776003,2020-10-03,3,2.7150118350982666
0608776003,2020-10-04,2,2.1974291801452637
0608776003,2020-10-05,2,2.043938398361206
0608776003,2020-10-06,2,2.1172807216644287
0608776003,2020-10-07,2,2.2889013290405273
0608776003,2020-10-08,2,1.9726591110229492
0608776003,2020-10-09,1,1.4863097667694092
0608776003,2020-10-10,2,1.564943552017212
0608776003,2020-10-11,1,1.4176090955734253
0608776003,2020-10-12,1,1.3699698448181152
0608776003,2020-10-13,1,1.4616426229476929
0608776003,2020-10-14,2,1.7359507083892822
0608776003,2020-10-15,1,1.3831462860107422
0608776003,2020-10-16,1,1.2160536050796509
0608776003,2020-10-17,1,1.2239458560943604
0608776003,2020-10-18,1,1.1754506826400757
0608776003,2020-10-19,1,1.1727677583694458
0608776003,2020-10-20,1,1.3582135438919067
0608776003,2020-10-21,1,1.4289896488189697
0608776003,2020-10-22,2,1.5305984020233154
0609719001,2020-09-23,2,1.8038899898529053
0609719001,2020-09-24,1,1.4563430547714233
0609719001,2020-09-25,2,1.5058051347732544
0609719001,2020-09-26,5,4.565925121307373
0609719001,2020-09-27,2,1.5113071203231812
0609719001,2020-09-28,6,6.458981037139893
0609719001,2020-09-29,3,3.2231826782226562
0609719001,2020-09-30,2,1.7963978052139282
0609719001,2020-10-01,2,2.1859195232391357
0609719001,2020-10-02,2,2.210907459259033
0609719001,2020-10-03,2,2.483055353164673
0609719001,2020-10-04,2,2.0397491455078125
0609719001,2020-10-05,2,1.9778012037277222
0609719001,2020-10-06,2,1.8568748235702515
0609719001,2020-10-07,2,1.8586455583572388
0609719001,2020-10-08,2,1.5572434663772583
0609719001,2020-10-09,1,1.236066222190857
0609719001,2020-10-10,1,1.362531304359436
0609719001,2020-10-11,1,1.256420373916626
0609719001,2020-10-12,1,1.3045176267623901
0609719001,2020-10-13,1,1.3694144487380981
0609719001,2020-10-14,2,1.6262449026107788
0609719001,2020-10-15,1,1.2734404802322388
0609719001,2020-10-16,1,1.1478562355041504
0609719001,2020-10-17,1,1.195806622505188
0609719001,2020-10-18,1,1.1213383674621582
0609719001,2020-10-19,1,1.177506446838379
0609719001,2020-10-20,1,1.362952470779419
0609719001,2020-10-21,1,1.4194567203521729
0609719001,2020-10-22,2,1.512355923652649
0610776001,2020-09-23,20,20.00578498840332
0610776001,2020-09-24,23,23.312759399414062
0610776001,2020-09-25,24,24.372817993164062
0610776001,2020-09-26,45,44.65947723388672
0610776001,2020-09-27,49,48.67890548706055
0610776001,2020-09-28,63,63.01842498779297
0610776001,2020-09-29,52,51.904762268066406
0610776001,2020-09-30,48,47.56694793701172
0610776001,2020-10-01,42,42.0102653503418
0610776001,2020-10-02,42,42.39106750488281
0610776001,2020-10-03,49,48.721187591552734
0610776001,2020-10-04,43,43.17900085449219
0610776001,2020-10-05,43,42.55336380004883
0610776001,2020-10-06,43,42.64962387084961
0610776001,2020-10-07,45,45.24525833129883
0610776001,2020-10-08,44,43.75890350341797
0610776001,2020-10-09,43,42.53398513793945
0610776001,2020-10-10,50,50.21522903442383
0610776001,2020-10-11,56,56.14239501953125
0610776001,2020-10-12,47,46.54042053222656
0610776001,2020-10-13,45,45.32051467895508
0610776001,2020-10-14,50,49.7181396484375
0610776001,2020-10-15,50,49.752315521240234
0610776001,2020-10-16,48,48.448490142822266
0610776001,2020-10-17,56,55.9294319152832
0610776001,2020-10-18,56,55.96554946899414
0610776001,2020-10-19,53,52.81085968017578
0610776001,2020-10-20,50,50.42368698120117
0610776001,2020-10-21,52,52.17554473876953
0610776001,2020-10-22,57,57.42842102050781
0610776002,2020-09-23,43,43.473045349121094
0610776002,2020-09-24,48,47.90916061401367
0610776002,2020-09-25,46,46.31232452392578
0610776002,2020-09-26,89,88.70954132080078
0610776002,2020-09-27,65,65.36385345458984
0610776002,2020-09-28,97,97.20783996582031
0610776002,2020-09-29,87,87.01420593261719
0610776002,2020-09-30,81,80.5196304321289
0610776002,2020-10-01,67,66.60594177246094
0610776002,2020-10-02,59,59.33439636230469
0610776002,2020-10-03,69,68.64268493652344
0610776002,2020-10-04,63,63.13581085205078
0610776002,2020-10-05,58,57.56133270263672
0610776002,2020-10-06,53,53.08742904663086
0610776002,2020-10-07,53,52.67955017089844
0610776002,2020-10-08,48,48.240333557128906
0610776002,2020-10-09,43,42.79277038574219
0610776002,2020-10-10,53,52.695125579833984
0610776002,2020-10-11,58,57.5257568359375
0610776002,2020-10-12,50,49.763729095458984
0610776002,2020-10-13,51,50.55009078979492
0610776002,2020-10-14,51,50.67771911621094
0610776002,2020-10-15,50,49.65048599243164
0610776002,2020-10-16,47,47.05903625488281
0610776002,2020-10-17,53,52.91689682006836
0610776002,2020-10-18,53,52.73802947998047
0610776002,2020-10-19,49,49.388729095458984
0610776002,2020-10-20,49,48.984012603759766
0610776002,2020-10-21,54,54.43455505371094
0610776002,2020-10-22,61,61.13975143432617
0610776022,2020-09-23,2,1.7591545581817627
0610776022,2020-09-24,1,1.4116076231002808
0610776022,2020-09-25,1,1.4610697031021118
0610776022,2020-09-26,5,4.5211896896362305
0610776022,2020-09-27,1,1.4668172597885132
0610776022,2020-09-28,6,6.400327682495117
0610776022,2020-09-29,3,3.1784470081329346
0610776022,2020-09-30,2,1.6822179555892944
0610776022,2020-10-01,2,2.0936625003814697
0610776022,2020-10-02,2,2.035208225250244
0610776022,2020-10-03,2,2.4383199214935303
0610776022,2020-10-04,2,1.9929943084716797
0610776022,2020-10-05,2,1.7943475246429443
0610776022,2020-10-06,2,1.8121393918991089
0610776022,2020-10-07,2,1.6818338632583618
0610776022,2020-10-08,1,1.380431056022644
0610776022,2020-10-09,1,1.1472805738449097
0610776022,2020-10-10,1,1.3177958726882935
0610776022,2020-10-11,1,1.2279366254806519
0610776022,2020-10-12,1,1.242836356163025
0610776022,2020-10-13,1,1.2823790311813354
0610776022,2020-10-14,2,1.5815094709396362
0610776022,2020-10-15,1,1.2287050485610962
0610776022,2020-10-16,1,1.1031208038330078
0610776022,2020-10-17,1,1.1510711908340454
0610776022,2020-10-18,1,1.090766191482544
0610776022,2020-10-19,1,1.1327710151672363
0610776022,2020-10-20,1,1.3182170391082764
0610776022,2020-10-21,1,1.3747212886810303
0610776022,2020-10-22,1,1.4676204919815063
0610776026,2020-09-23,2,1.8221327066421509
0610776026,2020-09-24,1,1.474585771560669
0610776026,2020-09-25,2,1.503648281097412
0610776026,2020-09-26,5,4.548501968383789
0610776026,2020-09-27,2,1.5944840908050537
0610776026,2020-09-28,6,6.449983596801758
0610776026,2020-09-29,3,3.2469799518585205
0610776026,2020-09-30,2,1.8098998069763184
0610776026,2020-10-01,2,2.215676784515381
0610776026,2020-10-02,2,2.216102123260498
0610776026,2020-10-03,3,2.638214349746704
0610776026,2020-10-04,2,2.0947513580322266
0610776026,2020-10-05,2,1.9932868480682373
0610776026,2020-10-06,2,1.8780337572097778
0610776026,2020-10-07,2,1.8593462705612183
0610776026,2020-10-08,2,1.5579441785812378
0610776026,2020-10-09,1,1.3002315759658813
0610776026,2020-10-10,1,1.3912874460220337
0610776026,2020-10-11,1,1.3060998916625977
0610776026,2020-10-12,1,1.2909467220306396
0610776026,2020-10-13,1,1.3558435440063477
0610776026,2020-10-14,2,1.6269456148147583
0610776026,2020-10-15,1,1.2741411924362183
0610776026,2020-10-16,1,1.1239943504333496
0610776026,2020-10-17,1,1.18051278591156
0610776026,2020-10-18,1,1.1320176124572754
0610776026,2020-10-19,1,1.1639355421066284
0610776026,2020-10-20,1,1.3182170391082764
0610776026,2020-10-21,1,1.3747212886810303
0610776026,2020-10-22,1,1.4676204919815063
0610776028,2020-09-23,2,1.7788751125335693
0610776028,2020-09-24,1,1.4313281774520874
0610776028,2020-09-25,1,1.4807900190353394
0610776028,2020-09-26,5,4.540910243988037
0610776028,2020-09-27,1,1.4865375757217407
0610776028,2020-09-28,6,6.415317058563232
0610776028,2020-09-29,3,3.251979112625122
0610776028,2020-09-30,2,1.7488762140274048
0610776028,2020-10-01,2,2.1859195232391357
0610776028,2020-10-02,2,2.210907459259033
0610776028,2020-10-03,2,2.483055353164673
0610776028,2020-10-04,2,2.0397491455078125
0610776028,2020-10-05,2,1.9778012037277222
0610776028,2020-10-06,2,1.8568748235702515
0610776028,2020-10-07,2,1.8145965337753296
0610776028,2020-10-08,2,1.513193964958191
0610776028,2020-10-09,1,1.236066222190857
0610776028,2020-10-10,1,1.362531304359436
0610776028,2020-10-11,1,1.256420373916626
0610776028,2020-10-12,1,1.3045176267623901
0610776028,2020-10-13,1,1.3694144487380981
0610776028,2020-10-14,2,1.6262449026107788
0610776028,2020-10-15,1,1.2734404802322388
0610776028,2020-10-16,1,1.1478562355041504
0610776028,2020-10-17,1,1.195806622505188
0610776028,2020-10-18,1,1.1213383674621582
0610776028,2020-10-19,1,1.177506446838379
0610776028,2020-10-20,1,1.362952470779419
0610776028,2020-10-21,1,1.4194567203521729
0610776028,2020-10-22,2,1.512355923652649
0610776033,2020-09-23,2,1.773071527481079
0610776033,2020-09-24,1,1.4255245923995972
0610776033,2020-09-25,1,1.4749866724014282
0610776033,2020-09-26,5,4.535106658935547
0610776033,2020-09-27,1,1.480735182762146
0610776033,2020-09-28,6,6.41424560546875
0610776033,2020-09-29,3,3.1746456623077393
0610776033,2020-09-30,2,1.6919416189193726
0610776033,2020-10-01,2,2.103386163711548
0610776033,2020-10-02,2,2.0924534797668457
0610776033,2020-10-03,2,2.4480435848236084
0610776033,2020-10-04,2,1.9929943084716797
0610776033,2020-10-05,2,1.7943475246429443
0610776033,2020-10-06,2,1.8121393918991089
0610776033,2020-10-07,2,1.6818338632583618
0610776033,2020-10-08,1,1.380431056022644
0610776033,2020-10-09,1,1.1472805738449097
0610776033,2020-10-10,1,1.3177958726882935
0610776033,2020-10-11,1,1.2279366254806519
0610776033,2020-10-12,1,1.242836356163025
0610776033,2020-10-13,1,1.2823790311813354
0610776033,2020-10-14,2,1.5815094709396362
0610776033,2020-10-15,1,1.2287050485610962
0610776033,2020-10-16,1,1.1031208038330078
0610776033,2020-10-17,1,1.1510711908340454
0610776033,2020-10-18,1,1.090766191482544
0610776033,2020-10-19,1,1.1327710151672363
0610776033,2020-10-20,1,1.3182170391082764
0610776033,2020-10-21,1,1.3747212886810303
0610776033,2020-10-22,1,1.4676204919815063
0610776040,2020-09-23,2,1.830605387687683
0610776040,2020-09-24,1,1.4830584526062012
0610776040,2020-09-25,2,1.5121212005615234
0610776040,2020-09-26,5,4.583119869232178
0610776040,2020-09-27,2,1.5841923952102661
0610776040,2020-09-28,6,6.3881659507751465
0610776040,2020-09-29,3,3.2450430393218994
0610776040,2020-09-30,2,1.700560450553894
0610776040,2020-10-01,2,2.2014341354370117
0610776040,2020-10-02,2,2.2493810653686523
0610776040,2020-10-03,3,2.5715086460113525
0610776040,2020-10-04,2,2.0947513580322266
0610776040,2020-10-05,2,1.9932868480682373
0610776040,2020-10-06,2,1.8780337572097778
0610776040,2020-10-07,2,1.8681784868240356
0610776040,2020-10-08,2,1.5667763948440552
0610776040,2020-10-09,1,1.3090635538101196
0610776040,2020-10-10,1,1.400119662284851
0610776040,2020-10-11,1,1.314932107925415
0610776040,2020-10-12,1,1.299778699874878
0610776040,2020-10-13,1,1.364675521850586
0610776040,2020-10-14,2,1.6357775926589966
0610776040,2020-10-15,1,1.2829734086990356
0610776040,2020-10-16,1,1.132826566696167
0610776040,2020-10-17,1,1.1893447637557983
0610776040,2020-10-18,1,1.1408495903015137
0610776040,2020-10-19,1,1.1727677583694458
0610776040,2020-10-20,1,1.3582135438919067
0610776040,2020-10-21,1,1.4289896488189697
0610776040,2020-10-22,2,1.5305984020233154
0611415001,2020-09-23,20,20.047340393066406
0611415001,2020-09-24,26,26.07628059387207
0611415001,2020-09-25,32,31.80452537536621
0611415001,2020-09-26,57,56.58338165283203
0611415001,2020-09-27,50,50.259212493896484
0611415001,2020-09-28,85,84.99777221679688
0611415001,2020-09-29,70,70.01904296875
0611415001,2020-09-30,58,58.295570373535156
0611415001,2020-10-01,55,55.030296325683594
0611415001,2020-10-02,53,53.06502914428711
0611415001,2020-10-03,61,61.31016540527344
0611415001,2020-10-04,52,51.70429611206055
0611415001,2020-10-05,49,48.77485656738281
0611415001,2020-10-06,49,49.05063247680664
0611415001,2020-10-07,51,51.27069091796875
0611415001,2020-10-08,47,46.83610153198242
0611415001,2020-10-09,40,39.9379997253418
0611415001,2020-10-10,44,43.79027557373047
0611415001,2020-10-11,50,50.257720947265625
0611415001,2020-10-12,45,45.448238372802734
0611415001,2020-10-13,45,44.630428314208984
0611415001,2020-10-14,52,51.6097526550293
0611415001,2020-10-15,55,54.92890548706055
0611415001,2020-10-16,52,52.349761962890625
0611415001,2020-10-17,55,54.86479949951172
0611415001,2020-10-18,54,53.78199005126953
0611415001,2020-10-19,51,51.22501754760742
0611415001,2020-10-20,52,52.220314025878906
0611415001,2020-10-21,58,57.571388244628906
0611415001,2020-10-22,60,59.75962448120117
0611415005,2020-09-23,2,1.8038899898529053
0611415005,2020-09-24,1,1.4563430547714233
0611415005,2020-09-25,2,1.5058051347732544
0611415005,2020-09-26,5,4.565925121307373
0611415005,2020-09-27,2,1.5113071203231812
0611415005,2020-09-28,6,6.44506311416626
0611415005,2020-09-29,3,3.2231826782226562
0611415005,2020-09-30,2,1.7488762140274048
0611415005,2020-10-01,2,2.1383979320526123
0611415005,2020-10-02,2,2.210907459259033
0611415005,2020-10-03,2,2.483055353164673
0611415005,2020-10-04,2,2.0397491455078125
0611415005,2020-10-05,2,1.9778012037277222
0611415005,2020-10-06,2,1.8568748235702515
0611415005,2020-10-07,2,1.8145965337753296
0611415005,2020-10-08,2,1.513193964958191
0611415005,2020-10-09,1,1.236066222190857
0611415005,2020-10-10,1,1.362531304359436
0611415005,2020-10-11,1,1.256420373916626
0611415005,2020-10-12,1,1.3045176267623901
0611415005,2020-10-13,1,1.3694144487380981
0611415005,2020-10-14,2,1.6262449026107788
0611415005,2020-10-15,1,1.2734404802322388
0611415005,2020-10-16,1,1.1478562355041504
0611415005,2020-10-17,1,1.195806622505188
0611415005,2020-10-18,1,1.1213383674621582
0611415005,2020-10-19,1,1.177506446838379
0611415005,2020-10-20,1,1.362952470779419
0611415005,2020-10-21,1,1.4194567203521729
0611415005,2020-10-22,2,1.512355923652649
0612481002,2020-09-23,2,2.0698206424713135
0612481002,2020-09-24,2,1.743872880935669
0612481002,2020-09-25,2,1.538500189781189
0612481002,2020-09-26,5,4.5798420906066895
0612481002,2020-09-27,1,1.4973891973495483
0612481002,2020-09-28,6,6.44506311416626
0612481002,2020-09-29,3,3.2231826782226562
0612481002,2020-09-30,2,1.8039627075195312
0612481002,2020-10-01,2,2.1383979320526123
0612481002,2020-10-02,2,2.210907459259033
0612481002,2020-10-03,2,2.483055353164673
0612481002,2020-10-04,2,2.0397491455078125
0612481002,2020-10-05,2,1.9778012037277222
0612481002,2020-10-06,2,1.8568748235702515
0612481002,2020-10-07,2,1.8586455583572388
0612481002,2020-10-08,2,1.5572434663772583
0612481002,2020-10-09,1,1.236066222190857
0612481002,2020-10-10,1,1.362531304359436
0612481002,2020-10-11,1,1.256420373916626
0612481002,2020-10-12,1,1.3045176267623901
0612481002,2020-10-13,1,1.3694144487380981
0612481002,2020-10-14,2,1.6262449026107788
0612481002,2020-10-15,1,1.2734404802322388
0612481002,2020-10-16,1,1.1478562355041504
0612481002,2020-10-17,1,1.195806622505188
0612481002,2020-10-18,1,1.1213383674621582
0612481002,2020-10-19,1,1.177506446838379
0612481002,2020-10-20,1,1.362952470779419
0612481002,2020-10-21,1,1.4194567203521729
0612481002,2020-10-22,2,1.512355923652649
0612935009,2020-09-23,2,2.0417068004608154
0612935009,2020-09-24,2,1.7782152891159058
0612935009,2020-09-25,2,1.5107991695404053
0612935009,2020-09-26,5,4.533195495605469
0612935009,2020-09-27,2,1.5787044763565063
0612935009,2020-09-28,7,6.567105293273926
0612935009,2020-09-29,3,3.423222541809082
0612935009,2020-09-30,2,1.8493738174438477
0612935009,2020-10-01,2,2.3217172622680664
0612935009,2020-10-02,2,2.238701343536377
0612935009,2020-10-03,3,2.6446311473846436
0612935009,2020-10-04,2,2.1270480155944824
0612935009,2020-10-05,2,2.045881748199463
0612935009,2020-10-06,2,2.14446759223938
0612935009,2020-10-07,2,2.2446653842926025
0612935009,2020-10-08,2,2.017378807067871
0612935009,2020-10-09,2,1.7596675157546997
0612935009,2020-10-10,2,1.6011435985565186
0612935009,2020-10-11,1,1.3676024675369263
0612935009,2020-10-12,1,1.3634815216064453
0612935009,2020-10-13,2,1.5300477743148804
0612935009,2020-10-14,2,1.7681100368499756
0612935009,2020-10-15,2,1.6107358932495117
0612935009,2020-10-16,1,1.4366642236709595
0612935009,2020-10-17,1,1.1491400003433228
0612935009,2020-10-18,1,1.1642931699752808
0612935009,2020-10-19,1,1.2186683416366577
0612935009,2020-10-20,1,1.4518603086471558
0612935009,2020-10-21,1,1.4952642917633057
0612935009,2020-10-22,2,1.5764989852905273
0614854005,2020-09-23,14,13.577387809753418
0614854005,2020-09-24,14,13.77624225616455
0614854005,2020-09-25,14,13.92705249786377
0614854005,2020-09-26,18,18.311185836791992
0614854005,2020-09-27,15,14.923672676086426
0614854005,2020-09-28,22,21.827495574951172
0614854005,2020-09-29,20,19.934017181396484
0614854005,2020-09-30,20,19.70497703552246
0614854005,2020-10-01,18,17.631879806518555
0614854005,2020-10-02,17,17.301830291748047
0614854005,2020-10-03,20,19.683055877685547
0614854005,2020-10-04,15,15.491395950317383
0614854005,2020-10-05,16,15.549677848815918
0614854005,2020-10-06,15,15.479670524597168
0614854005,2020-10-07,16,16.196313858032227
0614854005,2020-10-08,16,15.811749458312988
0614854005,2020-10-09,15,15.036585807800293
0614854005,2020-10-10,16,16.042984008789062
0614854005,2020-10-11,14,13.91087532043457
0614854005,2020-10-12,13,13.381451606750488
0614854005,2020-10-13,13,13.377640724182129
0614854005,2020-10-14,14,14.327971458435059
0614854005,2020-10-15,14,14.140649795532227
0614854005,2020-10-16,14,13.682397842407227
0614854005,2020-10-17,14,13.910984992980957
0614854005,2020-10-18,12,12.387724876403809
0614854005,2020-10-19,12,12.220568656921387
0614854005,2020-10-20,13,12.776809692382812
0614854005,2020-10-21,14,13.666641235351562
0614854005,2020-10-22,15,14.718331336975098
0615141002,2020-09-23,2,1.9214719533920288
0615141002,2020-09-24,2,1.5739259719848633
0615141002,2020-09-25,2,1.6457593441009521
0615141002,2020-09-26,5,4.61899471282959
0615141002,2020-09-27,2,1.5316804647445679
0615141002,2020-09-28,6,6.498132705688477
0615141002,2020-09-29,3,3.2231826782226562
0615141002,2020-09-30,2,1.869276523590088
0615141002,2020-10-01,2,2.1383979320526123
0615141002,2020-10-02,2,2.226611614227295
0615141002,2020-10-03,3,2.609184980392456
0615141002,2020-10-04,2,2.0397491455078125
0615141002,2020-10-05,2,1.9778012037277222
0615141002,2020-10-06,2,1.8827728033065796
0615141002,2020-10-07,2,1.8790174722671509
0615141002,2020-10-08,2,1.5776158571243286
0615141002,2020-10-09,1,1.3444658517837524
0615141002,2020-10-10,1,1.4065815210342407
0615141002,2020-10-11,1,1.2954206466674805
0615141002,2020-10-12,1,1.3045176267623901
0615141002,2020-10-13,1,1.3694144487380981
0615141002,2020-10-14,2,1.6262449026107788
0615141002,2020-10-15,1,1.2734404802322388
0615141002,2020-10-16,1,1.1478562355041504
0615141002,2020-10-17,1,1.195806622505188
0615141002,2020-10-18,1,1.1213383674621582
0615141002,2020-10-19,1,1.177506446838379
0615141002,2020-10-20,1,1.362952470779419
0615141002,2020-10-21,1,1.4194567203521729
0615141002,2020-10-22,2,1.512355923652649
0618800001,2020-09-23,2,2.470658779144287
0618800001,2020-09-24,2,1.9925040006637573
0618800001,2020-09-25,2,1.8646742105484009
0618800001,2020-09-26,5,5.040730953216553
0618800001,2020-09-27,2,2.180370330810547
0618800001,2020-09-28,8,7.69779634475708
0618800001,2020-09-29,4,4.002885341644287
0618800001,2020-09-30,3,2.736727476119995
0618800001,2020-10-01,3,2.951225757598877
0618800001,2020-10-02,3,2.911365509033203
0618800001,2020-10-03,3,3.2791144847869873
0618800001,2020-10-04,3,2.753631591796875
0618800001,2020-10-05,3,2.6798439025878906
0618800001,2020-10-06,3,2.5527517795562744
0618800001,2020-10-07,3,2.746692419052124
0618800001,2020-10-08,2,2.445587396621704
0618800001,2020-10-09,2,2.2115161418914795
0618800001,2020-10-10,2,2.3924827575683594
0618800001,2020-10-11,2,2.218968152999878
0618800001,2020-10-12,2,2.155435800552368
0618800001,2020-10-13,2,2.1236133575439453
0618800001,2020-10-14,2,2.423825979232788
0618800001,2020-10-15,2,2.030282735824585
0618800001,2020-10-16,2,1.8606486320495605
0618800001,2020-10-17,2,1.6940051317214966
0618800001,2020-10-18,1,1.4963247776031494
0618800001,2020-10-19,1,1.453395128250122
0618800001,2020-10-20,2,1.638840913772583
0618800001,2020-10-21,2,1.6597034931182861
0618800001,2020-10-22,2,1.7297841310501099
0621381001,2020-09-23,5,4.954555511474609
0621381001,2020-09-24,5,4.8284735679626465
0621381001,2020-09-25,5,4.8076372146606445
0621381001,2020-09-26,8,8.328864097595215
0621381001,2020-09-27,4,4.328091621398926
0621381001,2020-09-28,10,10.415399551391602
0621381001,2020-09-29,9,8.877741813659668
0621381001,2020-09-30,6,6.259133815765381
0621381001,2020-10-01,6,6.322817325592041
0621381001,2020-10-02,6,6.143434524536133
0621381001,2020-10-03,7,6.659982681274414
0621381001,2020-10-04,5,5.337078094482422
0621381001,2020-10-05,5,5.296849250793457
0621381001,2020-10-06,5,5.385268688201904
0621381001,2020-10-07,6,5.807138919830322
0621381001,2020-10-08,5,5.397149562835693
0621381001,2020-10-09,5,5.163999557495117
0621381001,2020-10-10,6,5.519793510437012
0621381001,2020-10-11,5,4.712637901306152
0621381001,2020-10-12,5,4.51326847076416
0621381001,2020-10-13,5,4.700216293334961
0621381001,2020-10-14,5,5.284748554229736
0621381001,2020-10-15,5,5.155136585235596
0621381001,2020-10-16,5,4.9892425537109375
0621381001,2020-10-17,5,4.7615580558776855
0621381001,2020-10-18,4,4.247408866882324
0621381001,2020-10-19,4,4.230097770690918
0621381001,2020-10-20,4,4.30271577835083
0621381001,2020-10-21,5,4.510712146759033
0621381001,2020-10-22,5,4.642847061157227
0621381012,2020-09-23,18,18.28167724609375
0621381012,2020-09-24,20,19.621789932250977
0621381012,2020-09-25,21,20.626943588256836
0621381012,2020-09-26,30,29.813030242919922
0621381012,2020-09-27,25,25.340679168701172
0621381012,2020-09-28,30,29.79941177368164
0621381012,2020-09-29,25,24.599498748779297
0621381012,2020-09-30,25,25.092166900634766
0621381012,2020-10-01,24,24.250144958496094
0621381012,2020-10-02,23,23.433818817138672
0621381012,2020-10-03,27,26.908536911010742
0621381012,2020-10-04,21,21.10536766052246
0621381012,2020-10-05,22,21.699825286865234
0621381012,2020-10-06,21,20.968961715698242
0621381012,2020-10-07,21,21.378198623657227
0621381012,2020-10-08,22,21.789827346801758
0621381012,2020-10-09,21,20.76405906677246
0621381012,2020-10-10,22,22.097522735595703
0621381012,2020-10-11,20,20.440532684326172
0621381012,2020-10-12,20,20.302059173583984
0621381012,2020-10-13,20,20.34379768371582
0621381012,2020-10-14,21,20.855697631835938
0621381012,2020-10-15,21,20.804323196411133
0621381012,2020-10-16,21,20.73131561279297
0621381012,2020-10-17,22,21.802536010742188
0621381012,2020-10-18,20,19.568143844604492
0621381012,2020-10-19,20,19.995956420898438
0621381012,2020-10-20,20,20.364826202392578
0621381012,2020-10-21,21,20.946847915649414
0621381012,2020-10-22,23,22.886199951171875
0624486001,2020-09-23,12,12.212690353393555
0624486001,2020-09-24,13,13.07874870300293
0624486001,2020-09-25,13,12.721782684326172
0624486001,2020-09-26,17,16.61624526977539
0624486001,2020-09-27,11,11.483217239379883
0624486001,2020-09-28,19,18.871623992919922
0624486001,2020-09-29,18,18.303552627563477
0624486001,2020-09-30,18,17.67854881286621
0624486001,2020-10-01,16,15.687576293945312
0624486001,2020-10-02,15,14.518512725830078
0624486001,2020-10-03,16,15.763195037841797
0624486001,2020-10-04,13,13.239625930786133
0624486001,2020-10-05,14,13.531617164611816
0624486001,2020-10-06,13,13.301241874694824
0624486001,2020-10-07,14,13.949597358703613
0624486001,2020-10-08,14,13.760738372802734
0624486001,2020-10-09,13,12.84390926361084
0624486001,2020-10-10,14,13.820320129394531
0624486001,2020-10-11,12,11.897082328796387
0624486001,2020-10-12,11,11.301660537719727
0624486001,2020-10-13,12,11.537741661071777
0624486001,2020-10-14,13,12.710631370544434
0624486001,2020-10-15,12,12.362506866455078
0624486001,2020-10-16,12,11.885769844055176
0624486001,2020-10-17,12,11.936563491821289
0624486001,2020-10-18,10,9.958656311035156
0624486001,2020-10-19,10,9.831175804138184
0624486001,2020-10-20,10,10.221096992492676
0624486001,2020-10-21,12,11.552081108093262
0624486001,2020-10-22,12,12.489371299743652
0624486002,2020-09-23,2,2.074235677719116
0624486002,2020-09-24,2,1.7342212200164795
0624486002,2020-09-25,2,1.5455673933029175
0624486002,2020-09-26,5,4.605687618255615
0624486002,2020-09-27,2,1.5919591188430786
0624486002,2020-09-28,7,6.525673866271973
0624486002,2020-09-29,3,3.362926721572876
0624486002,2020-09-30,2,1.851483702659607
0624486002,2020-10-01,2,2.28554368019104
0624486002,2020-10-02,2,2.227090358734131
0624486002,2020-10-03,3,2.625368356704712
0624486002,2020-10-04,2,2.083799362182617
0624486002,2020-10-05,2,2.021850824356079
0624486002,2020-10-06,2,2.115417718887329
0624486002,2020-10-07,2,2.2287161350250244
0624486002,2020-10-08,2,1.912474274635315
0624486002,2020-10-09,1,1.4506875276565552
0624486002,2020-10-10,2,1.514980673789978
0624486002,2020-10-11,1,1.3157949447631836
0624486002,2020-10-12,1,1.3618042469024658
0624486002,2020-10-13,1,1.4306591749191284
0624486002,2020-10-14,2,1.7282363176345825
0624486002,2020-10-15,1,1.3584860563278198
0624486002,2020-10-16,1,1.1906018257141113
0624486002,2020-10-17,1,1.2161809206008911
0624486002,2020-10-18,1,1.1417126655578613
0624486002,2020-10-19,1,1.177506446838379
0624486002,2020-10-20,1,1.362952470779419
0624486002,2020-10-21,1,1.4194567203521729
0624486002,2020-10-22,2,1.512355923652649
0629420001,2020-09-23,2,1.830605387687683
0629420001,2020-09-24,1,1.4830584526062012
0629420001,2020-09-25,2,1.5121212005615234
0629420001,2020-09-26,5,4.583119869232178
0629420001,2020-09-27,2,1.5981268882751465
0629420001,2020-09-28,7,6.5564727783203125
0629420001,2020-09-29,3,3.2304465770721436
0629420001,2020-09-30,2,1.6859638690948486
0629420001,2020-10-01,2,2.2188076972961426
0629420001,2020-10-02,2,2.266754627227783
0629420001,2020-10-03,3,2.7150118350982666
0629420001,2020-10-04,2,2.1974291801452637
0629420001,2020-10-05,2,2.043938398361206
0629420001,2020-10-06,2,2.1172807216644287
0629420001,2020-10-07,2,2.2889013290405273
0629420001,2020-10-08,2,1.9726591110229492
0629420001,2020-10-09,1,1.4863097667694092
0629420001,2020-10-10,2,1.564943552017212
0629420001,2020-10-11,1,1.4176090955734253
0629420001,2020-10-12,1,1.387342929840088
0629420001,2020-10-13,1,1.4790159463882446
0629420001,2020-10-14,2,1.753324031829834
0629420001,2020-10-15,1,1.4005193710327148
0629420001,2020-10-16,1,1.2334269285202026
0629420001,2020-10-17,1,1.26369047164917
0629420001,2020-10-18,1,1.1928240060806274
0629420001,2020-10-19,1,1.1985969543457031
0629420001,2020-10-20,1,1.3840429782867432
0629420001,2020-10-21,1,1.437462329864502
0629420001,2020-10-22,2,1.5390713214874268
0629420007,2020-09-23,2,1.830605387687683
0629420007,2020-09-24,1,1.4830584526062012
0629420007,2020-09-25,2,1.5121212005615234
0629420007,2020-09-26,5,4.583119869232178
0629420007,2020-09-27,2,1.5842089653015137
0629420007,2020-09-28,7,6.54255485534668
0629420007,2020-09-29,3,3.2304465770721436
0629420007,2020-09-30,2,1.7334849834442139
0629420007,2020-10-01,2,2.266329288482666
0629420007,2020-10-02,2,2.266754627227783
0629420007,2020-10-03,3,2.7150118350982666
0629420007,2020-10-04,2,2.1974291801452637
0629420007,2020-10-05,2,2.043938398361206
0629420007,2020-10-06,2,2.1172807216644287
0629420007,2020-10-07,2,2.2889013290405273
0629420007,2020-10-08,2,1.9726591110229492
0629420007,2020-10-09,2,1.5725178718566895
0629420007,2020-10-10,2,1.6511502265930176
0629420007,2020-10-11,1,1.4176090955734253
0629420007,2020-10-12,1,1.387342929840088
0629420007,2020-10-13,1,1.4790159463882446
0629420007,2020-10-14,2,1.7772486209869385
0629420007,2020-10-15,1,1.4244441986083984
0629420007,2020-10-16,1,1.2334269285202026
0629420007,2020-10-17,1,1.26369047164917
0629420007,2020-10-18,1,1.1928240060806274
0629420007,2020-10-19,1,1.1985969543457031
0629420007,2020-10-20,1,1.3840429782867432
0629420007,2020-10-21,1,1.4374457597732544
0629420007,2020-10-22,2,1.5390545129776
0629758005,2020-09-23,2,2.4426064491271973
0629758005,2020-09-24,2,2.2293686866760254
0629758005,2020-09-25,2,2.132500171661377
0629758005,2020-09-26,5,5.239171504974365
0629758005,2020-09-27,2,2.1125288009643555
0629758005,2020-09-28,8,7.61444091796875
0629758005,2020-09-29,4,3.8966479301452637
0629758005,2020-09-30,2,2.314207077026367
0629758005,2020-10-01,3,2.844418525695801
0629758005,2020-10-02,3,2.6789259910583496
0629758005,2020-10-03,3,3.1073291301727295
0629758005,2020-10-04,3,2.612664222717285
0629758005,2020-10-05,2,2.4406015872955322
0629758005,2020-10-06,3,2.52461838722229
0629758005,2020-10-07,3,2.5846498012542725
0629758005,2020-10-08,2,2.2835447788238525
0629758005,2020-10-09,2,2.037344217300415
0629758005,2020-10-10,2,2.2866077423095703
0629758005,2020-10-11,2,2.1348884105682373
0629758005,2020-10-12,2,2.044142484664917
0629758005,2020-10-13,2,1.9706932306289673
0629758005,2020-10-14,2,2.099426746368408
0629758005,2020-10-15,2,1.8428680896759033
0629758005,2020-10-16,1,1.4681429862976074
0629758005,2020-10-17,1,1.4118856191635132
0629758005,2020-10-18,1,1.3515803813934326
0629758005,2020-10-19,1,1.3460631370544434
0629758005,2020-10-20,2,1.5563719272613525
0629758005,2020-10-21,2,1.600832223892212
0629758005,2020-10-22,2,1.5999399423599243
0636323001,2020-09-23,22,21.65298080444336
0636323001,2020-09-24,22,21.72474479675293
0636323001,2020-09-25,22,22.13669776916504
0636323001,2020-09-26,37,37.12362289428711
0636323001,2020-09-27,45,44.95709228515625
0636323001,2020-09-28,61,60.955074310302734
0636323001,2020-09-29,46,46.29376983642578
0636323001,2020-09-30,40,40.26765441894531
0636323001,2020-10-01,41,41.005775451660156
0636323001,2020-10-02,41,41.04298782348633
0636323001,2020-10-03,48,48.26594161987305
0636323001,2020-10-04,43,43.06718444824219
0636323001,2020-10-05,41,41.15598678588867
0636323001,2020-10-06,42,41.94834899902344
0636323001,2020-10-07,43,43.071903228759766
0636323001,2020-10-08,42,41.86113739013672
0636323001,2020-10-09,40,39.58498001098633
0636323001,2020-10-10,44,43.976810455322266
0636323001,2020-10-11,46,46.48866271972656
0636323001,2020-10-12,43,43.4608039855957
0636323001,2020-10-13,45,45.130924224853516
0636323001,2020-10-14,47,46.95869827270508
0636323001,2020-10-15,47,47.06285095214844
0636323001,2020-10-16,49,49.237178802490234
0636323001,2020-10-17,54,53.72225570678711
0636323001,2020-10-18,48,48.125099182128906
0636323001,2020-10-19,44,43.93587875366211
0636323001,2020-10-20,47,46.66265106201172
0636323001,2020-10-21,49,48.94906997680664
0636323001,2020-10-22,55,55.03474807739258
0636323002,2020-09-23,4,4.35590934753418
0636323002,2020-09-24,4,4.299353122711182
0636323002,2020-09-25,4,4.423977851867676
0636323002,2020-09-26,8,7.598347187042236
0636323002,2020-09-27,4,3.7736759185791016
0636323002,2020-09-28,10,9.82472038269043
0636323002,2020-09-29,8,7.676723957061768
0636323002,2020-09-30,6,5.678809642791748
0636323002,2020-10-01,6,5.609086513519287
0636323002,2020-10-02,6,5.562655448913574
0636323002,2020-10-03,6,5.9538893699646
0636323002,2020-10-04,5,5.003497123718262
0636323002,2020-10-05,5,4.940283298492432
0636323002,2020-10-06,5,4.734704494476318
0636323002,2020-10-07,5,5.198668479919434
0636323002,2020-10-08,5,5.160558700561523
0636323002,2020-10-09,5,4.927408695220947
0636323002,2020-10-10,5,4.884757041931152
0636323002,2020-10-11,4,4.267703533172607
0636323002,2020-10-12,4,4.314239501953125
0636323002,2020-10-13,4,4.36444091796875
0636323002,2020-10-14,5,4.994945049285889
0636323002,2020-10-15,4,4.417352199554443
0636323002,2020-10-16,4,4.250980377197266
0636323002,2020-10-17,4,4.395573616027832
0636323002,2020-10-18,4,3.880901336669922
0636323002,2020-10-19,4,3.644538402557373
0636323002,2020-10-20,4,3.779740810394287
0636323002,2020-10-21,4,4.111739635467529
0636323002,2020-10-22,4,4.36747407913208
0636455003,2020-09-23,2,1.9007288217544556
0636455003,2020-09-24,2,1.5531814098358154
0636455003,2020-09-25,2,1.5448527336120605
0636455003,2020-09-26,5,4.5897064208984375
0636455003,2020-09-27,2,1.5720183849334717
0636455003,2020-09-28,7,6.575286388397217
0636455003,2020-09-29,3,3.230483055114746
0636455003,2020-09-30,2,1.6860003471374512
0636455003,2020-10-01,2,2.1846723556518555
0636455003,2020-10-02,2,2.232619285583496
0636455003,2020-10-03,3,2.654731512069702
0636455003,2020-10-04,2,2.137148857116699
0636455003,2020-10-05,2,2.0313210487365723
0636455003,2020-10-06,2,2.104663372039795
0636455003,2020-10-07,2,2.2762839794158936
0636455003,2020-10-08,2,1.9600414037704468
0636455003,2020-10-09,1,1.4863097667694092
0636455003,2020-10-10,2,1.564943552017212
0636455003,2020-10-11,1,1.4176090955734253
0636455003,2020-10-12,1,1.387342929840088
0636455003,2020-10-13,1,1.4790159463882446
0636455003,2020-10-14,2,1.753324031829834
0636455003,2020-10-15,1,1.4005193710327148
0636455003,2020-10-16,1,1.1911267042160034
0636455003,2020-10-17,1,1.241319179534912
0636455003,2020-10-18,1,1.1928240060806274
0636455003,2020-10-19,1,1.1985969543457031
0636455003,2020-10-20,1,1.3840429782867432
0636455003,2020-10-21,1,1.437462329864502
0636455003,2020-10-22,2,1.5390713214874268
0640021005,2020-09-23,2,1.8038899898529053
0640021005,2020-09-24,1,1.4563430547714233
0640021005,2020-09-25,2,1.5227500200271606
0640021005,2020-09-26,5,4.582870006561279
0640021005,2020-09-27,2,1.7482999563217163
0640021005,2020-09-28,7,6.682013511657715
0640021005,2020-09-29,3,3.2231826782226562
0640021005,2020-09-30,2,1.853571891784668
0640021005,2020-10-01,2,2.2693607807159424
0640021005,2020-10-02,2,2.227090358734131
0640021005,2020-10-03,3,2.625368356704712
0640021005,2020-10-04,2,2.083799362182617
0640021005,2020-10-05,2,2.021850824356079
0640021005,2020-10-06,2,2.115417718887329
0640021005,2020-10-07,2,2.2287161350250244
0640021005,2020-10-08,2,1.912474274635315
0640021005,2020-10-09,2,1.5368956327438354
0640021005,2020-10-10,2,1.5808149576187134
0640021005,2020-10-11,1,1.2954206466674805
0640021005,2020-10-12,1,1.3414297103881836
0640021005,2020-10-13,1,1.4331027269363403
0640021005,2020-10-14,2,1.7078622579574585
0640021005,2020-10-15,1,1.3584860563278198
0640021005,2020-10-16,1,1.1906018257141113
0640021005,2020-10-17,1,1.2161809206008911
0640021005,2020-10-18,1,1.1417126655578613
0640021005,2020-10-19,1,1.197880744934082
0640021005,2020-10-20,1,1.362952470779419
0640021005,2020-10-21,1,1.4194567203521729
0640021005,2020-10-22,2,1.512355923652649
0640021011,2020-09-23,4,3.9661896228790283
0640021011,2020-09-24,3,3.465195894241333
0640021011,2020-09-25,3,3.4701952934265137
0640021011,2020-09-26,7,6.545535564422607
0640021011,2020-09-27,3,3.1292476654052734
0640021011,2020-09-28,9,8.814870834350586
0640021011,2020-09-29,5,5.341007709503174
0640021011,2020-09-30,4,4.122171878814697
0640021011,2020-10-01,5,4.603506565093994
0640021011,2020-10-02,5,4.500430583953857
0640021011,2020-10-03,5,4.901839256286621
0640021011,2020-10-04,4,3.9474759101867676
0640021011,2020-10-05,4,3.778485059738159
0640021011,2020-10-06,4,3.851003885269165
0640021011,2020-10-07,4,4.120427131652832
0640021011,2020-10-08,4,4.074644565582275
0640021011,2020-10-09,4,3.80340313911438
0640021011,2020-10-10,4,3.78621244430542
0640021011,2020-10-11,3,3.374587297439575
0640021011,2020-10-12,3,3.1586380004882812
0640021011,2020-10-13,3,3.215902328491211
0640021011,2020-10-14,4,3.641446113586426
0640021011,2020-10-15,3,3.2750768661499023
0640021011,2020-10-16,3,3.0953052043914795
0640021011,2020-10-17,3,3.1704583168029785
0640021011,2020-10-18,3,2.877129554748535
0640021011,2020-10-19,3,2.5278024673461914
0640021011,2020-10-20,3,2.597115993499756
0640021011,2020-10-21,3,2.8169472217559814
0640021011,2020-10-22,3,2.7795660495758057
0652924004,2020-09-23,3,2.9511404037475586
0652924004,2020-09-24,2,2.4917140007019043
0652924004,2020-09-25,3,2.539088249206543
0652924004,2020-09-26,6,5.591398239135742
0652924004,2020-09-27,2,2.2644176483154297
0652924004,2020-09-28,8,8.009824752807617
0652924004,2020-09-29,5,5.0015974044799805
0652924004,2020-09-30,4,3.5156195163726807
0652924004,2020-10-01,4,3.621854305267334
0652924004,2020-10-02,3,3.4961299896240234
0652924004,2020-10-03,4,3.9889564514160156
0652924004,2020-10-04,3,3.2482309341430664
0652924004,2020-10-05,3,3.2817306518554688
0652924004,2020-10-06,3,3.240532159805298
0652924004,2020-10-07,3,3.4225621223449707
0652924004,2020-10-08,3,3.1084067821502686
0652924004,2020-10-09,3,2.8319451808929443
0652924004,2020-10-10,3,2.905427932739258
0652924004,2020-10-11,3,2.567075490951538
0652924004,2020-10-12,2,2.450829029083252
0652924004,2020-10-13,2,2.445145845413208
0652924004,2020-10-14,3,2.839757204055786
0652924004,2020-10-15,2,2.4851620197296143
0652924004,2020-10-16,2,2.2170908451080322
0652924004,2020-10-17,2,2.343790054321289
0652924004,2020-10-18,2,2.1127982139587402
0652924004,2020-10-19,2,1.9833271503448486
0652924004,2020-10-20,2,1.905259132385254
0652924004,2020-10-21,2,1.961703896522522
0652924004,2020-10-22,2,2.0105526447296143
0655784001,2020-09-23,9,8.586190223693848
0655784001,2020-09-24,10,9.594819068908691
0655784001,2020-09-25,11,10.93478775024414
0655784001,2020-09-26,14,14.278090476989746
0655784001,2020-09-27,9,8.797918319702148
0655784001,2020-09-28,15,14.956452369689941
0655784001,2020-09-29,14,14.272137641906738
0655784001,2020-09-30,14,13.75153923034668
0655784001,2020-10-01,12,12.02363395690918
0655784001,2020-10-02,12,11.557229042053223
0655784001,2020-10-03,12,12.110129356384277
0655784001,2020-10-04,10,9.62669849395752
0655784001,2020-10-05,10,9.943735122680664
0655784001,2020-10-06,10,9.805211067199707
0655784001,2020-10-07,11,10.570212364196777
0655784001,2020-10-08,11,10.78101921081543
0655784001,2020-10-09,11,10.742512702941895
0655784001,2020-10-10,11,10.916947364807129
0655784001,2020-10-11,9,8.780345916748047
0655784001,2020-10-12,9,8.511609077453613
0655784001,2020-10-13,9,8.594820976257324
0655784001,2020-10-14,10,9.931708335876465
0655784001,2020-10-15,10,9.763105392456055
0655784001,2020-10-16,9,9.395561218261719
0655784001,2020-10-17,10,9.56637954711914
0655784001,2020-10-18,8,7.792191028594971
0655784001,2020-10-19,8,7.626760005950928
0655784001,2020-10-20,8,7.675159454345703
0655784001,2020-10-21,8,8.487802505493164
0655784001,2020-10-22,9,9.46561336517334
0656763001,2020-09-23,2,2.0712156295776367
0656763001,2020-09-24,2,1.9117172956466675
0656763001,2020-09-25,2,1.6821192502975464
0656763001,2020-09-26,5,4.683770179748535
0656763001,2020-09-27,2,1.589485764503479
0656763001,2020-09-28,7,6.518064022064209
0656763001,2020-09-29,3,3.3338966369628906
0656763001,2020-09-30,2,1.8472797870635986
0656763001,2020-10-01,2,2.248335123062134
0656763001,2020-10-02,2,2.1818761825561523
0656763001,2020-10-03,3,2.627382516860962
0656763001,2020-10-04,2,2.040663242340088
0656763001,2020-10-05,2,1.9645522832870483
0656763001,2020-10-06,2,1.926925778388977
0656763001,2020-10-07,2,1.8791204690933228
0656763001,2020-10-08,2,1.5777186155319214
0656763001,2020-10-09,1,1.2997304201126099
0656763001,2020-10-10,1,1.3822201490402222
0656763001,2020-10-11,1,1.2852230072021484
0656763001,2020-10-12,1,1.2963391542434692
0656763001,2020-10-13,1,1.3246790170669556
0656763001,2020-10-14,2,1.5815094709396362
0656763001,2020-10-15,1,1.2287050485610962
0656763001,2020-10-16,1,1.1031208038330078
0656763001,2020-10-17,1,1.1510711908340454
0656763001,2020-10-18,1,1.090766191482544
0656763001,2020-10-19,1,1.1327710151672363
0656763001,2020-10-20,1,1.3182170391082764
0656763001,2020-10-21,1,1.3747212886810303
0656763001,2020-10-22,1,1.4676204919815063
0656763007,2020-09-23,2,1.830605387687683
0656763007,2020-09-24,1,1.4830584526062012
0656763007,2020-09-25,2,1.5121212005615234
0656763007,2020-09-26,5,4.583119869232178
0656763007,2020-09-27,2,1.5842089653015137
0656763007,2020-09-28,7,6.54255485534668
0656763007,2020-09-29,3,3.2304465770721436
0656763007,2020-09-30,2,1.6859638690948486
0656763007,2020-10-01,2,2.266329288482666
0656763007,2020-10-02,2,2.266754627227783
0656763007,2020-10-03,3,2.7150118350982666
0656763007,2020-10-04,2,2.1974291801452637
0656763007,2020-10-05,2,2.043938398361206
0656763007,2020-10-06,2,2.1172807216644287
0656763007,2020-10-07,2,2.2889013290405273
0656763007,2020-10-08,2,1.9726591110229492
0656763007,2020-10-09,2,1.5725178718566895
0656763007,2020-10-10,2,1.6511502265930176
0656763007,2020-10-11,1,1.4176090955734253
0656763007,2020-10-12,1,1.387342929840088
0656763007,2020-10-13,1,1.4790159463882446
0656763007,2020-10-14,2,1.7772486209869385
0656763007,2020-10-15,1,1.4244441986083984
0656763007,2020-10-16,1,1.2334269285202026
0656763007,2020-10-17,1,1.26369047164917
0656763007,2020-10-18,1,1.1928240060806274
0656763007,2020-10-19,1,1.1985969543457031
0656763007,2020-10-20,1,1.3840429782867432
0656763007,2020-10-21,1,1.437462329864502
0656763007,2020-10-22,2,1.5390713214874268
0658030001,2020-09-23,2,1.8436527252197266
0658030001,2020-09-24,1,1.4732881784439087
0658030001,2020-09-25,2,1.5455673933029175
0658030001,2020-09-26,5,4.605687618255615
0658030001,2020-09-27,2,1.6217046976089478
0658030001,2020-09-28,7,6.724310874938965
0658030001,2020-09-29,3,3.2231826782226562
0658030001,2020-09-30,2,1.853571891784668
0658030001,2020-10-01,2,2.28554368019104
0658030001,2020-10-02,2,2.227090358734131
0658030001,2020-10-03,3,2.6694185733795166
0658030001,2020-10-04,2,2.083799362182617
0658030001,2020-10-05,2,2.0680296421051025
0658030001,2020-10-06,2,2.115417718887329
0658030001,2020-10-07,2,2.2287161350250244
0658030001,2020-10-08,2,1.912474274635315
0658030001,2020-10-09,2,1.5368956327438354
0658030001,2020-10-10,2,1.6011892557144165
0658030001,2020-10-11,1,1.3157949447631836
0658030001,2020-10-12,1,1.3618042469024658
0658030001,2020-10-13,1,1.4534770250320435
0658030001,2020-10-14,2,1.7282363176345825
0658030001,2020-10-15,1,1.3584860563278198
0658030001,2020-10-16,1,1.1906018257141113
0658030001,2020-10-17,1,1.2161809206008911
0658030001,2020-10-18,1,1.1417126655578613
0658030001,2020-10-19,1,1.197880744934082
0658030001,2020-10-20,1,1.362952470779419
0658030001,2020-10-21,1,1.4194567203521729
0658030001,2020-10-22,2,1.512355923652649
0658030006,2020-09-23,2,2.2937803268432617
0658030006,2020-09-24,2,1.6890325546264648
0658030006,2020-09-25,2,1.5227500200271606
0658030006,2020-09-26,5,4.582870006561279
0658030006,2020-09-27,2,1.7482999563217163
0658030006,2020-09-28,7,6.652267932891846
0658030006,2020-09-29,3,3.4322891235351562
0658030006,2020-09-30,2,1.851483702659607
0658030006,2020-10-01,2,2.28554368019104
0658030006,2020-10-02,2,2.3532204627990723
0658030006,2020-10-03,3,2.625368356704712
0658030006,2020-10-04,2,2.083799362182617
0658030006,2020-10-05,2,2.1700363159179688
0658030006,2020-10-06,2,2.2174248695373535
0658030006,2020-10-07,2,2.3176729679107666
0658030006,2020-10-08,2,2.0273277759552
0658030006,2020-10-09,2,1.7682805061340332
0658030006,2020-10-10,2,1.7074099779129028
0658030006,2020-10-11,1,1.4478707313537598
0658030006,2020-10-12,1,1.3618042469024658
0658030006,2020-10-13,2,1.5009983777999878
0658030006,2020-10-14,2,1.774978518486023
0658030006,2020-10-15,1,1.399356484413147
0658030006,2020-10-16,1,1.2329018115997314
0658030006,2020-10-17,1,1.238552212715149
0658030006,2020-10-18,1,1.1417126655578613
0658030006,2020-10-19,1,1.197880744934082
0658030006,2020-10-20,1,1.383326530456543
0658030006,2020-10-21,1,1.439831018447876
0658030006,2020-10-22,2,1.532729983329773
0658030011,2020-09-23,5,4.741328239440918
0658030011,2020-09-24,5,4.78164005279541
0658030011,2020-09-25,5,4.804312229156494
0658030011,2020-09-26,8,7.873114109039307
0658030011,2020-09-27,4,3.637584924697876
0658030011,2020-09-28,10,9.55955696105957
0658030011,2020-09-29,8,7.761929988861084
0658030011,2020-09-30,6,5.842072486877441
0658030011,2020-10-01,6,5.841568470001221
0658030011,2020-10-02,6,5.604671001434326
0658030011,2020-10-03,6,6.38379430770874
0658030011,2020-10-04,5,4.957494735717773
0658030011,2020-10-05,5,4.58884859085083
0658030011,2020-10-06,5,4.800086975097656
0658030011,2020-10-07,5,5.308680534362793
0658030011,2020-10-08,5,5.188443660736084
0658030011,2020-10-09,5,4.955293655395508
0658030011,2020-10-10,5,5.033957004547119
0658030011,2020-10-11,4,4.439351558685303
0658030011,2020-10-12,4,4.388391971588135
0658030011,2020-10-13,4,4.477963447570801
0658030011,2020-10-14,5,4.981419563293457
0658030011,2020-10-15,5,4.653493881225586
0658030011,2020-10-16,4,4.291767120361328
0658030011,2020-10-17,4,4.429437637329102
0658030011,2020-10-18,4,3.9301533699035645
0658030011,2020-10-19,4,3.6924331188201904
0658030011,2020-10-20,4,3.836103916168213
0658030011,2020-10-21,4,4.111739635467529
0658030011,2020-10-22,4,4.36747407913208
0658030020,2020-09-23,5,4.533986568450928
0658030020,2020-09-24,4,4.438100814819336
0658030020,2020-09-25,4,4.321340084075928
0658030020,2020-09-26,7,7.487310409545898
0658030020,2020-09-27,3,3.451737880706787
0658030020,2020-09-28,9,9.329872131347656
0658030020,2020-09-29,7,7.391266345977783
0658030020,2020-09-30,6,5.527394771575928
0658030020,2020-10-01,5,5.385556221008301
0658030020,2020-10-02,5,5.203366279602051
0658030020,2020-10-03,6,5.792496681213379
0658030020,2020-10-04,5,4.533856391906738
0658030020,2020-10-05,5,4.522487163543701
0658030020,2020-10-06,5,4.591547966003418
0658030020,2020-10-07,5,5.115325927734375
0658030020,2020-10-08,5,5.039243698120117
0658030020,2020-10-09,5,4.733356952667236
0658030020,2020-10-10,5,4.80353307723999
0658030020,2020-10-11,4,4.239017009735107
0658030020,2020-10-12,4,4.253194332122803
0658030020,2020-10-13,4,4.199380874633789
0658030020,2020-10-14,5,4.704491138458252
0658030020,2020-10-15,4,4.3900909423828125
0658030020,2020-10-16,4,4.250146389007568
0658030020,2020-10-17,4,4.242037296295166
0658030020,2020-10-18,4,3.7896676063537598
0658030020,2020-10-19,4,3.5593440532684326
0658030020,2020-10-20,4,3.765381097793579
0658030020,2020-10-21,4,4.050533771514893
0658030020,2020-10-22,4,4.353114604949951
0658298001,2020-09-23,4,4.462396144866943
0658298001,2020-09-24,4,4.29459285736084
0658298001,2020-09-25,4,4.297208786010742
0658298001,2020-09-26,8,7.580882549285889
0658298001,2020-09-27,4,3.980715036392212
0658298001,2020-09-28,9,9.315401077270508
0658298001,2020-09-29,8,7.664859771728516
0658298001,2020-09-30,6,5.5921311378479
0658298001,2020-10-01,5,5.426738262176514
0658298001,2020-10-02,5,5.390852451324463
0658298001,2020-10-03,6,5.891061782836914
0658298001,2020-10-04,5,5.106607913970947
0658298001,2020-10-05,5,4.879783630371094
0658298001,2020-10-06,5,4.800086975097656
0658298001,2020-10-07,5,5.25100040435791
0658298001,2020-10-08,5,5.188443660736084
0658298001,2020-10-09,5,4.941768169403076
0658298001,2020-10-10,5,5.0204315185546875
0658298001,2020-10-11,5,4.525613784790039
0658298001,2020-10-12,4,4.314239501953125
0658298001,2020-10-13,4,4.398076057434082
0658298001,2020-10-14,5,4.967060089111328
0658298001,2020-10-15,5,4.653493881225586
0658298001,2020-10-16,4,4.291767120361328
0658298001,2020-10-17,4,4.3820481300354
0658298001,2020-10-18,4,3.957679510116577
0658298001,2020-10-19,4,3.617016315460205
0658298001,2020-10-20,4,3.8230535984039307
0658298001,2020-10-21,4,4.111739635467529
0658298001,2020-10-22,4,4.36747407913208
0658298007,2020-09-23,2,2.382821798324585
0658298007,2020-09-24,2,1.8489717245101929
0658298007,2020-09-25,2,1.7166671752929688
0658298007,2020-09-26,5,4.732994079589844
0658298007,2020-09-27,2,1.7631915807724
0658298007,2020-09-28,7,6.761586666107178
0658298007,2020-09-29,4,3.5348551273345947
0658298007,2020-09-30,2,2.010690927505493
0658298007,2020-10-01,3,2.590735912322998
0658298007,2020-10-02,2,2.3969473838806152
0658298007,2020-10-03,3,2.726670503616333
0658298007,2020-10-04,2,2.214665412902832
0658298007,2020-10-05,2,2.2246718406677246
0658298007,2020-10-06,2,2.245917320251465
0658298007,2020-10-07,2,2.2967474460601807
0658298007,2020-10-08,2,1.9825929403305054
0658298007,2020-10-09,2,1.5628958940505981
0658298007,2020-10-10,2,1.6626745462417603
0658298007,2020-10-11,1,1.4172987937927246
0658298007,2020-10-12,1,1.3611187934875488
0658298007,2020-10-13,1,1.4562629461288452
0658298007,2020-10-14,2,1.727146029472351
0658298007,2020-10-15,1,1.374341607093811
0658298007,2020-10-16,1,1.2078869342803955
0658298007,2020-10-17,1,1.213537335395813
0658298007,2020-10-18,1,1.1308610439300537
0658298007,2020-10-19,1,1.172865867614746
0658298007,2020-10-20,1,1.358311653137207
0658298007,2020-10-21,1,1.414815902709961
0658298007,2020-10-22,2,1.507715106010437
0659832001,2020-09-23,2,2.034473180770874
0659832001,2020-09-24,2,1.6720876693725586
0659832001,2020-09-25,2,1.5058051347732544
0659832001,2020-09-26,5,4.565925121307373
0659832001,2020-09-27,1,1.4973891973495483
0659832001,2020-09-28,7,6.503302574157715
0659832001,2020-09-29,3,3.362926721572876
0659832001,2020-09-30,2,1.851483702659607
0659832001,2020-10-01,2,2.1859195232391357
0659832001,2020-10-02,2,2.210907459259033
0659832001,2020-10-03,3,2.625368356704712
0659832001,2020-10-04,2,2.0397491455078125
0659832001,2020-10-05,2,2.021850824356079
0659832001,2020-10-06,2,2.115417718887329
0659832001,2020-10-07,2,2.2287161350250244
0659832001,2020-10-08,2,1.912474274635315
0659832001,2020-10-09,1,1.4506875276565552
0659832001,2020-10-10,1,1.4946085214614868
0659832001,2020-10-11,1,1.3157949447631836
0659832001,2020-10-12,1,1.3414297103881836
0659832001,2020-10-13,1,1.4102848768234253
0659832001,2020-10-14,2,1.7078622579574585
0659832001,2020-10-15,1,1.3381119966506958
0659832001,2020-10-16,1,1.1702275276184082
0659832001,2020-10-17,1,1.195806622505188
0659832001,2020-10-18,1,1.1213383674621582
0659832001,2020-10-19,1,1.177506446838379
0659832001,2020-10-20,1,1.362952470779419
0659832001,2020-10-21,1,1.4194567203521729
0659832001,2020-10-22,2,1.512355923652649
0660599002,2020-09-23,2,1.9916175603866577
0660599002,2020-09-24,2,1.607039213180542
0660599002,2020-09-25,2,1.6361024379730225
0660599002,2020-09-26,5,4.680956840515137
0660599002,2020-09-27,2,1.6694161891937256
0660599002,2020-09-28,6,6.479124069213867
0660599002,2020-09-29,3,3.395632743835449
0660599002,2020-09-30,2,1.8195528984069824
0660599002,2020-10-01,2,2.2991180419921875
0660599002,2020-10-02,2,2.216102123260498
0660599002,2020-10-03,3,2.638214349746704
0660599002,2020-10-04,2,2.0947513580322266
0660599002,2020-10-05,2,1.9932868480682373
0660599002,2020-10-06,2,1.9220837354660034
0660599002,2020-10-07,2,1.888550877571106
0660599002,2020-10-08,2,1.6933702230453491
0660599002,2020-10-09,1,1.32943594455719
0660599002,2020-10-10,1,1.400119662284851
0660599002,2020-10-11,1,1.314932107925415
0660599002,2020-10-12,1,1.3159615993499756
0660599002,2020-10-13,1,1.3886003494262695
0660599002,2020-10-14,2,1.6581488847732544
0660599002,2020-10-15,1,1.3053444623947144
0660599002,2020-10-16,1,1.132826566696167
0660599002,2020-10-17,1,1.1893447637557983
0660599002,2020-10-18,1,1.1408495903015137
0660599002,2020-10-19,1,1.1727677583694458
0660599002,2020-10-20,1,1.3493815660476685
0660599002,2020-10-21,1,1.4201574325561523
0660599002,2020-10-22,2,1.5217664241790771
0661306008,2020-09-23,2,1.8836747407913208
0661306008,2020-09-24,2,1.5361278057098389
0661306008,2020-09-25,2,1.5651905536651611
0661306008,2020-09-26,5,4.6361894607543945
0661306008,2020-09-27,2,1.623063087463379
0661306008,2020-09-28,7,6.551321029663086
0661306008,2020-09-29,3,3.2304465770721436
0661306008,2020-09-30,2,1.7431385517120361
0661306008,2020-10-01,2,2.2188076972961426
0661306008,2020-10-02,2,2.266754627227783
0661306008,2020-10-03,3,2.7150118350982666
0661306008,2020-10-04,2,2.1974291801452637
0661306008,2020-10-05,2,2.043938398361206
0661306008,2020-10-06,2,2.1613314151763916
0661306008,2020-10-07,2,2.2889013290405273
0661306008,2020-10-08,2,1.9726591110229492
0661306008,2020-10-09,2,1.5725178718566895
0661306008,2020-10-10,2,1.6511502265930176
0661306008,2020-10-11,1,1.4176090955734253
0661306008,2020-10-12,1,1.387342929840088
0661306008,2020-10-13,1,1.4790159463882446
0661306008,2020-10-14,2,1.7772486209869385
0661306008,2020-10-15,1,1.4244441986083984
0661306008,2020-10-16,1,1.2334269285202026
0661306008,2020-10-17,1,1.26369047164917
0661306008,2020-10-18,1,1.1928240060806274
0661306008,2020-10-19,1,1.1985969543457031
0661306008,2020-10-20,1,1.3840429782867432
0661306008,2020-10-21,1,1.437462329864502
0661306008,2020-10-22,2,1.5390713214874268
0664074001,2020-09-23,15,14.983071327209473
0664074001,2020-09-24,15,15.347173690795898
0664074001,2020-09-25,15,14.99116039276123
0664074001,2020-09-26,19,18.710174560546875
0664074001,2020-09-27,14,13.878325462341309
0664074001,2020-09-28,21,21.451671600341797
0664074001,2020-09-29,23,22.53179931640625
0664074001,2020-09-30,21,20.966663360595703
0664074001,2020-10-01,18,18.12431526184082
0664074001,2020-10-02,18,17.882980346679688
0664074001,2020-10-03,21,20.817668914794922
0664074001,2020-10-04,15,15.334092140197754
0664074001,2020-10-05,15,15.219204902648926
0664074001,2020-10-06,16,16.284400939941406
0664074001,2020-10-07,17,17.157875061035156
0664074001,2020-10-08,17,16.814088821411133
0664074001,2020-10-09,16,15.784622192382812
0664074001,2020-10-10,16,16.14459991455078
0664074001,2020-10-11,14,14.07426643371582
0664074001,2020-10-12,14,14.04168701171875
0664074001,2020-10-13,15,15.168752670288086
0664074001,2020-10-14,16,15.94782543182373
0664074001,2020-10-15,15,15.089375495910645
0664074001,2020-10-16,15,14.531005859375
0664074001,2020-10-17,15,15.194473266601562
0664074001,2020-10-18,13,12.656352996826172
0664074001,2020-10-19,12,12.414523124694824
0664074001,2020-10-20,13,13.161919593811035
0664074001,2020-10-21,14,14.19420337677002
0664074001,2020-10-22,15,15.42076587677002
0664074007,2020-09-23,3,3.4736998081207275
0664074007,2020-09-24,3,3.3010411262512207
0664074007,2020-09-25,3,3.125945568084717
0664074007,2020-09-26,6,6.3955278396606445
0664074007,2020-09-27,3,2.662616729736328
0664074007,2020-09-28,8,8.254301071166992
0664074007,2020-09-29,5,5.183633327484131
0664074007,2020-09-30,4,3.7712392807006836
0664074007,2020-10-01,4,4.001481056213379
0664074007,2020-10-02,4,4.125101089477539
0664074007,2020-10-03,5,4.564208984375
0664074007,2020-10-04,4,3.627753257751465
0664074007,2020-10-05,4,3.533125877380371
0664074007,2020-10-06,4,3.5661470890045166
0664074007,2020-10-07,4,3.807236671447754
0664074007,2020-10-08,3,3.49308180809021
0664074007,2020-10-09,3,3.1643292903900146
0664074007,2020-10-10,3,3.291358470916748
0664074007,2020-10-11,3,2.9514052867889404
0664074007,2020-10-12,3,2.6592442989349365
0664074007,2020-10-13,3,2.623868703842163
0664074007,2020-10-14,3,3.020164728164673
0664074007,2020-10-15,3,2.7856643199920654
0664074007,2020-10-16,2,2.435211420059204
0664074007,2020-10-17,3,2.5095396041870117
0664074007,2020-10-18,2,2.2468442916870117
0664074007,2020-10-19,2,2.180420398712158
0664074007,2020-10-20,2,2.2778375148773193
0664074007,2020-10-21,2,2.402010440826416
0664074007,2020-10-22,2,2.406841278076172
0664319001,2020-09-23,2,1.83458411693573
0664319001,2020-09-24,1,1.4715218544006348
0664319001,2020-09-25,2,1.5209839344024658
0664319001,2020-09-26,5,4.565925121307373
0664319001,2020-09-27,2,1.5607037544250488
0664319001,2020-09-28,6,6.472938060760498
0664319001,2020-09-29,3,3.2384541034698486
0664319001,2020-09-30,2,1.7963978052139282
0664319001,2020-10-01,2,2.1383979320526123
0664319001,2020-10-02,2,2.210907459259033
0664319001,2020-10-03,2,2.483055353164673
0664319001,2020-10-04,2,2.0397491455078125
0664319001,2020-10-05,2,1.9778012037277222
0664319001,2020-10-06,2,1.8568748235702515
0664319001,2020-10-07,2,1.8790174722671509
0664319001,2020-10-08,2,1.5572434663772583
0664319001,2020-10-09,1,1.3240934610366821
0664319001,2020-10-10,1,1.4065815210342407
0664319001,2020-10-11,1,1.2792377471923828
0664319001,2020-10-12,1,1.3045176267623901
0664319001,2020-10-13,1,1.3694144487380981
0664319001,2020-10-14,2,1.6262449026107788
0664319001,2020-10-15,1,1.2734404802322388
0664319001,2020-10-16,1,1.1478562355041504
0664319001,2020-10-17,1,1.195806622505188
0664319001,2020-10-18,1,1.1213383674621582
0664319001,2020-10-19,1,1.177506446838379
0664319001,2020-10-20,1,1.362952470779419
0664319001,2020-10-21,1,1.4194567203521729
0664319001,2020-10-22,2,1.512355923652649
0664319021,2020-09-23,2,1.8682628870010376
0664319021,2020-09-24,2,1.5037710666656494
0664319021,2020-09-25,2,1.533583164215088
0664319021,2020-09-26,5,4.561491966247559
0664319021,2020-09-27,2,1.5764992237091064
0664319021,2020-09-28,7,6.605311393737793
0664319021,2020-09-29,3,3.2304465770721436
0664319021,2020-09-30,2,1.7334849834442139
0664319021,2020-10-01,2,2.266329288482666
0664319021,2020-10-02,2,2.282937526702881
0664319021,2020-10-03,3,2.7311952114105225
0664319021,2020-10-04,2,2.1974291801452637
0664319021,2020-10-05,2,2.1341679096221924
0664319021,2020-10-06,2,2.1613314151763916
0664319021,2020-10-07,2,2.2889013290405273
0664319021,2020-10-08,2,1.9985558986663818
0664319021,2020-10-09,2,1.5725178718566895
0664319021,2020-10-10,2,1.7777454853057861
0664319021,2020-10-11,2,1.5260089635849
0664319021,2020-10-12,1,1.4077174663543701
0664319021,2020-10-13,2,1.546911597251892
0664319021,2020-10-14,2,1.8204402923583984
0664319021,2020-10-15,1,1.4448182582855225
0664319021,2020-10-16,1,1.2707468271255493
0664319021,2020-10-17,1,1.284064769744873
0664319021,2020-10-18,1,1.2131983041763306
0664319021,2020-10-19,1,1.2189712524414062
0664319021,2020-10-20,1,1.3840429782867432
0664319021,2020-10-21,1,1.457836627960205
0664319021,2020-10-22,2,1.5390713214874268
0664405002,2020-09-23,7,6.931474208831787
0664405002,2020-09-24,7,6.879761695861816
0664405002,2020-09-25,7,6.53750467300415
0664405002,2020-09-26,9,9.337897300720215
0664405002,2020-09-27,5,5.369299411773682
0664405002,2020-09-28,12,11.56155776977539
0664405002,2020-09-29,11,10.866848945617676
0664405002,2020-09-30,11,10.977800369262695
0664405002,2020-10-01,9,9.149823188781738
0664405002,2020-10-02,9,8.517595291137695
0664405002,2020-10-03,9,8.914449691772461
0664405002,2020-10-04,7,7.150381565093994
0664405002,2020-10-05,7,7.2572340965271
0664405002,2020-10-06,7,7.252291202545166
0664405002,2020-10-07,8,8.001967430114746
0664405002,2020-10-08,8,7.9104509353637695
0664405002,2020-10-09,7,7.278580188751221
0664405002,2020-10-10,8,7.508129596710205
0664405002,2020-10-11,6,6.267104625701904
0664405002,2020-10-12,6,6.10923433303833
0664405002,2020-10-13,6,6.1847662925720215
0664405002,2020-10-14,7,6.9623565673828125
0664405002,2020-10-15,7,6.695035457611084
0664405002,2020-10-16,7,6.502248287200928
0664405002,2020-10-17,7,6.659927845001221
0664405002,2020-10-18,5,5.352326393127441
0664405002,2020-10-19,5,5.147355556488037
0664405002,2020-10-20,5,5.403223037719727
0664405002,2020-10-21,6,5.814081192016602
0664405002,2020-10-22,6,5.958043575286865
0673396002,2020-09-23,27,26.689058303833008
0673396002,2020-09-24,31,31.097606658935547
0673396002,2020-09-25,32,31.995223999023438
0673396002,2020-09-26,54,54.43022155761719
0673396002,2020-09-27,50,49.59879684448242
0673396002,2020-09-28,79,79.01634979248047
0673396002,2020-09-29,64,64.33019256591797
0673396002,2020-09-30,56,55.55379867553711
0673396002,2020-10-01,51,51.389686584472656
0673396002,2020-10-02,55,55.30537033081055
0673396002,2020-10-03,65,65.37945556640625
0673396002,2020-10-04,58,57.72762680053711
0673396002,2020-10-05,59,58.882755279541016
0673396002,2020-10-06,54,53.89750289916992
0673396002,2020-10-07,54,53.540916442871094
0673396002,2020-10-08,50,50.46867370605469
0673396002,2020-10-09,46,45.929649353027344
0673396002,2020-10-10,52,52.34259796142578
0673396002,2020-10-11,60,60.3258171081543
0673396002,2020-10-12,50,50.152183532714844
0673396002,2020-10-13,50,50.471317291259766
0673396002,2020-10-14,52,51.88206481933594
0673396002,2020-10-15,53,52.66636657714844
0673396002,2020-10-16,49,49.36040115356445
0673396002,2020-10-17,56,56.15476608276367
0673396002,2020-10-18,53,52.962955474853516
0673396002,2020-10-19,50,49.69724655151367
0673396002,2020-10-20,50,50.049278259277344
0673396002,2020-10-21,52,51.5234489440918
0673396002,2020-10-22,58,57.516998291015625
0673638001,2020-09-23,2,1.9406065940856934
0673638001,2020-09-24,2,1.5930598974227905
0673638001,2020-09-25,2,1.5772839784622192
0673638001,2020-09-26,5,4.656354904174805
0673638001,2020-09-27,2,1.676975965499878
0673638001,2020-09-28,7,6.5039448738098145
0673638001,2020-09-29,3,3.2478716373443604
0673638001,2020-09-30,2,1.7869142293930054
0673638001,2020-10-01,2,2.2246253490448
0673638001,2020-10-02,2,2.1661720275878906
0673638001,2020-10-03,3,2.5806329250335693
0673638001,2020-10-04,2,2.0091772079467773
0673638001,2020-10-05,2,1.933066725730896
0673638001,2020-10-06,2,1.8121393918991089
0673638001,2020-10-07,2,1.8342825174331665
0673638001,2020-10-08,2,1.532880425453186
0673638001,2020-10-09,1,1.2117050886154175
0673638001,2020-10-10,1,1.3822201490402222
0673638001,2020-10-11,1,1.2462224960327148
0673638001,2020-10-12,1,1.242836356163025
0673638001,2020-10-13,1,1.3246790170669556
0673638001,2020-10-14,2,1.5815094709396362
0673638001,2020-10-15,1,1.2287050485610962
0673638001,2020-10-16,1,1.1031208038330078
0673638001,2020-10-17,1,1.1510711908340454
0673638001,2020-10-18,1,1.090766191482544
0673638001,2020-10-19,1,1.1327710151672363
0673638001,2020-10-20,1,1.3182170391082764
0673638001,2020-10-21,1,1.3747212886810303
0673638001,2020-10-22,1,1.4676204919815063
0673638007,2020-09-23,2,1.7591545581817627
0673638007,2020-09-24,1,1.4116076231002808
0673638007,2020-09-25,1,1.4610697031021118
0673638007,2020-09-26,5,4.5211896896362305
0673638007,2020-09-27,1,1.4668172597885132
0673638007,2020-09-28,6,6.400327682495117
0673638007,2020-09-29,3,3.1784470081329346
0673638007,2020-09-30,2,1.6822179555892944
0673638007,2020-10-01,2,2.0936625003814697
0673638007,2020-10-02,2,2.035208225250244
0673638007,2020-10-03,2,2.4383199214935303
0673638007,2020-10-04,2,1.9929943084716797
0673638007,2020-10-05,2,1.7943475246429443
0673638007,2020-10-06,2,1.8121393918991089
0673638007,2020-10-07,2,1.6818338632583618
0673638007,2020-10-08,1,1.380431056022644
0673638007,2020-10-09,1,1.1472805738449097
0673638007,2020-10-10,1,1.3177958726882935
0673638007,2020-10-11,1,1.2279366254806519
0673638007,2020-10-12,1,1.242836356163025
0673638007,2020-10-13,1,1.2823790311813354
0673638007,2020-10-14,2,1.5815094709396362
0673638007,2020-10-15,1,1.2287050485610962
0673638007,2020-10-16,1,1.1031208038330078
0673638007,2020-10-17,1,1.1510711908340454
0673638007,2020-10-18,1,1.090766191482544
0673638007,2020-10-19,1,1.1327710151672363
0673638007,2020-10-20,1,1.3182170391082764
0673638007,2020-10-21,1,1.3747212886810303
0673638007,2020-10-22,1,1.4676204919815063
0673677002,2020-09-23,86,85.5769271850586
0673677002,2020-09-24,93,93.34584045410156
0673677002,2020-09-25,83,82.64324188232422
0673677002,2020-09-26,144,144.07913208007812
0673677002,2020-09-27,76,76.03719329833984
0673677002,2020-09-28,113,113.20509338378906
0673677002,2020-09-29,93,92.65253448486328
0673677002,2020-09-30,78,78.29137420654297
0673677002,2020-10-01,77,77.48153686523438
0673677002,2020-10-02,77,76.88520812988281
0673677002,2020-10-03,92,91.9193115234375
0673677002,2020-10-04,75,75.48367309570312
0673677002,2020-10-05,76,75.58155059814453
0673677002,2020-10-06,77,76.67198181152344
0673677002,2020-10-07,78,78.38289642333984
0673677002,2020-10-08,77,76.82298278808594
0673677002,2020-10-09,73,72.84576416015625
0673677002,2020-10-10,82,82.06742095947266
0673677002,2020-10-11,96,96.49596405029297
0673677002,2020-10-12,76,75.95085906982422
0673677002,2020-10-13,71,70.61824798583984
0673677002,2020-10-14,75,75.32627868652344
0673677002,2020-10-15,79,79.117919921875
0673677002,2020-10-16,79,78.52626037597656
0673677002,2020-10-17,89,88.86670684814453
0673677002,2020-10-18,85,84.84059143066406
0673677002,2020-10-19,78,77.73574829101562
0673677002,2020-10-20,92,91.58483123779297
0673677002,2020-10-21,87,87.39484405517578
0673677002,2020-10-22,94,94.37067413330078
0673677004,2020-09-23,4,3.9956865310668945
0673677004,2020-09-24,3,3.397333860397339
0673677004,2020-09-25,4,3.740878105163574
0673677004,2020-09-26,7,6.560251712799072
0673677004,2020-09-27,3,2.904811382293701
0673677004,2020-09-28,9,8.57781982421875
0673677004,2020-09-29,5,5.420542240142822
0673677004,2020-09-30,4,4.06280517578125
0673677004,2020-10-01,5,4.5806779861450195
0673677004,2020-10-02,4,4.421875953674316
0673677004,2020-10-03,5,4.829719543457031
0673677004,2020-10-04,4,3.851809024810791
0673677004,2020-10-05,4,3.6766109466552734
0673677004,2020-10-06,4,3.753920078277588
0673677004,2020-10-07,4,4.098069667816162
0673677004,2020-10-08,4,4.065812587738037
0673677004,2020-10-09,4,3.747725248336792
0673677004,2020-10-10,4,3.7643299102783203
0673677004,2020-10-11,3,3.157013177871704
0673677004,2020-10-12,3,3.0795397758483887
0673677004,2020-10-13,3,2.967538833618164
0673677004,2020-10-14,3,3.375445604324341
0673677004,2020-10-15,3,3.1480872631073
0673677004,2020-10-16,3,2.8915274143218994
0673677004,2020-10-17,3,2.7379250526428223
0673677004,2020-10-18,2,2.4615397453308105
0673677004,2020-10-19,2,2.3145604133605957
0673677004,2020-10-20,2,2.4519176483154297
0673677004,2020-10-21,3,2.6296205520629883
0673677004,2020-10-22,3,2.559643268585205
0675068002,2020-09-23,2,1.7918503284454346
0675068002,2020-09-24,1,1.4443026781082153
0675068002,2020-09-25,1,1.4937647581100464
0675068002,2020-09-26,5,4.553884983062744
0675068002,2020-09-27,1,1.480735182762146
0675068002,2020-09-28,6,6.433022975921631
0675068002,2020-09-29,3,3.1784470081329346
0675068002,2020-09-30,2,1.7297395467758179
0675068002,2020-10-01,2,2.141184091567993
0675068002,2020-10-02,2,2.1661720275878906
0675068002,2020-10-03,2,2.4383199214935303
0675068002,2020-10-04,2,1.9929943084716797
0675068002,2020-10-05,2,1.7943475246429443
0675068002,2020-10-06,2,1.8121393918991089
0675068002,2020-10-07,2,1.769861102104187
0675068002,2020-10-08,1,1.4684585332870483
0675068002,2020-10-09,1,1.1472805738449097
0675068002,2020-10-10,1,1.3177958726882935
0675068002,2020-10-11,1,1.2279366254806519
0675068002,2020-10-12,1,1.242836356163025
0675068002,2020-10-13,1,1.2823790311813354
0675068002,2020-10-14,2,1.5815094709396362
0675068002,2020-10-15,1,1.2287050485610962
0675068002,2020-10-16,1,1.1031208038330078
0675068002,2020-10-17,1,1.1510711908340454
0675068002,2020-10-18,1,1.090766191482544
0675068002,2020-10-19,1,1.1327710151672363
0675068002,2020-10-20,1,1.3182170391082764
0675068002,2020-10-21,1,1.3747212886810303
0675068002,2020-10-22,1,1.4676204919815063
0677930023,2020-09-23,26,25.596223831176758
0677930023,2020-09-24,29,29.097049713134766
0677930023,2020-09-25,38,37.998104095458984
0677930023,2020-09-26,78,77.6812973022461
0677930023,2020-09-27,59,58.91411209106445
0677930023,2020-09-28,77,76.71235656738281
0677930023,2020-09-29,62,62.37525939941406
0677930023,2020-09-30,55,54.666080474853516
0677930023,2020-10-01,52,51.616207122802734
0677930023,2020-10-02,54,53.500205993652344
0677930023,2020-10-03,60,60.32640838623047
0677930023,2020-10-04,52,51.615718841552734
0677930023,2020-10-05,52,51.54439926147461
0677930023,2020-10-06,48,47.76016616821289
0677930023,2020-10-07,44,43.68072509765625
0677930023,2020-10-08,41,40.74449920654297
0677930023,2020-10-09,38,38.308921813964844
0677930023,2020-10-10,45,45.02335739135742
0677930023,2020-10-11,49,48.554473876953125
0677930023,2020-10-12,44,43.67872619628906
0677930023,2020-10-13,43,43.279972076416016
0677930023,2020-10-14,48,48.43010330200195
0677930023,2020-10-15,51,51.28699493408203
0677930023,2020-10-16,51,51.10398864746094
0677930023,2020-10-17,53,53.21714782714844
0677930023,2020-10-18,50,50.139305114746094
0677930023,2020-10-19,50,49.5323486328125
0677930023,2020-10-20,49,49.16786193847656
0677930023,2020-10-21,51,50.790592193603516
0677930023,2020-10-22,57,57.132408142089844
0677930066,2020-09-23,28,27.61212730407715
0677930066,2020-09-24,29,29.323959350585938
0677930066,2020-09-25,37,36.8894157409668
0677930066,2020-09-26,79,78.55877685546875
0677930066,2020-09-27,50,49.99894714355469
0677930066,2020-09-28,82,81.60762023925781
0677930066,2020-09-29,67,66.69227600097656
0677930066,2020-09-30,57,56.98992156982422
0677930066,2020-10-01,52,52.142635345458984
0677930066,2020-10-02,49,48.95146179199219
0677930066,2020-10-03,56,56.36018753051758
0677930066,2020-10-04,54,53.79375457763672
0677930066,2020-10-05,51,51.06846237182617
0677930066,2020-10-06,49,49.14732360839844
0677930066,2020-10-07,45,44.52388000488281
0677930066,2020-10-08,41,40.95170211791992
0677930066,2020-10-09,37,37.44818878173828
0677930066,2020-10-10,41,40.71942901611328
0677930066,2020-10-11,46,45.886295318603516
0677930066,2020-10-12,44,43.96512222290039
0677930066,2020-10-13,42,42.493831634521484
0677930066,2020-10-14,46,45.69559860229492
0677930066,2020-10-15,49,49.388431549072266
0677930066,2020-10-16,51,50.54599380493164
0677930066,2020-10-17,53,53.22389602661133
0677930066,2020-10-18,54,54.40102767944336
0677930066,2020-10-19,50,50.3259162902832
0677930066,2020-10-20,50,49.535194396972656
0677930066,2020-10-21,51,50.87098693847656
0677930066,2020-10-22,56,56.47639465332031
0678342001,2020-09-23,2,1.9581961631774902
0678342001,2020-09-24,2,1.6106494665145874
0678342001,2020-09-25,2,1.6601117849349976
0678342001,2020-09-26,5,4.663834095001221
0678342001,2020-09-27,2,1.5723212957382202
0678342001,2020-09-28,7,6.519042491912842
0678342001,2020-09-29,3,3.246187210083008
0678342001,2020-09-30,2,1.869276523590088
0678342001,2020-10-01,2,2.298417806625366
0678342001,2020-10-02,2,2.210907459259033
0678342001,2020-10-03,3,2.609184980392456
0678342001,2020-10-04,2,2.0397491455078125
0678342001,2020-10-05,2,1.9778012037277222
0678342001,2020-10-06,2,1.9268227815628052
0678342001,2020-10-07,2,1.8790174722671509
0678342001,2020-10-08,2,1.5572434663772583
0678342001,2020-10-09,1,1.3240934610366821
0678342001,2020-10-10,1,1.4065815210342407
0678342001,2020-10-11,1,1.2954206466674805
0678342001,2020-10-12,1,1.3207005262374878
0678342001,2020-10-13,1,1.3694144487380981
0678342001,2020-10-14,2,1.6486159563064575
0678342001,2020-10-15,1,1.2734404802322388
0678342001,2020-10-16,1,1.1478562355041504
0678342001,2020-10-17,1,1.195806622505188
0678342001,2020-10-18,1,1.1213383674621582
0678342001,2020-10-19,1,1.177506446838379
0678342001,2020-10-20,1,1.362952470779419
0678342001,2020-10-21,1,1.4194567203521729
0678342001,2020-10-22,2,1.512355923652649
0678687001,2020-09-23,2,1.773071527481079
0678687001,2020-09-24,1,1.4116076231002808
0678687001,2020-09-25,1,1.4610697031021118
0678687001,2020-09-26,5,4.5211896896362305
0678687001,2020-09-27,1,1.4668172597885132
0678687001,2020-09-28,6,6.400327682495117
0678687001,2020-09-29,3,3.1784470081329346
0678687001,2020-09-30,2,1.7297395467758179
0678687001,2020-10-01,2,2.141184091567993
0678687001,2020-10-02,2,2.0827298164367676
0678687001,2020-10-03,2,2.4383199214935303
0678687001,2020-10-04,2,2.0091772079467773
0678687001,2020-10-05,2,1.933066725730896
0678687001,2020-10-06,2,1.8121393918991089
0678687001,2020-10-07,2,1.769861102104187
0678687001,2020-10-08,1,1.4684585332870483
0678687001,2020-10-09,1,1.1472805738449097
0678687001,2020-10-10,1,1.3177958726882935
0678687001,2020-10-11,1,1.2258484363555908
0678687001,2020-10-12,1,1.242836356163025
0678687001,2020-10-13,1,1.2823790311813354
0678687001,2020-10-14,2,1.5815094709396362
0678687001,2020-10-15,1,1.2287050485610962
0678687001,2020-10-16,1,1.1031208038330078
0678687001,2020-10-17,1,1.1510711908340454
0678687001,2020-10-18,1,1.090766191482544
0678687001,2020-10-19,1,1.1327710151672363
0678687001,2020-10-20,1,1.3182170391082764
0678687001,2020-10-21,1,1.3747212886810303
0678687001,2020-10-22,1,1.4676204919815063
0678942001,2020-09-23,39,39.14137268066406
0678942001,2020-09-24,46,45.90031051635742
0678942001,2020-09-25,47,47.277320861816406
0678942001,2020-09-26,85,84.64122772216797
0678942001,2020-09-27,56,56.141353607177734
0678942001,2020-09-28,81,81.16939544677734
0678942001,2020-09-29,74,73.53668975830078
0678942001,2020-09-30,71,70.52033233642578
0678942001,2020-10-01,65,64.72945404052734
0678942001,2020-10-02,62,61.94757843017578
0678942001,2020-10-03,68,67.91661834716797
0678942001,2020-10-04,54,54.058860778808594
0678942001,2020-10-05,52,51.99078369140625
0678942001,2020-10-06,51,50.62892150878906
0678942001,2020-10-07,52,52.4039192199707
0678942001,2020-10-08,50,49.51224136352539
0678942001,2020-10-09,45,44.87835693359375
0678942001,2020-10-10,53,53.35858917236328
0678942001,2020-10-11,52,52.45376968383789
0678942001,2020-10-12,46,45.7967643737793
0678942001,2020-10-13,45,44.855133056640625
0678942001,2020-10-14,50,49.8798942565918
0678942001,2020-10-15,50,50.38258743286133
0678942001,2020-10-16,49,48.733219146728516
0678942001,2020-10-17,53,53.300724029541016
0678942001,2020-10-18,53,53.41084289550781
0678942001,2020-10-19,51,51.1611442565918
0678942001,2020-10-20,51,51.45793533325195
0678942001,2020-10-21,52,52.095149993896484
0678942001,2020-10-22,59,59.285865783691406
0678942032,2020-09-23,5,4.730538368225098
0678942032,2020-09-24,5,4.7497878074646
0678942032,2020-09-25,5,4.521197319030762
0678942032,2020-09-26,7,7.34108829498291
0678942032,2020-09-27,4,3.734957695007324
0678942032,2020-09-28,9,9.459634780883789
0678942032,2020-09-29,8,7.700598239898682
0678942032,2020-09-30,6,5.833636283874512
0678942032,2020-10-01,6,5.845057487487793
0678942032,2020-10-02,6,5.592186450958252
0678942032,2020-10-03,6,5.833234786987305
0678942032,2020-10-04,5,4.979234218597412
0678942032,2020-10-05,5,4.614378929138184
0678942032,2020-10-06,5,4.839142799377441
0678942032,2020-10-07,5,5.191905498504639
0678942032,2020-10-08,5,5.115823268890381
0678942032,2020-10-09,5,4.882673263549805
0678942032,2020-10-10,5,4.86790657043457
0678942032,2020-10-11,4,4.250182151794434
0678942032,2020-10-12,4,4.252453327178955
0678942032,2020-10-13,4,4.306654930114746
0678942032,2020-10-14,5,4.833961009979248
0678942032,2020-10-15,4,4.386142253875732
0678942032,2020-10-16,4,4.233767032623291
0678942032,2020-10-17,4,4.322953224182129
0678942032,2020-10-18,4,3.7460451126098633
0678942032,2020-10-19,4,3.5579216480255127
0678942032,2020-10-20,4,3.7206456661224365
0678942032,2020-10-21,4,4.020157814025879
0678942032,2020-10-22,4,4.093637466430664
0679853001,2020-09-23,2,1.7591545581817627
0679853001,2020-09-24,1,1.4116076231002808
0679853001,2020-09-25,1,1.4610697031021118
0679853001,2020-09-26,5,4.5211896896362305
0679853001,2020-09-27,2,1.5031074285507202
0679853001,2020-09-28,6,6.422698974609375
0679853001,2020-09-29,3,3.193718433380127
0679853001,2020-09-30,2,1.7297395467758179
0679853001,2020-10-01,2,2.141184091567993
0679853001,2020-10-02,2,2.0827298164367676
0679853001,2020-10-03,2,2.4383199214935303
0679853001,2020-10-04,2,1.9929943084716797
0679853001,2020-10-05,2,1.7943475246429443
0679853001,2020-10-06,2,1.8121393918991089
0679853001,2020-10-07,2,1.6818338632583618
0679853001,2020-10-08,1,1.380431056022644
0679853001,2020-10-09,1,1.167655110359192
0679853001,2020-10-10,1,1.3381701707839966
0679853001,2020-10-11,1,1.2279366254806519
0679853001,2020-10-12,1,1.242836356163025
0679853001,2020-10-13,1,1.2823790311813354
0679853001,2020-10-14,2,1.5815094709396362
0679853001,2020-10-15,1,1.2287050485610962
0679853001,2020-10-16,1,1.1031208038330078
0679853001,2020-10-17,1,1.1510711908340454
0679853001,2020-10-18,1,1.090766191482544
0679853001,2020-10-19,1,1.1327710151672363
0679853001,2020-10-20,1,1.3182170391082764
0679853001,2020-10-21,1,1.3747212886810303
0679853001,2020-10-22,1,1.4676204919815063
0679854001,2020-09-23,6,5.807369709014893
0679854001,2020-09-24,6,5.573849201202393
0679854001,2020-09-25,6,5.933871269226074
0679854001,2020-09-26,9,8.964664459228516
0679854001,2020-09-27,4,4.488802433013916
0679854001,2020-09-28,11,10.69207763671875
0679854001,2020-09-29,10,9.95561695098877
0679854001,2020-09-30,7,7.076236724853516
0679854001,2020-10-01,7,7.077884674072266
0679854001,2020-10-02,7,7.076448917388916
0679854001,2020-10-03,8,7.542147159576416
0679854001,2020-10-04,6,5.868277072906494
0679854001,2020-10-05,6,5.590029716491699
0679854001,2020-10-06,6,5.824002742767334
0679854001,2020-10-07,6,6.229194164276123
0679854001,2020-10-08,6,6.083018779754639
0679854001,2020-10-09,6,6.0926690101623535
0679854001,2020-10-10,6,6.330330848693848
0679854001,2020-10-11,5,4.968312740325928
0679854001,2020-10-12,5,4.775845527648926
0679854001,2020-10-13,5,4.869870662689209
0679854001,2020-10-14,6,5.589432239532471
0679854001,2020-10-15,5,5.326766014099121
0679854001,2020-10-16,5,5.164391994476318
0679854001,2020-10-17,5,5.2819342613220215
0679854001,2020-10-18,5,4.58549690246582
0679854001,2020-10-19,4,4.407736778259277
0679854001,2020-10-20,5,4.600247859954834
0679854001,2020-10-21,5,4.9300761222839355
0679854001,2020-10-22,5,5.00883150100708
0680262001,2020-09-23,2,1.8221327066421509
0680262001,2020-09-24,1,1.474585771560669
0680262001,2020-09-25,2,1.503648281097412
0680262001,2020-09-26,5,4.548501968383789
0680262001,2020-09-27,2,1.5944840908050537
0680262001,2020-09-28,6,6.449983596801758
0680262001,2020-09-29,3,3.2469799518585205
0680262001,2020-09-30,2,1.762378454208374
0680262001,2020-10-01,2,2.1681551933288574
0680262001,2020-10-02,2,2.216102123260498
0680262001,2020-10-03,3,2.512084722518921
0680262001,2020-10-04,2,2.0947513580322266
0680262001,2020-10-05,2,1.9932868480682373
0680262001,2020-10-06,2,1.8521360158920288
0680262001,2020-10-07,2,1.8681784868240356
0680262001,2020-10-08,2,1.5667763948440552
0680262001,2020-10-09,1,1.3090635538101196
0680262001,2020-10-10,1,1.3912874460220337
0680262001,2020-10-11,1,1.3060998916625977
0680262001,2020-10-12,1,1.2909467220306396
0680262001,2020-10-13,1,1.3558435440063477
0680262001,2020-10-14,2,1.6269456148147583
0680262001,2020-10-15,1,1.2741411924362183
0680262001,2020-10-16,1,1.1239943504333496
0680262001,2020-10-17,1,1.18051278591156
0680262001,2020-10-18,1,1.1320176124572754
0680262001,2020-10-19,1,1.1639355421066284
0680262001,2020-10-20,1,1.3493815660476685
0680262001,2020-10-21,1,1.4201574325561523
0680262001,2020-10-22,2,1.5217664241790771
0682550001,2020-09-23,4,4.287296295166016
0682550001,2020-09-24,4,4.283143043518066
0682550001,2020-09-25,4,4.272233963012695
0682550001,2020-09-26,7,7.026035785675049
0682550001,2020-09-27,3,3.4683666229248047
0682550001,2020-09-28,9,9.358560562133789
0682550001,2020-09-29,7,7.297211647033691
0682550001,2020-09-30,5,5.4644455909729
0682550001,2020-10-01,5,5.390501499176025
0682550001,2020-10-02,5,5.143776893615723
0682550001,2020-10-03,6,5.580883979797363
0682550001,2020-10-04,5,4.56198787689209
0682550001,2020-10-05,4,4.375584602355957
0682550001,2020-10-06,5,4.540524959564209
0682550001,2020-10-07,5,5.115325927734375
0682550001,2020-10-08,5,4.9261980056762695
0682550001,2020-10-09,5,4.543663501739502
0682550001,2020-10-10,5,4.728002548217773
0682550001,2020-10-11,4,4.0143585205078125
0682550001,2020-10-12,4,4.115544319152832
0682550001,2020-10-13,4,4.092538356781006
0682550001,2020-10-14,5,4.690131664276123
0682550001,2020-10-15,4,4.312952995300293
0682550001,2020-10-16,4,4.110969543457031
0682550001,2020-10-17,4,4.228511810302734
0682550001,2020-10-18,4,3.7101335525512695
0682550001,2020-10-19,4,3.5593440532684326
0682550001,2020-10-20,4,3.7185349464416504
0682550001,2020-10-21,4,4.050533771514893
0682550001,2020-10-22,4,4.088247776031494
0683662005,2020-09-23,2,1.8178069591522217
0683662005,2020-09-24,1,1.4702600240707397
0683662005,2020-09-25,2,1.5227500200271606
0683662005,2020-09-26,5,4.582870006561279
0683662005,2020-09-27,2,1.5223253965377808
0683662005,2020-09-28,6,6.421133995056152
0683662005,2020-09-29,3,3.2231826782226562
0683662005,2020-09-30,2,1.7963978052139282
0683662005,2020-10-01,2,2.1859195232391357
0683662005,2020-10-02,2,2.227090358734131
0683662005,2020-10-03,2,2.4992382526397705
0683662005,2020-10-04,2,2.0397491455078125
0683662005,2020-10-05,2,1.9778012037277222
0683662005,2020-10-06,2,1.8568748235702515
0683662005,2020-10-07,2,1.8586455583572388
0683662005,2020-10-08,2,1.5572434663772583
0683662005,2020-10-09,1,1.3240934610366821
0683662005,2020-10-10,1,1.4065815210342407
0683662005,2020-10-11,1,1.2792377471923828
0683662005,2020-10-12,1,1.3045176267623901
0683662005,2020-10-13,1,1.3694144487380981
0683662005,2020-10-14,2,1.6262449026107788
0683662005,2020-10-15,1,1.2734404802322388
0683662005,2020-10-16,1,1.1478562355041504
0683662005,2020-10-17,1,1.195806622505188
0683662005,2020-10-18,1,1.1213383674621582
0683662005,2020-10-19,1,1.177506446838379
0683662005,2020-10-20,1,1.362952470779419
0683662005,2020-10-21,1,1.4194567203521729
0683662005,2020-10-22,2,1.512355923652649
0684209001,2020-09-23,2,1.8909295797348022
0684209001,2020-09-24,2,1.5433826446533203
0684209001,2020-09-25,2,1.5427899360656738
0684209001,2020-09-26,5,4.565186023712158
0684209001,2020-09-27,2,1.5662766695022583
0684209001,2020-09-28,7,6.573224067687988
0684209001,2020-09-29,3,3.2745702266693115
0684209001,2020-09-30,2,1.7027156352996826
0684209001,2020-10-01,2,2.1745715141296387
0684209001,2020-10-02,2,2.2225184440612793
0684209001,2020-10-03,3,2.6446311473846436
0684209001,2020-10-04,2,2.1270480155944824
0684209001,2020-10-05,2,1.99970281124115
0684209001,2020-10-06,2,1.9118221998214722
0684209001,2020-10-07,2,1.8745949268341064
0684209001,2020-10-08,2,1.5731925964355469
0684209001,2020-10-09,1,1.3154797554016113
0684209001,2020-10-10,1,1.4065358638763428
0684209001,2020-10-11,1,1.3472281694412231
0684209001,2020-10-12,1,1.3223778009414673
0684209001,2020-10-13,1,1.3710917234420776
0684209001,2020-10-14,2,1.6421937942504883
0684209001,2020-10-15,1,1.4189554452896118
0684209001,2020-10-16,1,1.2688086032867432
0684209001,2020-10-17,1,1.126768708229065
0684209001,2020-10-18,1,1.1642931699752808
0684209001,2020-10-19,1,1.2186683416366577
0684209001,2020-10-20,1,1.4041141271591187
0684209001,2020-10-21,1,1.4748902320861816
0684209001,2020-10-22,2,1.5764989852905273
0684209004,2020-09-23,2,2.103184223175049
0684209004,2020-09-24,2,1.9637095928192139
0684209004,2020-09-25,2,1.7551802396774292
0684209004,2020-09-26,5,4.7427978515625
0684209004,2020-09-27,2,1.5943371057510376
0684209004,2020-09-28,7,6.6168212890625
0684209004,2020-09-29,3,3.382122278213501
0684209004,2020-09-30,2,1.9382879734039307
0684209004,2020-10-01,2,2.2408082485198975
0684209004,2020-10-02,2,2.3084850311279297
0684209004,2020-10-03,3,2.5806329250335693
0684209004,2020-10-04,2,2.0091772079467773
0684209004,2020-10-05,2,2.02329421043396
0684209004,2020-10-06,2,2.0706822872161865
0684209004,2020-10-07,2,2.272937536239624
0684209004,2020-10-08,2,1.9566950798034668
0684209004,2020-10-09,1,1.4921602010726929
0684209004,2020-10-10,2,1.556453824043274
0684209004,2020-10-11,1,1.2648487091064453
0684209004,2020-10-12,1,1.296694278717041
0684209004,2020-10-13,1,1.3655494451522827
0684209004,2020-10-14,2,1.663126826286316
0684209004,2020-10-15,1,1.3137506246566772
0684209004,2020-10-16,1,1.1254920959472656
0684209004,2020-10-17,1,1.1510711908340454
0684209004,2020-10-18,1,1.090766191482544
0684209004,2020-10-19,1,1.1327710151672363
0684209004,2020-10-20,1,1.3182170391082764
0684209004,2020-10-21,1,1.3747212886810303
0684209004,2020-10-22,1,1.4676204919815063
0684209006,2020-09-23,2,1.830605387687683
0684209006,2020-09-24,1,1.4830584526062012
0684209006,2020-09-25,2,1.5121212005615234
0684209006,2020-09-26,5,4.583119869232178
0684209006,2020-09-27,2,1.5981268882751465
0684209006,2020-09-28,7,6.5564727783203125
0684209006,2020-09-29,3,3.2304465770721436
0684209006,2020-09-30,2,1.6859638690948486
0684209006,2020-10-01,2,2.266329288482666
0684209006,2020-10-02,2,2.266754627227783
0684209006,2020-10-03,3,2.7150118350982666
0684209006,2020-10-04,2,2.1974291801452637
0684209006,2020-10-05,2,2.043938398361206
0684209006,2020-10-06,2,2.1172807216644287
0684209006,2020-10-07,2,2.2889013290405273
0684209006,2020-10-08,2,1.9726591110229492
0684209006,2020-10-09,2,1.5725178718566895
0684209006,2020-10-10,2,1.6511502265930176
0684209006,2020-10-11,1,1.4176090955734253
0684209006,2020-10-12,1,1.387342929840088
0684209006,2020-10-13,1,1.4790159463882446
0684209006,2020-10-14,2,1.7772486209869385
0684209006,2020-10-15,1,1.4244441986083984
0684209006,2020-10-16,1,1.2334269285202026
0684209006,2020-10-17,1,1.26369047164917
0684209006,2020-10-18,1,1.1928240060806274
0684209006,2020-10-19,1,1.1985969543457031
0684209006,2020-10-20,1,1.3840429782867432
0684209006,2020-10-21,1,1.437462329864502
0684209006,2020-10-22,2,1.5390713214874268
0684209013,2020-09-23,3,2.8369879722595215
0684209013,2020-09-24,2,2.220912218093872
0684209013,2020-09-25,2,2.4857473373413086
0684209013,2020-09-26,5,5.410764217376709
0684209013,2020-09-27,2,2.23095703125
0684209013,2020-09-28,8,7.937179088592529
0684209013,2020-09-29,4,4.040035247802734
0684209013,2020-09-30,3,3.08317232131958
0684209013,2020-10-01,3,3.45404314994812
0684209013,2020-10-02,3,3.4303550720214844
0684209013,2020-10-03,4,3.8772337436676025
0684209013,2020-10-04,3,3.2919764518737793
0684209013,2020-10-05,3,3.240853786468506
0684209013,2020-10-06,3,3.101688861846924
0684209013,2020-10-07,3,3.3572797775268555
0684209013,2020-10-08,3,3.057450294494629
0684209013,2020-10-09,3,2.814209222793579
0684209013,2020-10-10,3,2.8818511962890625
0684209013,2020-10-11,3,2.616063356399536
0684209013,2020-10-12,2,2.429751396179199
0684209013,2020-10-13,2,2.451878786087036
0684209013,2020-10-14,3,2.894127607345581
0684209013,2020-10-15,3,2.5395326614379883
0684209013,2020-10-16,2,2.2510406970977783
0684209013,2020-10-17,2,2.2649941444396973
0684209013,2020-10-18,2,2.171233654022217
0684209013,2020-10-19,2,2.0776443481445312
0684209013,2020-10-20,2,2.100904941558838
0684209013,2020-10-21,2,2.2350430488586426
0684209013,2020-10-22,2,2.251864194869995
0684209014,2020-09-23,2,1.8221327066421509
0684209014,2020-09-24,1,1.474585771560669
0684209014,2020-09-25,2,1.503648281097412
0684209014,2020-09-26,5,4.548501968383789
0684209014,2020-09-27,2,1.5944840908050537
0684209014,2020-09-28,6,6.449983596801758
0684209014,2020-09-29,3,3.2469799518585205
0684209014,2020-09-30,2,1.762378454208374
0684209014,2020-10-01,2,2.1681551933288574
0684209014,2020-10-02,2,2.216102123260498
0684209014,2020-10-03,3,2.512084722518921
0684209014,2020-10-04,2,2.0947513580322266
0684209014,2020-10-05,2,1.9932868480682373
0684209014,2020-10-06,2,1.8521360158920288
0684209014,2020-10-07,2,1.8681784868240356
0684209014,2020-10-08,2,1.5667763948440552
0684209014,2020-10-09,1,1.3090635538101196
0684209014,2020-10-10,1,1.400119662284851
0684209014,2020-10-11,1,1.314932107925415
0684209014,2020-10-12,1,1.299778699874878
0684209014,2020-10-13,1,1.364675521850586
0684209014,2020-10-14,2,1.6357775926589966
0684209014,2020-10-15,1,1.2829734086990356
0684209014,2020-10-16,1,1.132826566696167
0684209014,2020-10-17,1,1.18051278591156
0684209014,2020-10-18,1,1.1320176124572754
0684209014,2020-10-19,1,1.1639355421066284
0684209014,2020-10-20,1,1.3493815660476685
0684209014,2020-10-21,1,1.4201574325561523
0684209014,2020-10-22,2,1.5217664241790771
0684209027,2020-09-23,2,1.9120081663131714
0684209027,2020-09-24,2,1.5440869331359863
0684209027,2020-09-25,2,1.5604400634765625
0684209027,2020-09-26,5,4.605654239654541
0684209027,2020-09-27,2,1.6362289190292358
0684209027,2020-09-28,7,6.573927879333496
0684209027,2020-09-29,3,3.2852931022644043
0684209027,2020-09-30,2,1.7893381118774414
0684209027,2020-10-01,2,2.204019784927368
0684209027,2020-10-02,2,2.220628023147583
0684209027,2020-10-03,3,2.6427407264709473
0684209027,2020-10-04,2,2.1089746952056885
0684209027,2020-10-05,2,1.9816303253173828
0684209027,2020-10-06,2,1.9377986192703247
0684209027,2020-10-07,2,1.8565211296081543
0684209027,2020-10-08,2,1.5551187992095947
0684209027,2020-10-09,1,1.2974059581756592
0684209027,2020-10-10,1,1.3884620666503906
0684209027,2020-10-11,1,1.329154372215271
0684209027,2020-10-12,1,1.3043040037155151
0684209027,2020-10-13,1,1.3803900480270386
0684209027,2020-10-14,2,1.6241199970245361
0684209027,2020-10-15,1,1.449939250946045
0684209027,2020-10-16,1,1.2997924089431763
0684209027,2020-10-17,1,1.126768708229065
0684209027,2020-10-18,1,1.1642931699752808
0684209027,2020-10-19,1,1.2186683416366577
0684209027,2020-10-20,1,1.4314862489700317
0684209027,2020-10-21,1,1.4748902320861816
0684209027,2020-10-22,2,1.5854783058166504
0684340001,2020-09-23,2,1.8763480186462402
0684340001,2020-09-24,1,1.4872056245803833
0684340001,2020-09-25,2,1.5058051347732544
0684340001,2020-09-26,5,4.565925121307373
0684340001,2020-09-27,2,1.5993329286575317
0684340001,2020-09-28,6,6.467434406280518
0684340001,2020-09-29,3,3.209657669067383
0684340001,2020-09-30,2,1.7963978052139282
0684340001,2020-10-01,2,2.2021024227142334
0684340001,2020-10-02,2,2.210907459259033
0684340001,2020-10-03,3,2.625368356704712
0684340001,2020-10-04,2,2.0397491455078125
0684340001,2020-10-05,2,1.9778012037277222
0684340001,2020-10-06,2,1.8827728033065796
0684340001,2020-10-07,2,1.8586455583572388
0684340001,2020-10-08,2,1.5572434663772583
0684340001,2020-10-09,1,1.3240934610366821
0684340001,2020-10-10,1,1.4065815210342407
0684340001,2020-10-11,1,1.2954206466674805
0684340001,2020-10-12,1,1.3045176267623901
0684340001,2020-10-13,1,1.3694144487380981
0684340001,2020-10-14,2,1.6262449026107788
0684340001,2020-10-15,1,1.2734404802322388
0684340001,2020-10-16,1,1.1478562355041504
0684340001,2020-10-17,1,1.195806622505188
0684340001,2020-10-18,1,1.1213383674621582
0684340001,2020-10-19,1,1.177506446838379
0684340001,2020-10-20,1,1.362952470779419
0684340001,2020-10-21,1,1.4194567203521729
0684340001,2020-10-22,2,1.512355923652649
0684340002,2020-09-23,2,1.8285160064697266
0684340002,2020-09-24,1,1.4621907472610474
0684340002,2020-09-25,2,1.513485074043274
0684340002,2020-09-26,5,4.540910243988037
0684340002,2020-09-27,2,1.5004554986953735
0684340002,2020-09-28,6,6.433966159820557
0684340002,2020-09-29,3,3.198167562484741
0684340002,2020-09-30,2,1.7963978052139282
0684340002,2020-10-01,2,2.2021024227142334
0684340002,2020-10-02,2,2.210907459259033
0684340002,2020-10-03,2,2.4992382526397705
0684340002,2020-10-04,2,2.0397491455078125
0684340002,2020-10-05,2,1.9778012037277222
0684340002,2020-10-06,2,1.8568748235702515
0684340002,2020-10-07,2,1.8586455583572388
0684340002,2020-10-08,2,1.5572434663772583
0684340002,2020-10-09,1,1.3240934610366821
0684340002,2020-10-10,1,1.362531304359436
0684340002,2020-10-11,1,1.256420373916626
0684340002,2020-10-12,1,1.3045176267623901
0684340002,2020-10-13,1,1.3694144487380981
0684340002,2020-10-14,2,1.6262449026107788
0684340002,2020-10-15,1,1.2734404802322388
0684340002,2020-10-16,1,1.1478562355041504
0684340002,2020-10-17,1,1.195806622505188
0684340002,2020-10-18,1,1.1213383674621582
0684340002,2020-10-19,1,1.177506446838379
0684340002,2020-10-20,1,1.362952470779419
0684340002,2020-10-21,1,1.4194567203521729
0684340002,2020-10-22,2,1.512355923652649
0684341001,2020-09-23,2,1.7918503284454346
0684341001,2020-09-24,1,1.4443026781082153
0684341001,2020-09-25,2,1.513485074043274
0684341001,2020-09-26,5,4.573605537414551
0684341001,2020-09-27,2,1.5004554986953735
0684341001,2020-09-28,6,6.422997951507568
0684341001,2020-09-29,3,3.198167562484741
0684341001,2020-09-30,2,1.701938271522522
0684341001,2020-10-01,2,2.205742597579956
0684341001,2020-10-02,2,2.185892105102539
0684341001,2020-10-03,2,2.458040475845337
0684341001,2020-10-04,2,2.0397491455078125
0684341001,2020-10-05,2,1.9778012037277222
0684341001,2020-10-06,2,1.8568748235702515
0684341001,2020-10-07,2,1.8145965337753296
0684341001,2020-10-08,2,1.513193964958191
0684341001,2020-10-09,1,1.1920160055160522
0684341001,2020-10-10,1,1.362531304359436
0684341001,2020-10-11,1,1.256420373916626
0684341001,2020-10-12,1,1.2875717878341675
0684341001,2020-10-13,1,1.3694144487380981
0684341001,2020-10-14,2,1.6262449026107788
0684341001,2020-10-15,1,1.2734404802322388
0684341001,2020-10-16,1,1.1478562355041504
0684341001,2020-10-17,1,1.195806622505188
0684341001,2020-10-18,1,1.1213383674621582
0684341001,2020-10-19,1,1.177506446838379
0684341001,2020-10-20,1,1.362952470779419
0684341001,2020-10-21,1,1.4194567203521729
0684341001,2020-10-22,2,1.512355923652649
0684341002,2020-09-23,2,1.856959342956543
0684341002,2020-09-24,1,1.489038109779358
0684341002,2020-09-25,2,1.538500189781189
0684341002,2020-09-26,5,4.565925121307373
0684341002,2020-09-27,2,1.5113071203231812
0684341002,2020-09-28,6,6.458981037139893
0684341002,2020-09-29,3,3.209657669067383
0684341002,2020-09-30,2,1.7488762140274048
0684341002,2020-10-01,2,2.1859195232391357
0684341002,2020-10-02,2,2.210907459259033
0684341002,2020-10-03,2,2.483055353164673
0684341002,2020-10-04,2,2.0397491455078125
0684341002,2020-10-05,2,1.9778012037277222
0684341002,2020-10-06,2,1.8568748235702515
0684341002,2020-10-07,2,1.8586455583572388
0684341002,2020-10-08,2,1.5572434663772583
0684341002,2020-10-09,1,1.236066222190857
0684341002,2020-10-10,1,1.362531304359436
0684341002,2020-10-11,1,1.256420373916626
0684341002,2020-10-12,1,1.3045176267623901
0684341002,2020-10-13,1,1.3694144487380981
0684341002,2020-10-14,2,1.6262449026107788
0684341002,2020-10-15,1,1.2734404802322388
0684341002,2020-10-16,1,1.1478562355041504
0684341002,2020-10-17,1,1.195806622505188
0684341002,2020-10-18,1,1.1213383674621582
0684341002,2020-10-19,1,1.177506446838379
0684341002,2020-10-20,1,1.362952470779419
0684341002,2020-10-21,1,1.4194567203521729
0684341002,2020-10-22,2,1.512355923652649
0685813001,2020-09-23,28,28.410717010498047
0685813001,2020-09-24,35,35.358280181884766
0685813001,2020-09-25,40,40.192413330078125
0685813001,2020-09-26,84,83.73368072509766
0685813001,2020-09-27,59,58.51158142089844
0685813001,2020-09-28,94,93.81570434570312
0685813001,2020-09-29,65,64.90579986572266
0685813001,2020-09-30,61,60.73918914794922
0685813001,2020-10-01,56,55.786827087402344
0685813001,2020-10-02,53,53.32065200805664
0685813001,2020-10-03,65,65.07456970214844
0685813001,2020-10-04,53,52.99940490722656
0685813001,2020-10-05,48,48.31439208984375
0685813001,2020-10-06,48,47.965049743652344
0685813001,2020-10-07,48,48.0526237487793
0685813001,2020-10-08,44,44.340843200683594
0685813001,2020-10-09,39,39.40472412109375
0685813001,2020-10-10,47,47.34880065917969
0685813001,2020-10-11,55,54.63492202758789
0685813001,2020-10-12,47,46.89152526855469
0685813001,2020-10-13,44,44.438194274902344
0685813001,2020-10-14,51,50.9892463684082
0685813001,2020-10-15,53,53.34938049316406
0685813001,2020-10-16,51,50.7430534362793
0685813001,2020-10-17,54,53.51212692260742
0685813001,2020-10-18,53,53.26374053955078
0685813001,2020-10-19,51,50.855472564697266
0685813001,2020-10-20,51,50.967594146728516
0685813001,2020-10-21,56,55.6803092956543
0685813001,2020-10-22,63,62.60881423950195
0685813002,2020-09-23,2,2.2052931785583496
0685813002,2020-09-24,2,1.9956406354904175
0685813002,2020-09-25,2,1.772184133529663
0685813002,2020-09-26,5,4.777927875518799
0685813002,2020-09-27,2,1.6386699676513672
0685813002,2020-09-28,7,6.768514156341553
0685813002,2020-09-29,3,3.4171347618103027
0685813002,2020-09-30,2,2.1078736782073975
0685813002,2020-10-01,3,2.6328134536743164
0685813002,2020-10-02,3,2.5005617141723633
0685813002,2020-10-03,3,2.772709608078003
0685813002,2020-10-04,2,2.185119152069092
0685813002,2020-10-05,2,2.2143986225128174
0685813002,2020-10-06,2,2.3090884685516357
0685813002,2020-10-07,2,2.4327688217163086
0685813002,2020-10-08,2,2.1320416927337646
0685813002,2020-10-09,2,1.825664758682251
0685813002,2020-10-10,2,1.7527228593826294
0685813002,2020-10-11,1,1.4927089214324951
0685813002,2020-10-12,2,1.5247604846954346
0685813002,2020-10-13,2,1.5458365678787231
0685813002,2020-10-14,2,1.8673382997512817
0685813002,2020-10-15,1,1.4696956872940063
0685813002,2020-10-16,1,1.2737722396850586
0685813002,2020-10-17,1,1.2808524370193481
0685813002,2020-10-18,1,1.1640841960906982
0685813002,2020-10-19,1,1.197880744934082
0685813002,2020-10-20,1,1.383326530456543
0685813002,2020-10-21,1,1.439831018447876
0685813002,2020-10-22,2,1.532729983329773
0685814001,2020-09-23,46,46.1103401184082
0685814001,2020-09-24,54,53.785587310791016
0685814001,2020-09-25,54,53.97366714477539
0685814001,2020-09-26,94,94.18818664550781
0685814001,2020-09-27,61,60.71293640136719
0685814001,2020-09-28,101,100.82413482666016
0685814001,2020-09-29,82,82.45954895019531
0685814001,2020-09-30,75,74.89551544189453
0685814001,2020-10-01,64,64.28789520263672
0685814001,2020-10-02,65,65.25723266601562
0685814001,2020-10-03,71,70.66522979736328
0685814001,2020-10-04,66,65.90702819824219
0685814001,2020-10-05,58,58.3797492980957
0685814001,2020-10-06,58,58.122154235839844
0685814001,2020-10-07,60,59.79756164550781
0685814001,2020-10-08,62,61.54102325439453
0685814001,2020-10-09,55,55.16806411743164
0685814001,2020-10-10,61,61.06132125854492
0685814001,2020-10-11,62,62.20085525512695
0685814001,2020-10-12,59,58.61597442626953
0685814001,2020-10-13,53,53.278587341308594
0685814001,2020-10-14,62,61.76190948486328
0685814001,2020-10-15,67,66.7592544555664
0685814001,2020-10-16,64,63.704986572265625
0685814001,2020-10-17,68,67.78516387939453
0685814001,2020-10-18,71,71.49634552001953
0685814001,2020-10-19,60,60.329376220703125
0685814001,2020-10-20,59,58.629615783691406
0685814001,2020-10-21,62,62.10227966308594
0685814001,2020-10-22,78,77.88679504394531
0685814003,2020-09-23,24,23.66525650024414
0685814003,2020-09-24,34,34.10149383544922
0685814003,2020-09-25,38,38.183502197265625
0685814003,2020-09-26,62,62.41670608520508
0685814003,2020-09-27,54,53.5690803527832
0685814003,2020-09-28,88,88.12055969238281
0685814003,2020-09-29,59,59.155513763427734
0685814003,2020-09-30,50,49.7353515625
0685814003,2020-10-01,48,47.72349548339844
0685814003,2020-10-02,44,43.53542709350586
0685814003,2020-10-03,54,54.182559967041016
0685814003,2020-10-04,53,52.50223922729492
0685814003,2020-10-05,50,49.7053337097168
0685814003,2020-10-06,52,52.426513671875
0685814003,2020-10-07,51,50.54115295410156
0685814003,2020-10-08,47,46.626590728759766
0685814003,2020-10-09,42,42.21471405029297
0685814003,2020-10-10,50,49.831050872802734
0685814003,2020-10-11,50,49.89947509765625
0685814003,2020-10-12,44,44.45230484008789
0685814003,2020-10-13,46,46.25869369506836
0685814003,2020-10-14,54,54.265869140625
0685814003,2020-10-15,53,52.990234375
0685814003,2020-10-16,50,49.67417907714844
0685814003,2020-10-17,54,53.76954650878906
0685814003,2020-10-18,51,51.231536865234375
0685814003,2020-10-19,52,51.68758010864258
0685814003,2020-10-20,54,53.53163528442383
0685814003,2020-10-21,55,54.670013427734375
0685814003,2020-10-22,59,59.172203063964844
0685816001,2020-09-23,22,22.2618350982666
0685816001,2020-09-24,26,25.90364646911621
0685816001,2020-09-25,30,30.194650650024414
0685816001,2020-09-26,60,59.60143280029297
0685816001,2020-09-27,49,48.98884582519531
0685816001,2020-09-28,78,77.53950500488281
0685816001,2020-09-29,67,67.04593658447266
0685816001,2020-09-30,57,56.83892822265625
0685816001,2020-10-01,51,51.26439666748047
0685816001,2020-10-02,50,50.44190979003906
0685816001,2020-10-03,66,66.20016479492188
0685816001,2020-10-04,54,54.242130279541016
0685816001,2020-10-05,50,50.33864212036133
0685816001,2020-10-06,50,50.321720123291016
0685816001,2020-10-07,52,51.55144119262695
0685816001,2020-10-08,47,46.51309585571289
0685816001,2020-10-09,42,42.222496032714844
0685816001,2020-10-10,50,50.06715774536133
0685816001,2020-10-11,49,49.26345443725586
0685816001,2020-10-12,43,43.238609313964844
0685816001,2020-10-13,46,45.652530670166016
0685816001,2020-10-14,51,51.31016159057617
0685816001,2020-10-15,55,55.425750732421875
0685816001,2020-10-16,53,52.87648010253906
0685816001,2020-10-17,54,54.11614990234375
0685816001,2020-10-18,51,50.68757247924805
0685816001,2020-10-19,49,49.16728973388672
0685816001,2020-10-20,52,51.964263916015625
0685816001,2020-10-21,54,54.06365966796875
0685816001,2020-10-22,58,58.44190216064453
0685816002,2020-09-23,24,24.228992462158203
0685816002,2020-09-24,27,26.903432846069336
0685816002,2020-09-25,29,28.74424171447754
0685816002,2020-09-26,46,45.74197006225586
0685816002,2020-09-27,49,49.14262771606445
0685816002,2020-09-28,66,66.13563537597656
0685816002,2020-09-29,58,57.87420654296875
0685816002,2020-09-30,48,48.39748764038086
0685816002,2020-10-01,45,44.763214111328125
0685816002,2020-10-02,43,42.877235412597656
0685816002,2020-10-03,48,47.5394287109375
0685816002,2020-10-04,41,40.81853485107422
0685816002,2020-10-05,42,41.84619140625
0685816002,2020-10-06,44,44.01166534423828
0685816002,2020-10-07,46,46.23997497558594
0685816002,2020-10-08,43,42.91057205200195
0685816002,2020-10-09,42,42.30604934692383
0685816002,2020-10-10,49,48.52135467529297
0685816002,2020-10-11,56,55.546974182128906
0685816002,2020-10-12,46,46.3355598449707
0685816002,2020-10-13,45,45.42864227294922
0685816002,2020-10-14,50,50.26866912841797
0685816002,2020-10-15,51,50.941558837890625
0685816002,2020-10-16,51,51.131629943847656
0685816002,2020-10-17,56,55.60479736328125
0685816002,2020-10-18,54,53.60552215576172
0685816002,2020-10-19,51,50.504005432128906
0685816002,2020-10-20,49,48.707027435302734
0685816002,2020-10-21,51,50.89414596557617
0685816002,2020-10-22,56,55.86250305175781
0687704001,2020-09-23,4,4.398259162902832
0687704001,2020-09-24,4,4.0060319900512695
0687704001,2020-09-25,4,4.205323219299316
0687704001,2020-09-26,8,7.647819995880127
0687704001,2020-09-27,4,3.6688804626464844
0687704001,2020-09-28,9,9.330044746398926
0687704001,2020-09-29,8,7.64914083480835
0687704001,2020-09-30,5,5.387886047363281
0687704001,2020-10-01,5,5.255439281463623
0687704001,2020-10-02,5,5.439398765563965
0687704001,2020-10-03,6,5.891061782836914
0687704001,2020-10-04,5,4.679457187652588
0687704001,2020-10-05,5,4.574489116668701
0687704001,2020-10-06,5,4.61910343170166
0687704001,2020-10-07,5,5.064302921295166
0687704001,2020-10-08,5,5.011587142944336
0687704001,2020-10-09,5,4.77843713760376
0687704001,2020-10-10,5,4.80353307723999
0687704001,2020-10-11,4,4.239017009735107
0687704001,2020-10-12,4,4.253194332122803
0687704001,2020-10-13,4,4.199380874633789
0687704001,2020-10-14,5,4.690131664276123
0687704001,2020-10-15,4,4.362205982208252
0687704001,2020-10-16,4,4.249671459197998
0687704001,2020-10-17,4,4.256396770477295
0687704001,2020-10-18,4,3.7766170501708984
0687704001,2020-10-19,4,3.5593440532684326
0687704001,2020-10-20,4,3.765381097793579
0687704001,2020-10-21,4,4.050533771514893
0687704001,2020-10-22,4,4.317348957061768
0688105002,2020-09-23,3,2.929442882537842
0688105002,2020-09-24,3,2.6437816619873047
0688105002,2020-09-25,3,2.6105480194091797
0688105002,2020-09-26,6,5.801986217498779
0688105002,2020-09-27,2,2.3613181114196777
0688105002,2020-09-28,8,8.050762176513672
0688105002,2020-09-29,5,5.013409614562988
0688105002,2020-09-30,4,3.5494165420532227
0688105002,2020-10-01,4,3.7723474502563477
0688105002,2020-10-02,4,3.638899326324463
0688105002,2020-10-03,4,4.026071548461914
0688105002,2020-10-04,3,3.4896044731140137
0688105002,2020-10-05,3,3.293858528137207
0688105002,2020-10-06,3,3.240532159805298
0688105002,2020-10-07,3,3.465712547302246
0688105002,2020-10-08,3,3.138031244277954
0688105002,2020-10-09,3,2.9048807621002197
0688105002,2020-10-10,3,2.9282150268554688
0688105002,2020-10-11,3,2.6483771800994873
0688105002,2020-10-12,2,2.473616600036621
0688105002,2020-10-13,2,2.485740900039673
0688105002,2020-10-14,3,2.8528075218200684
0688105002,2020-10-15,2,2.472111940383911
0688105002,2020-10-16,2,2.2170908451080322
0688105002,2020-10-17,2,2.343790054321289
0688105002,2020-10-18,2,2.099747657775879
0688105002,2020-10-19,2,1.9833271503448486
0688105002,2020-10-20,2,1.9914675951004028
0688105002,2020-10-21,2,1.961703896522522
0688105002,2020-10-22,2,2.0105526447296143
0688432001,2020-09-23,2,1.8436527252197266
0688432001,2020-09-24,1,1.4732881784439087
0688432001,2020-09-25,2,1.5058051347732544
0688432001,2020-09-26,5,4.565925121307373
0688432001,2020-09-27,1,1.4973891973495483
0688432001,2020-09-28,6,6.44506311416626
0688432001,2020-09-29,3,3.2231826782226562
0688432001,2020-09-30,2,1.7963978052139282
0688432001,2020-10-01,2,2.2021024227142334
0688432001,2020-10-02,2,2.210907459259033
0688432001,2020-10-03,2,2.4992382526397705
0688432001,2020-10-04,2,2.0397491455078125
0688432001,2020-10-05,2,1.9778012037277222
0688432001,2020-10-06,2,1.8568748235702515
0688432001,2020-10-07,2,1.8586455583572388
0688432001,2020-10-08,2,1.5572434663772583
0688432001,2020-10-09,1,1.3240934610366821
0688432001,2020-10-10,1,1.4065815210342407
0688432001,2020-10-11,1,1.2792377471923828
0688432001,2020-10-12,1,1.3045176267623901
0688432001,2020-10-13,1,1.3694144487380981
0688432001,2020-10-14,2,1.6262449026107788
0688432001,2020-10-15,1,1.2734404802322388
0688432001,2020-10-16,1,1.1478562355041504
0688432001,2020-10-17,1,1.195806622505188
0688432001,2020-10-18,1,1.1213383674621582
0688432001,2020-10-19,1,1.177506446838379
0688432001,2020-10-20,1,1.362952470779419
0688432001,2020-10-21,1,1.4194567203521729
0688432001,2020-10-22,2,1.512355923652649
0688537001,2020-09-23,2,1.9897385835647583
0688537001,2020-09-24,1,1.4116076231002808
0688537001,2020-09-25,1,1.4610697031021118
0688537001,2020-09-26,5,4.5211896896362305
0688537001,2020-09-27,2,1.5390151739120483
0688537001,2020-09-28,6,6.458567142486572
0688537001,2020-09-29,3,3.3181915283203125
0688537001,2020-09-30,2,1.7297395467758179
0688537001,2020-10-01,2,2.141184091567993
0688537001,2020-10-02,2,2.1661720275878906
0688537001,2020-10-03,2,2.454502820968628
0688537001,2020-10-04,2,2.0091772079467773
0688537001,2020-10-05,2,1.9771167039871216
0688537001,2020-10-06,2,1.8561893701553345
0688537001,2020-10-07,2,1.8139103651046753
0688537001,2020-10-08,1,1.4684585332870483
0688537001,2020-10-09,1,1.1472805738449097
0688537001,2020-10-10,1,1.3177958726882935
0688537001,2020-10-11,1,1.2258484363555908
0688537001,2020-10-12,1,1.242836356163025
0688537001,2020-10-13,1,1.2823790311813354
0688537001,2020-10-14,2,1.5815094709396362
0688537001,2020-10-15,1,1.2287050485610962
0688537001,2020-10-16,1,1.1031208038330078
0688537001,2020-10-17,1,1.1510711908340454
0688537001,2020-10-18,1,1.090766191482544
0688537001,2020-10-19,1,1.1327710151672363
0688537001,2020-10-20,1,1.3182170391082764
0688537001,2020-10-21,1,1.3747212886810303
0688537001,2020-10-22,1,1.4676204919815063
0688537004,2020-09-23,3,2.859384536743164
0688537004,2020-09-24,3,2.6055212020874023
0688537004,2020-09-25,2,2.3929638862609863
0688537004,2020-09-26,6,5.541597366333008
0688537004,2020-09-27,2,2.214735507965088
0688537004,2020-09-28,8,7.945617198944092
0688537004,2020-09-29,4,4.124590873718262
0688537004,2020-09-30,3,3.108978033065796
0688537004,2020-10-01,3,3.3967981338500977
0688537004,2020-10-02,3,3.365161895751953
0688537004,2020-10-03,4,3.761584997177124
0688537004,2020-10-04,3,2.977945327758789
0688537004,2020-10-05,3,3.007150888442993
0688537004,2020-10-06,3,2.9486985206604004
0688537004,2020-10-07,3,3.0496556758880615
0688537004,2020-10-08,3,2.890073537826538
0688537004,2020-10-09,3,2.502350091934204
0688537004,2020-10-10,3,2.6183996200561523
0688537004,2020-10-11,2,2.417689561843872
0688537004,2020-10-12,2,2.3204684257507324
0688537004,2020-10-13,2,2.312392473220825
0688537004,2020-10-14,3,2.5860116481781006
0688537004,2020-10-15,2,2.2318918704986572
0688537004,2020-10-16,2,2.0326035022735596
0688537004,2020-10-17,2,2.1462526321411133
0688537004,2020-10-18,2,1.9375629425048828
0688537004,2020-10-19,2,1.6939170360565186
0688537004,2020-10-20,2,1.7290904521942139
0688537004,2020-10-21,2,1.811431884765625
0688537004,2020-10-22,2,1.8001235723495483
0688537011,2020-09-23,2,1.8965696096420288
0688537011,2020-09-24,1,1.4646769762039185
0688537011,2020-09-25,2,1.510710597038269
0688537011,2020-09-26,5,4.570830821990967
0688537011,2020-09-27,2,1.581760287284851
0688537011,2020-09-28,7,6.562389373779297
0688537011,2020-09-29,3,3.1784470081329346
0688537011,2020-09-30,2,1.7297395467758179
0688537011,2020-10-01,2,2.141184091567993
0688537011,2020-10-02,2,2.1823549270629883
0688537011,2020-10-03,2,2.454502820968628
0688537011,2020-10-04,2,2.0091772079467773
0688537011,2020-10-05,2,1.933066725730896
0688537011,2020-10-06,2,1.8121393918991089
0688537011,2020-10-07,2,1.8342825174331665
0688537011,2020-10-08,1,1.4684585332870483
0688537011,2020-10-09,1,1.167655110359192
0688537011,2020-10-10,1,1.3177958726882935
0688537011,2020-10-11,1,1.2258484363555908
0688537011,2020-10-12,1,1.242836356163025
0688537011,2020-10-13,1,1.2823790311813354
0688537011,2020-10-14,2,1.5815094709396362
0688537011,2020-10-15,1,1.2287050485610962
0688537011,2020-10-16,1,1.1031208038330078
0688537011,2020-10-17,1,1.1510711908340454
0688537011,2020-10-18,1,1.090766191482544
0688537011,2020-10-19,1,1.1327710151672363
0688537011,2020-10-20,1,1.3182170391082764
0688537011,2020-10-21,1,1.3747212886810303
0688537011,2020-10-22,1,1.4676204919815063
0688537012,2020-09-23,2,1.830605387687683
0688537012,2020-09-24,1,1.4830584526062012
0688537012,2020-09-25,2,1.5121212005615234
0688537012,2020-09-26,5,4.583119869232178
0688537012,2020-09-27,2,1.5841923952102661
0688537012,2020-09-28,6,6.3881659507751465
0688537012,2020-09-29,3,3.2450430393218994
0688537012,2020-09-30,2,1.700560450553894
0688537012,2020-10-01,2,2.2014341354370117
0688537012,2020-10-02,2,2.2493810653686523
0688537012,2020-10-03,3,2.5715086460113525
0688537012,2020-10-04,2,2.0947513580322266
0688537012,2020-10-05,2,1.9932868480682373
0688537012,2020-10-06,2,1.8780337572097778
0688537012,2020-10-07,2,1.8681784868240356
0688537012,2020-10-08,2,1.5667763948440552
0688537012,2020-10-09,1,1.3090635538101196
0688537012,2020-10-10,1,1.400119662284851
0688537012,2020-10-11,1,1.314932107925415
0688537012,2020-10-12,1,1.299778699874878
0688537012,2020-10-13,1,1.364675521850586
0688537012,2020-10-14,2,1.6357775926589966
0688537012,2020-10-15,1,1.2829734086990356
0688537012,2020-10-16,1,1.132826566696167
0688537012,2020-10-17,1,1.1893447637557983
0688537012,2020-10-18,1,1.1408495903015137
0688537012,2020-10-19,1,1.1727677583694458
0688537012,2020-10-20,1,1.3582135438919067
0688537012,2020-10-21,1,1.4289896488189697
0688537012,2020-10-22,2,1.5305984020233154
0688537021,2020-09-23,2,1.9120081663131714
0688537021,2020-09-24,2,1.5440869331359863
0688537021,2020-09-25,2,1.5434942245483398
0688537021,2020-09-26,5,4.565890789031982
0688537021,2020-09-27,2,1.5482028722763062
0688537021,2020-09-28,7,6.573927879333496
0688537021,2020-09-29,3,3.271768093109131
0688537021,2020-09-30,2,1.732163667678833
0688537021,2020-10-01,2,2.204019784927368
0688537021,2020-10-02,2,2.2044451236724854
0688537021,2020-10-03,3,2.6427407264709473
0688537021,2020-10-04,2,2.1089746952056885
0688537021,2020-10-05,2,1.9816303253173828
0688537021,2020-10-06,2,1.89374840259552
0688537021,2020-10-07,2,1.8768935203552246
0688537021,2020-10-08,2,1.5551187992095947
0688537021,2020-10-09,1,1.300971508026123
0688537021,2020-10-10,1,1.3716552257537842
0688537021,2020-10-11,1,1.3472281694412231
0688537021,2020-10-12,1,1.3223778009414673
0688537021,2020-10-13,1,1.3984638452529907
0688537021,2020-10-14,2,1.6421937942504883
0688537021,2020-10-15,1,1.4848198890686035
0688537021,2020-10-16,1,1.3346730470657349
0688537021,2020-10-17,1,1.126768708229065
0688537021,2020-10-18,1,1.1642931699752808
0688537021,2020-10-19,1,1.2186683416366577
0688537021,2020-10-20,1,1.4314862489700317
0688537021,2020-10-21,1,1.4748902320861816
0688537021,2020-10-22,2,1.5854783058166504
0688558001,2020-09-23,5,5.381202220916748
0688558001,2020-09-24,5,4.603633880615234
0688558001,2020-09-25,4,4.117641925811768
0688558001,2020-09-26,7,7.388087272644043
0688558001,2020-09-27,4,3.664844036102295
0688558001,2020-09-28,10,9.645127296447754
0688558001,2020-09-29,8,7.957311153411865
0688558001,2020-09-30,6,5.736490726470947
0688558001,2020-10-01,6,5.651102542877197
0688558001,2020-10-02,5,5.368140697479248
0688558001,2020-10-03,6,5.777782440185547
0688558001,2020-10-04,5,5.050930500030518
0688558001,2020-10-05,5,4.906567096710205
0688558001,2020-10-06,5,4.843770503997803
0688558001,2020-10-07,5,5.294209003448486
0688558001,2020-10-08,5,5.188443660736084
0688558001,2020-10-09,5,4.941768169403076
0688558001,2020-10-10,5,5.033957004547119
0688558001,2020-10-11,5,4.512088298797607
0688558001,2020-10-12,4,4.371284484863281
0688558001,2020-10-13,4,4.430166244506836
0688558001,2020-10-14,5,4.994945049285889
0688558001,2020-10-15,5,4.667019367218018
0688558001,2020-10-16,4,4.291767120361328
0688558001,2020-10-17,4,4.3820481300354
0688558001,2020-10-18,4,3.9301533699035645
0688558001,2020-10-19,4,3.7054834365844727
0688558001,2020-10-20,4,3.8365797996520996
0688558001,2020-10-21,4,4.111739635467529
0688558001,2020-10-22,4,4.36747407913208
0688558002,2020-09-23,3,2.909846067428589
0688558002,2020-09-24,2,2.082111358642578
0688558002,2020-09-25,2,2.1755495071411133
0688558002,2020-09-26,5,5.458390712738037
0688558002,2020-09-27,2,2.1386842727661133
0688558002,2020-09-28,8,7.822207450866699
0688558002,2020-09-29,4,4.015015125274658
0688558002,2020-09-30,3,3.0036532878875732
0688558002,2020-10-01,3,3.175934314727783
0688558002,2020-10-02,3,3.127389430999756
0688558002,2020-10-03,4,3.7016875743865967
0688558002,2020-10-04,3,2.8595571517944336
0688558002,2020-10-05,3,2.8160998821258545
0688558002,2020-10-06,3,2.749314069747925
0688558002,2020-10-07,3,2.8923776149749756
0688558002,2020-10-08,3,2.5912725925445557
0688558002,2020-10-09,2,2.2774126529693604
0688558002,2020-10-10,3,2.5266761779785156
0688558002,2020-10-11,2,2.218968152999878
0688558002,2020-10-12,2,2.155435800552368
0688558002,2020-10-13,2,2.183790922164917
0688558002,2020-10-14,3,2.5258336067199707
0688558002,2020-10-15,2,2.1451380252838135
0688558002,2020-10-16,2,1.930597186088562
0688558002,2020-10-17,2,1.7380543947219849
0688558002,2020-10-18,1,1.4963247776031494
0688558002,2020-10-19,2,1.5436453819274902
0688558002,2020-10-20,2,1.638840913772583
0688558002,2020-10-21,2,1.7072248458862305
0688558002,2020-10-22,2,1.7526017427444458
0689109001,2020-09-23,2,1.8680332899093628
0689109001,2020-09-24,2,1.5204863548278809
0689109001,2020-09-25,2,1.5288729667663574
0689109001,2020-09-26,5,4.551269054412842
0689109001,2020-09-27,2,1.5523587465286255
0689109001,2020-09-28,7,6.5593061447143555
0689109001,2020-09-29,3,3.2471983432769775
0689109001,2020-09-30,2,1.7027156352996826
0689109001,2020-10-01,2,2.222093105316162
0689109001,2020-10-02,2,2.2225184440612793
0689109001,2020-10-03,3,2.6446311473846436
0689109001,2020-10-04,2,2.1270480155944824
0689109001,2020-10-05,2,2.009803295135498
0689109001,2020-10-06,2,2.0831453800201416
0689109001,2020-10-07,2,2.2547659873962402
0689109001,2020-10-08,2,1.9385242462158203
0689109001,2020-10-09,1,1.452174425125122
0689109001,2020-10-10,2,1.5046632289886475
0689109001,2020-10-11,1,1.3573285341262817
0689109001,2020-10-12,1,1.3532075881958008
0689109001,2020-10-13,1,1.4220627546310425
0689109001,2020-10-14,2,1.7339115142822266
0689109001,2020-10-15,1,1.432535171508789
0689109001,2020-10-16,1,1.2400881052017212
0689109001,2020-10-17,1,1.1761696338653564
0689109001,2020-10-18,1,1.1711961030960083
0689109001,2020-10-19,1,1.1985969543457031
0689109001,2020-10-20,1,1.3840429782867432
0689109001,2020-10-21,1,1.437462329864502
0689109001,2020-10-22,2,1.5390713214874268
0689109003,2020-09-23,2,1.830605387687683
0689109003,2020-09-24,1,1.4830584526062012
0689109003,2020-09-25,2,1.5121212005615234
0689109003,2020-09-26,5,4.583119869232178
0689109003,2020-09-27,2,1.5842089653015137
0689109003,2020-09-28,7,6.54255485534668
0689109003,2020-09-29,3,3.2304465770721436
0689109003,2020-09-30,2,1.6859638690948486
0689109003,2020-10-01,2,2.2188076972961426
0689109003,2020-10-02,2,2.266754627227783
0689109003,2020-10-03,3,2.7150118350982666
0689109003,2020-10-04,2,2.1974291801452637
0689109003,2020-10-05,2,2.043938398361206
0689109003,2020-10-06,2,2.1172807216644287
0689109003,2020-10-07,2,2.2889013290405273
0689109003,2020-10-08,2,1.9726591110229492
0689109003,2020-10-09,1,1.4863097667694092
0689109003,2020-10-10,2,1.564943552017212
0689109003,2020-10-11,1,1.4176090955734253
0689109003,2020-10-12,1,1.387342929840088
0689109003,2020-10-13,1,1.4790159463882446
0689109003,2020-10-14,2,1.753324031829834
0689109003,2020-10-15,1,1.4005193710327148
0689109003,2020-10-16,1,1.2334269285202026
0689109003,2020-10-17,1,1.26369047164917
0689109003,2020-10-18,1,1.1928240060806274
0689109003,2020-10-19,1,1.1985969543457031
0689109003,2020-10-20,1,1.3840429782867432
0689109003,2020-10-21,1,1.437462329864502
0689109003,2020-10-22,2,1.5390713214874268
0692226003,2020-09-23,2,1.8360496759414673
0692226003,2020-09-24,1,1.4885027408599854
0692226003,2020-09-25,2,1.5175652503967285
0692226003,2020-09-26,5,4.548501968383789
0692226003,2020-09-27,2,1.5944840908050537
0692226003,2020-09-28,6,6.449983596801758
0692226003,2020-09-29,3,3.2469799518585205
0692226003,2020-09-30,2,1.762378454208374
0692226003,2020-10-01,2,2.215676784515381
0692226003,2020-10-02,2,2.216102123260498
0692226003,2020-10-03,3,2.638214349746704
0692226003,2020-10-04,2,2.0947513580322266
0692226003,2020-10-05,2,1.9932868480682373
0692226003,2020-10-06,2,1.8780337572097778
0692226003,2020-10-07,2,1.8681784868240356
0692226003,2020-10-08,2,1.5667763948440552
0692226003,2020-10-09,1,1.3090635538101196
0692226003,2020-10-10,1,1.400119662284851
0692226003,2020-10-11,1,1.314932107925415
0692226003,2020-10-12,1,1.299778699874878
0692226003,2020-10-13,1,1.364675521850586
0692226003,2020-10-14,2,1.6357775926589966
0692226003,2020-10-15,1,1.2829734086990356
0692226003,2020-10-16,1,1.132826566696167
0692226003,2020-10-17,1,1.1893447637557983
0692226003,2020-10-18,1,1.1408495903015137
0692226003,2020-10-19,1,1.1727677583694458
0692226003,2020-10-20,1,1.3582135438919067
0692226003,2020-10-21,1,1.4289896488189697
0692226003,2020-10-22,2,1.5305984020233154
0692930001,2020-09-23,2,1.8770126104354858
0692930001,2020-09-24,2,1.529465675354004
0692930001,2020-09-25,2,1.5288729667663574
0692930001,2020-09-26,5,4.551269054412842
0692930001,2020-09-27,2,1.5523587465286255
0692930001,2020-09-28,7,6.5593061447143555
0692930001,2020-09-29,3,3.2745702266693115
0692930001,2020-09-30,2,1.7027156352996826
0692930001,2020-10-01,2,2.222093105316162
0692930001,2020-10-02,2,2.2225184440612793
0692930001,2020-10-03,3,2.6608145236968994
0692930001,2020-10-04,2,2.1270480155944824
0692930001,2020-10-05,2,1.99970281124115
0692930001,2020-10-06,2,1.9118221998214722
0692930001,2020-10-07,2,1.8745949268341064
0692930001,2020-10-08,2,1.69978666305542
0692930001,2020-10-09,1,1.3154797554016113
0692930001,2020-10-10,1,1.4065358638763428
0692930001,2020-10-11,1,1.3472281694412231
0692930001,2020-10-12,1,1.3223778009414673
0692930001,2020-10-13,1,1.3950165510177612
0692930001,2020-10-14,2,1.664565086364746
0692930001,2020-10-15,1,1.4413264989852905
0692930001,2020-10-16,1,1.2688086032867432
0692930001,2020-10-17,1,1.126768708229065
0692930001,2020-10-18,1,1.1642931699752808
0692930001,2020-10-19,1,1.2186683416366577
0692930001,2020-10-20,1,1.4041141271591187
0692930001,2020-10-21,1,1.4748902320861816
0692930001,2020-10-22,2,1.5764989852905273
0692930003,2020-09-23,2,1.830605387687683
0692930003,2020-09-24,1,1.4830584526062012
0692930003,2020-09-25,2,1.5121212005615234
0692930003,2020-09-26,5,4.583119869232178
0692930003,2020-09-27,2,1.5842089653015137
0692930003,2020-09-28,7,6.54255485534668
0692930003,2020-09-29,3,3.2304465770721436
0692930003,2020-09-30,2,1.6859638690948486
0692930003,2020-10-01,2,2.2188076972961426
0692930003,2020-10-02,2,2.266754627227783
0692930003,2020-10-03,3,2.7150118350982666
0692930003,2020-10-04,2,2.1974291801452637
0692930003,2020-10-05,2,2.043938398361206
0692930003,2020-10-06,2,2.1172807216644287
0692930003,2020-10-07,2,2.2889013290405273
0692930003,2020-10-08,2,1.9726591110229492
0692930003,2020-10-09,1,1.4863097667694092
0692930003,2020-10-10,2,1.564943552017212
0692930003,2020-10-11,1,1.4176090955734253
0692930003,2020-10-12,1,1.387342929840088
0692930003,2020-10-13,1,1.4790159463882446
0692930003,2020-10-14,2,1.753324031829834
0692930003,2020-10-15,1,1.4005193710327148
0692930003,2020-10-16,1,1.2334269285202026
0692930003,2020-10-17,1,1.26369047164917
0692930003,2020-10-18,1,1.1928240060806274
0692930003,2020-10-19,1,1.1985969543457031
0692930003,2020-10-20,1,1.3840429782867432
0692930003,2020-10-21,1,1.437462329864502
0692930003,2020-10-22,2,1.5390713214874268
0695545001,2020-09-23,2,1.7591545581817627
0695545001,2020-09-24,1,1.4116076231002808
0695545001,2020-09-25,1,1.4610697031021118
0695545001,2020-09-26,5,4.5211896896362305
0695545001,2020-09-27,2,1.5390151739120483
0695545001,2020-09-28,6,6.37058162689209
0695545001,2020-09-29,3,3.164921998977661
0695545001,2020-09-30,2,1.7297395467758179
0695545001,2020-10-01,2,2.141184091567993
0695545001,2020-10-02,2,2.0827298164367676
0695545001,2020-10-03,2,2.454502820968628
0695545001,2020-10-04,2,2.0091772079467773
0695545001,2020-10-05,2,1.933066725730896
0695545001,2020-10-06,2,1.8121393918991089
0695545001,2020-10-07,2,1.769861102104187
0695545001,2020-10-08,1,1.4684585332870483
0695545001,2020-10-09,1,1.1472805738449097
0695545001,2020-10-10,1,1.3177958726882935
0695545001,2020-10-11,1,1.2258484363555908
0695545001,2020-10-12,1,1.242836356163025
0695545001,2020-10-13,1,1.2823790311813354
0695545001,2020-10-14,2,1.5815094709396362
0695545001,2020-10-15,1,1.2287050485610962
0695545001,2020-10-16,1,1.1031208038330078
0695545001,2020-10-17,1,1.1510711908340454
0695545001,2020-10-18,1,1.090766191482544
0695545001,2020-10-19,1,1.1327710151672363
0695545001,2020-10-20,1,1.3182170391082764
0695545001,2020-10-21,1,1.3747212886810303
0695545001,2020-10-22,1,1.4676204919815063
0695632001,2020-09-23,7,6.608408451080322
0695632001,2020-09-24,7,6.616203308105469
0695632001,2020-09-25,7,7.15451717376709
0695632001,2020-09-26,11,11.209074974060059
0695632001,2020-09-27,5,5.386818885803223
0695632001,2020-09-28,11,11.416987419128418
0695632001,2020-09-29,11,11.107646942138672
0695632001,2020-09-30,11,11.183950424194336
0695632001,2020-10-01,9,9.391331672668457
0695632001,2020-10-02,9,8.887673377990723
0695632001,2020-10-03,9,9.289546966552734
0695632001,2020-10-04,7,7.221679210662842
0695632001,2020-10-05,7,7.274152755737305
0695632001,2020-10-06,8,7.741775035858154
0695632001,2020-10-07,8,8.202290534973145
0695632001,2020-10-08,8,8.117576599121094
0695632001,2020-10-09,8,7.694219589233398
0695632001,2020-10-10,8,7.78103494644165
0695632001,2020-10-11,6,6.4592485427856445
0695632001,2020-10-12,6,6.233734607696533
0695632001,2020-10-13,6,6.424445152282715
0695632001,2020-10-14,7,7.141014099121094
0695632001,2020-10-15,7,7.028696060180664
0695632001,2020-10-16,7,6.886765480041504
0695632001,2020-10-17,7,6.715167999267578
0695632001,2020-10-18,6,5.719956398010254
0695632001,2020-10-19,6,5.575223445892334
0695632001,2020-10-20,5,5.489846229553223
0695632001,2020-10-21,6,6.018947601318359
0695632001,2020-10-22,7,6.608323574066162
0695632002,2020-09-23,6,6.02653694152832
0695632002,2020-09-24,6,5.6568217277526855
0695632002,2020-09-25,5,5.449436664581299
0695632002,2020-09-26,9,8.880563735961914
0695632002,2020-09-27,5,4.957623481750488
0695632002,2020-09-28,11,10.937040328979492
0695632002,2020-09-29,10,9.95561695098877
0695632002,2020-09-30,7,7.0743818283081055
0695632002,2020-10-01,7,7.03602409362793
0695632002,2020-10-02,7,6.950995445251465
0695632002,2020-10-03,7,7.216536998748779
0695632002,2020-10-04,6,5.990653038024902
0695632002,2020-10-05,6,5.963927268981934
0695632002,2020-10-06,6,5.807083606719971
0695632002,2020-10-07,6,6.240498065948486
0695632002,2020-10-08,6,6.221039772033691
0695632002,2020-10-09,6,5.987889766693115
0695632002,2020-10-10,6,6.07050895690918
0695632002,2020-10-11,5,4.945794105529785
0695632002,2020-10-12,5,4.741506576538086
0695632002,2020-10-13,5,4.870345592498779
0695632002,2020-10-14,6,5.589432239532471
0695632002,2020-10-15,5,5.326766014099121
0695632002,2020-10-16,5,5.150866508483887
0695632002,2020-10-17,5,5.295459747314453
0695632002,2020-10-18,5,4.572446346282959
0695632002,2020-10-19,4,4.407736778259277
0695632002,2020-10-20,5,4.600247859954834
0695632002,2020-10-21,5,4.943601608276367
0695632002,2020-10-22,5,5.00883150100708
0697054003,2020-09-23,2,1.7591545581817627
0697054003,2020-09-24,1,1.4116076231002808
0697054003,2020-09-25,1,1.4610697031021118
0697054003,2020-09-26,5,4.5211896896362305
0697054003,2020-09-27,1,1.4668172597885132
0697054003,2020-09-28,6,6.400327682495117
0697054003,2020-09-29,3,3.1784470081329346
0697054003,2020-09-30,2,1.6822179555892944
0697054003,2020-10-01,2,2.113382577896118
0697054003,2020-10-02,2,2.102449893951416
0697054003,2020-10-03,2,2.458040475845337
0697054003,2020-10-04,2,2.028897285461426
0697054003,2020-10-05,2,1.9527866840362549
0697054003,2020-10-06,2,1.8318599462509155
0697054003,2020-10-07,2,1.7895816564559937
0697054003,2020-10-08,1,1.4881788492202759
0697054003,2020-10-09,1,1.1670011281967163
0697054003,2020-10-10,1,1.362531304359436
0697054003,2020-10-11,1,1.256420373916626
0697054003,2020-10-12,1,1.2875717878341675
0697054003,2020-10-13,1,1.327114462852478
0697054003,2020-10-14,2,1.6262449026107788
0697054003,2020-10-15,1,1.2734404802322388
0697054003,2020-10-16,1,1.1478562355041504
0697054003,2020-10-17,1,1.195806622505188
0697054003,2020-10-18,1,1.1213383674621582
0697054003,2020-10-19,1,1.177506446838379
0697054003,2020-10-20,1,1.362952470779419
0697054003,2020-10-21,1,1.4194567203521729
0697054003,2020-10-22,2,1.512355923652649
0697054014,2020-09-23,2,2.2826831340789795
0697054014,2020-09-24,2,1.7445461750030518
0697054014,2020-09-25,2,1.5782634019851685
0697054014,2020-09-26,5,4.638383865356445
0697054014,2020-09-27,2,1.7482999563217163
0697054014,2020-09-28,7,6.671046733856201
0697054014,2020-09-29,3,3.418764114379883
0697054014,2020-09-30,2,2.0049455165863037
0697054014,2020-10-01,3,2.5065388679504395
0697054014,2020-10-02,2,2.397270679473877
0697054014,2020-10-03,3,2.757880449295044
0697054014,2020-10-04,2,2.12752628326416
0697054014,2020-10-05,2,2.1569859981536865
0697054014,2020-10-06,2,2.2906527519226074
0697054014,2020-10-07,2,2.3414828777313232
0697054014,2020-10-08,2,2.0273277759552
0697054014,2020-10-09,2,1.7941784858703613
0697054014,2020-10-10,2,1.6943596601486206
0697054014,2020-10-11,1,1.4478707313537598
0697054014,2020-10-12,1,1.4058542251586914
0697054014,2020-10-13,2,1.5009983777999878
0697054014,2020-10-14,2,1.774978518486023
0697054014,2020-10-15,1,1.399356484413147
0697054014,2020-10-16,1,1.2737722396850586
0697054014,2020-10-17,1,1.238552212715149
0697054014,2020-10-18,1,1.1417126655578613
0697054014,2020-10-19,1,1.197880744934082
0697054014,2020-10-20,1,1.383326530456543
0697054014,2020-10-21,1,1.439831018447876
0697054014,2020-10-22,2,1.532729983329773
0697091002,2020-09-23,3,2.6065285205841064
0697091002,2020-09-24,2,2.468991994857788
0697091002,2020-09-25,3,2.553823947906494
0697091002,2020-09-26,6,5.582170009613037
0697091002,2020-09-27,2,2.295973777770996
0697091002,2020-09-28,8,8.058378219604492
0697091002,2020-09-29,5,5.058822154998779
0697091002,2020-09-30,4,3.530646800994873
0697091002,2020-10-01,4,3.7054412364959717
0697091002,2020-10-02,4,3.5421037673950195
0697091002,2020-10-03,4,4.063414096832275
0697091002,2020-10-04,4,3.51962947845459
0697091002,2020-10-05,3,3.281799077987671
0697091002,2020-10-06,3,3.1847610473632812
0697091002,2020-10-07,3,3.442296266555786
0697091002,2020-10-08,3,3.1590418815612793
0697091002,2020-10-09,3,2.9013288021087646
0697091002,2020-10-10,3,2.914309024810791
0697091002,2020-10-11,3,2.595017671585083
0697091002,2020-10-12,2,2.4060935974121094
0697091002,2020-10-13,2,2.418217897415161
0697091002,2020-10-14,3,2.7950217723846436
0697091002,2020-10-15,2,2.4273765087127686
0697091002,2020-10-16,2,2.1723554134368896
0697091002,2020-10-17,2,2.2990546226501465
0697091002,2020-10-18,2,2.082226276397705
0697091002,2020-10-19,2,1.9385920763015747
0697091002,2020-10-20,2,1.8605241775512695
0697091002,2020-10-21,2,1.9169689416885376
0697091002,2020-10-22,2,1.8595961332321167
0697091007,2020-09-23,2,1.8360496759414673
0697091007,2020-09-24,1,1.4885027408599854
0697091007,2020-09-25,2,1.5175652503967285
0697091007,2020-09-26,5,4.5624189376831055
0697091007,2020-09-27,2,1.6084020137786865
0697091007,2020-09-28,7,6.527001857757568
0697091007,2020-09-29,3,3.2469799518585205
0697091007,2020-09-30,2,1.8098998069763184
0697091007,2020-10-01,2,2.215676784515381
0697091007,2020-10-02,2,2.216102123260498
0697091007,2020-10-03,3,2.65439772605896
0697091007,2020-10-04,2,2.0947513580322266
0697091007,2020-10-05,2,1.9932868480682373
0697091007,2020-10-06,2,1.8780337572097778
0697091007,2020-10-07,2,1.8681784868240356
0697091007,2020-10-08,2,1.5667763948440552
0697091007,2020-10-09,1,1.3090635538101196
0697091007,2020-10-10,1,1.400119662284851
0697091007,2020-10-11,1,1.314932107925415
0697091007,2020-10-12,1,1.3159615993499756
0697091007,2020-10-13,1,1.364675521850586
0697091007,2020-10-14,2,1.6581488847732544
0697091007,2020-10-15,1,1.2829734086990356
0697091007,2020-10-16,1,1.132826566696167
0697091007,2020-10-17,1,1.1893447637557983
0697091007,2020-10-18,1,1.1408495903015137
0697091007,2020-10-19,1,1.1727677583694458
0697091007,2020-10-20,1,1.3582135438919067
0697091007,2020-10-21,1,1.4289896488189697
0697091007,2020-10-22,2,1.5305984020233154
0697564010,2020-09-23,11,10.547733306884766
0697564010,2020-09-24,10,10.282652854919434
0697564010,2020-09-25,11,11.081476211547852
0697564010,2020-09-26,15,15.18958854675293
0697564010,2020-09-27,10,9.71574592590332
0697564010,2020-09-28,17,16.848691940307617
0697564010,2020-09-29,16,15.923733711242676
0697564010,2020-09-30,15,15.154175758361816
0697564010,2020-10-01,13,13.017385482788086
0697564010,2020-10-02,12,12.380033493041992
0697564010,2020-10-03,13,13.160674095153809
0697564010,2020-10-04,11,11.010946273803711
0697564010,2020-10-05,11,10.911014556884766
0697564010,2020-10-06,11,11.095126152038574
0697564010,2020-10-07,12,11.867026329040527
0697564010,2020-10-08,11,11.22806453704834
0697564010,2020-10-09,11,10.95849323272705
0697564010,2020-10-10,11,11.436958312988281
0697564010,2020-10-11,9,9.200541496276855
0697564010,2020-10-12,9,9.226600646972656
0697564010,2020-10-13,10,9.638575553894043
0697564010,2020-10-14,11,10.580843925476074
0697564010,2020-10-15,11,10.543074607849121
0697564010,2020-10-16,10,10.34290885925293
0697564010,2020-10-17,11,10.89002799987793
0697564010,2020-10-18,8,8.42676830291748
0697564010,2020-10-19,8,8.355924606323242
0697564010,2020-10-20,9,8.934045791625977
0697564010,2020-10-21,9,9.456496238708496
0697564010,2020-10-22,10,10.225236892700195
0699075001,2020-09-23,2,1.830605387687683
0699075001,2020-09-24,1,1.4830584526062012
0699075001,2020-09-25,2,1.5121212005615234
0699075001,2020-09-26,5,4.583119869232178
0699075001,2020-09-27,2,1.609145164489746
0699075001,2020-09-28,7,6.54255485534668
0699075001,2020-09-29,3,3.2304465770721436
0699075001,2020-09-30,2,1.6859638690948486
0699075001,2020-10-01,2,2.266329288482666
0699075001,2020-10-02,2,2.266754627227783
0699075001,2020-10-03,3,2.7150118350982666
0699075001,2020-10-04,2,2.1974291801452637
0699075001,2020-10-05,2,2.043938398361206
0699075001,2020-10-06,2,2.1172807216644287
0699075001,2020-10-07,2,2.2889013290405273
0699075001,2020-10-08,2,1.9726591110229492
0699075001,2020-10-09,2,1.5725178718566895
0699075001,2020-10-10,2,1.6715242862701416
0699075001,2020-10-11,1,1.4379833936691284
0699075001,2020-10-12,1,1.387342929840088
0699075001,2020-10-13,1,1.4790159463882446
0699075001,2020-10-14,2,1.7772486209869385
0699075001,2020-10-15,1,1.4244441986083984
0699075001,2020-10-16,1,1.2334269285202026
0699075001,2020-10-17,1,1.26369047164917
0699075001,2020-10-18,1,1.1928240060806274
0699075001,2020-10-19,1,1.1985969543457031
0699075001,2020-10-20,1,1.3840429782867432
0699075001,2020-10-21,1,1.437462329864502
0699075001,2020-10-22,2,1.5390713214874268
0699080001,2020-09-23,2,2.101067304611206
0699080001,2020-09-24,2,1.7251560688018799
0699080001,2020-09-25,2,1.538500189781189
0699080001,2020-09-26,5,4.598620414733887
0699080001,2020-09-27,2,1.5113071203231812
0699080001,2020-09-28,7,6.544452667236328
0699080001,2020-09-29,3,3.3761096000671387
0699080001,2020-09-30,2,1.851483702659607
0699080001,2020-10-01,2,2.2693607807159424
0699080001,2020-10-02,2,2.227090358734131
0699080001,2020-10-03,3,2.625368356704712
0699080001,2020-10-04,2,2.0397491455078125
0699080001,2020-10-05,2,2.021850824356079
0699080001,2020-10-06,2,2.115417718887329
0699080001,2020-10-07,2,2.2287161350250244
0699080001,2020-10-08,2,1.912474274635315
0699080001,2020-10-09,1,1.4506875276565552
0699080001,2020-10-10,2,1.514980673789978
0699080001,2020-10-11,1,1.3157949447631836
0699080001,2020-10-12,1,1.3618042469024658
0699080001,2020-10-13,1,1.4306591749191284
0699080001,2020-10-14,2,1.7078622579574585
0699080001,2020-10-15,1,1.3381119966506958
0699080001,2020-10-16,1,1.1702275276184082
0699080001,2020-10-17,1,1.195806622505188
0699080001,2020-10-18,1,1.1213383674621582
0699080001,2020-10-19,1,1.177506446838379
0699080001,2020-10-20,1,1.362952470779419
0699080001,2020-10-21,1,1.4194567203521729
0699080001,2020-10-22,2,1.512355923652649
0699081001,2020-09-23,2,2.2702114582061768
0699081001,2020-09-24,2,1.8427069187164307
0699081001,2020-09-25,2,1.6260844469070435
0699081001,2020-09-26,5,4.686205863952637
0699081001,2020-09-27,2,1.6577824354171753
0699081001,2020-09-28,7,6.758181571960449
0699081001,2020-09-29,3,3.4285717010498047
0699081001,2020-09-30,2,2.0638234615325928
0699081001,2020-10-01,3,2.6354713439941406
0699081001,2020-10-02,2,2.4120993614196777
0699081001,2020-10-03,3,2.772709608078003
0699081001,2020-10-04,2,2.172989845275879
0699081001,2020-10-05,2,2.256356954574585
0699081001,2020-10-06,2,2.322138786315918
0699081001,2020-10-07,2,2.3414828777313232
0699081001,2020-10-08,2,2.0273277759552
0699081001,2020-10-09,2,1.8072288036346436
0699081001,2020-10-10,2,1.75224769115448
0699081001,2020-10-11,1,1.4478707313537598
0699081001,2020-10-12,1,1.4058542251586914
0699081001,2020-10-13,2,1.5009983777999878
0699081001,2020-10-14,2,1.774978518486023
0699081001,2020-10-15,1,1.399356484413147
0699081001,2020-10-16,1,1.2737722396850586
0699081001,2020-10-17,1,1.2808524370193481
0699081001,2020-10-18,1,1.1417126655578613
0699081001,2020-10-19,1,1.197880744934082
0699081001,2020-10-20,1,1.383326530456543
0699081001,2020-10-21,1,1.439831018447876
0699081001,2020-10-22,2,1.532729983329773
0700701001,2020-09-23,4,4.171327114105225
0700701001,2020-09-24,4,4.145271301269531
0700701001,2020-09-25,4,3.9732015132904053
0700701001,2020-09-26,7,6.839005947113037
0700701001,2020-09-27,3,3.0691585540771484
0700701001,2020-09-28,10,9.552045822143555
0700701001,2020-09-29,7,7.1005778312683105
0700701001,2020-09-30,5,5.276130676269531
0700701001,2020-10-01,5,5.095757484436035
0700701001,2020-10-02,5,4.872385501861572
0700701001,2020-10-03,5,5.153809547424316
0700701001,2020-10-04,4,4.413018226623535
0700701001,2020-10-05,4,4.242640972137451
0700701001,2020-10-06,4,4.486013889312744
0700701001,2020-10-07,5,4.852932453155518
0700701001,2020-10-08,5,4.551960468292236
0700701001,2020-10-09,4,4.201727867126465
0700701001,2020-10-10,4,4.4480719566345215
0700701001,2020-10-11,4,4.029648780822754
0700701001,2020-10-12,4,4.0021209716796875
0700701001,2020-10-13,4,3.9632773399353027
0700701001,2020-10-14,4,4.313293933868408
0700701001,2020-10-15,4,4.110023021697998
0700701001,2020-10-16,4,3.984438180923462
0700701001,2020-10-17,4,3.8191685676574707
0700701001,2020-10-18,3,3.4946346282958984
0700701001,2020-10-19,3,3.196298360824585
0700701001,2020-10-20,3,3.257359266281128
0700701001,2020-10-21,4,3.5612781047821045
0700701001,2020-10-22,3,3.4789743423461914
0700701002,2020-09-23,6,5.620876312255859
0700701002,2020-09-24,6,5.6153764724731445
0700701002,2020-09-25,6,5.591790676116943
0700701002,2020-09-26,9,8.690606117248535
0700701002,2020-09-27,5,4.76731014251709
0700701002,2020-09-28,11,10.53860855102539
0700701002,2020-09-29,9,9.28803539276123
0700701002,2020-09-30,7,6.997523307800293
0700701002,2020-10-01,7,6.644345283508301
0700701002,2020-10-02,7,6.518131256103516
0700701002,2020-10-03,7,7.04196834564209
0700701002,2020-10-04,6,5.7329020500183105
0700701002,2020-10-05,5,5.449950218200684
0700701002,2020-10-06,6,5.5139594078063965
0700701002,2020-10-07,6,6.0030131340026855
0700701002,2020-10-08,6,5.725006103515625
0700701002,2020-10-09,5,5.3023576736450195
0700701002,2020-10-10,6,5.50738525390625
0700701002,2020-10-11,5,4.851871490478516
0700701002,2020-10-12,5,4.51326847076416
0700701002,2020-10-13,5,4.74169397354126
0700701002,2020-10-14,5,5.450693130493164
0700701002,2020-10-15,5,5.289977073669434
0700701002,2020-10-16,5,5.0295515060424805
0700701002,2020-10-17,5,5.174144744873047
0700701002,2020-10-18,4,4.435360431671143
0700701002,2020-10-19,4,4.29114294052124
0700701002,2020-10-20,4,4.483654022216797
0700701002,2020-10-21,5,4.876696586608887
0700701002,2020-10-22,5,4.799882411956787
0700758001,2020-09-23,5,5.276113986968994
0700758001,2020-09-24,6,5.568848609924316
0700758001,2020-09-25,6,5.9620890617370605
0700758001,2020-09-26,9,8.72179889678955
0700758001,2020-09-27,5,4.659975528717041
0700758001,2020-09-28,10,10.385356903076172
0700758001,2020-09-29,9,9.128393173217773
0700758001,2020-09-30,7,6.831721305847168
0700758001,2020-10-01,7,6.657132625579834
0700758001,2020-10-02,7,6.530918598175049
0700758001,2020-10-03,7,7.012949466705322
0700758001,2020-10-04,6,5.745689392089844
0700758001,2020-10-05,5,5.475862503051758
0700758001,2020-10-06,6,5.568094730377197
0700758001,2020-10-07,6,6.02892541885376
0700758001,2020-10-08,6,6.020908832550049
0700758001,2020-10-09,6,5.573260307312012
0700758001,2020-10-10,6,5.653619289398193
0700758001,2020-10-11,5,4.865396976470947
0700758001,2020-10-12,5,4.64192008972168
0700758001,2020-10-13,5,4.774195671081543
0700758001,2020-10-14,5,5.423171043395996
0700758001,2020-10-15,5,5.289502143859863
0700758001,2020-10-16,5,5.164391994476318
0700758001,2020-10-17,5,5.174144744873047
0700758001,2020-10-18,5,4.545662879943848
0700758001,2020-10-19,4,4.346414089202881
0700758001,2020-10-20,4,4.483654022216797
0700758001,2020-10-21,5,4.876696586608887
0700758001,2020-10-22,5,4.919775485992432
0706016001,2020-09-23,79,79.29534149169922
0706016001,2020-09-24,82,82.26841735839844
0706016001,2020-09-25,82,81.94163513183594
0706016001,2020-09-26,122,122.37922668457031
0706016001,2020-09-27,82,82.42082977294922
0706016001,2020-09-28,112,111.89447784423828
0706016001,2020-09-29,97,96.8946533203125
0706016001,2020-09-30,77,76.68026733398438
0706016001,2020-10-01,70,69.9266357421875
0706016001,2020-10-02,67,67.33193969726562
0706016001,2020-10-03,78,77.90811920166016
0706016001,2020-10-04,76,75.55583190917969
0706016001,2020-10-05,80,79.87358093261719
0706016001,2020-10-06,81,81.42405700683594
0706016001,2020-10-07,78,77.7130126953125
0706016001,2020-10-08,71,71.32929992675781
0706016001,2020-10-09,67,67.0730209350586
0706016001,2020-10-10,75,74.98738098144531
0706016001,2020-10-11,99,98.53710174560547
0706016001,2020-10-12,75,75.09691619873047
0706016001,2020-10-13,70,70.44310760498047
0706016001,2020-10-14,73,73.09225463867188
0706016001,2020-10-15,75,74.57215881347656
0706016001,2020-10-16,73,73.36067962646484
0706016001,2020-10-17,82,81.54500579833984
0706016001,2020-10-18,82,81.62330627441406
0706016001,2020-10-19,85,85.07620239257812
0706016001,2020-10-20,90,89.55229949951172
0706016001,2020-10-21,90,90.4223403930664
0706016001,2020-10-22,102,101.94766235351562
0706016002,2020-09-23,41,41.32225036621094
0706016002,2020-09-24,54,54.40010070800781
0706016002,2020-09-25,58,57.5767936706543
0706016002,2020-09-26,102,101.9432601928711
0706016002,2020-09-27,65,65.459716796875
0706016002,2020-09-28,106,105.7313232421875
0706016002,2020-09-29,82,82.02017974853516
0706016002,2020-09-30,67,67.4603271484375
0706016002,2020-10-01,62,61.701171875
0706016002,2020-10-02,59,59.25991439819336
0706016002,2020-10-03,72,72.29228210449219
0706016002,2020-10-04,64,64.14492797851562
0706016002,2020-10-05,58,58.16677474975586
0706016002,2020-10-06,55,54.8997688293457
0706016002,2020-10-07,59,58.8541374206543
0706016002,2020-10-08,56,56.278621673583984
0706016002,2020-10-09,52,52.27212905883789
0706016002,2020-10-10,61,60.519744873046875
0706016002,2020-10-11,60,60.114952087402344
0706016002,2020-10-12,58,58.48494338989258
0706016002,2020-10-13,53,52.92630386352539
0706016002,2020-10-14,57,57.24790954589844
0706016002,2020-10-15,61,61.20208740234375
0706016002,2020-10-16,62,62.1527214050293
0706016002,2020-10-17,71,71.1971435546875
0706016002,2020-10-18,66,65.94161987304688
0706016002,2020-10-19,60,59.9059944152832
0706016002,2020-10-20,59,59.486568450927734
0706016002,2020-10-21,67,66.86919403076172
0706016002,2020-10-22,72,71.77098846435547
0706016003,2020-09-23,68,67.5155029296875
0706016003,2020-09-24,69,69.09944152832031
0706016003,2020-09-25,69,68.71209716796875
0706016003,2020-09-26,135,134.74537658691406
0706016003,2020-09-27,67,66.67777252197266
0706016003,2020-09-28,106,106.23082733154297
0706016003,2020-09-29,82,82.04691314697266
0706016003,2020-09-30,75,74.67960357666016
0706016003,2020-10-01,71,70.68121337890625
0706016003,2020-10-02,65,65.10481262207031
0706016003,2020-10-03,83,82.88325500488281
0706016003,2020-10-04,74,73.80207061767578
0706016003,2020-10-05,70,70.09907531738281
0706016003,2020-10-06,69,68.73075103759766
0706016003,2020-10-07,69,68.93489074707031
0706016003,2020-10-08,66,66.41213989257812
0706016003,2020-10-09,61,60.51321029663086
0706016003,2020-10-10,69,69.4848861694336
0706016003,2020-10-11,74,73.51176452636719
0706016003,2020-10-12,67,67.47953796386719
0706016003,2020-10-13,59,59.46390914916992
0706016003,2020-10-14,67,67.1041259765625
0706016003,2020-10-15,69,68.58909606933594
0706016003,2020-10-16,67,66.71656036376953
0706016003,2020-10-17,71,71.29843139648438
0706016003,2020-10-18,71,70.81558227539062
0706016003,2020-10-19,86,85.72747039794922
0706016003,2020-10-20,89,88.93083953857422
0706016003,2020-10-21,85,85.3832778930664
0706016003,2020-10-22,97,96.56945037841797
0706016004,2020-09-23,4,3.725339889526367
0706016004,2020-09-24,3,2.738713264465332
0706016004,2020-09-25,3,2.7581729888916016
0706016004,2020-09-26,6,6.119219779968262
0706016004,2020-09-27,3,3.048196792602539
0706016004,2020-09-28,8,8.456356048583984
0706016004,2020-09-29,5,5.265976905822754
0706016004,2020-09-30,4,3.7417428493499756
0706016004,2020-10-01,4,3.944850444793701
0706016004,2020-10-02,4,3.885955333709717
0706016004,2020-10-03,4,4.34780740737915
0706016004,2020-10-04,4,3.7085046768188477
0706016004,2020-10-05,4,3.57409930229187
0706016004,2020-10-06,4,3.6242785453796387
0706016004,2020-10-07,4,3.652189016342163
0706016004,2020-10-08,3,3.3249828815460205
0706016004,2020-10-09,3,3.1373274326324463
0706016004,2020-10-10,3,3.2368340492248535
0706016004,2020-10-11,3,2.9514052867889404
0706016004,2020-10-12,3,2.6461939811706543
0706016004,2020-10-13,3,2.623868703842163
0706016004,2020-10-14,3,2.996100664138794
0706016004,2020-10-15,3,2.5738461017608643
0706016004,2020-10-16,2,2.4304540157318115
0706016004,2020-10-17,3,2.5095396041870117
0706016004,2020-10-18,2,2.2468442916870117
0706016004,2020-10-19,2,2.180420398712158
0706016004,2020-10-20,2,2.264787197113037
0706016004,2020-10-21,2,2.402010440826416
0706016004,2020-10-22,2,2.406841278076172
0706016006,2020-09-23,21,21.010496139526367
0706016006,2020-09-24,23,23.389854431152344
0706016006,2020-09-25,26,25.72203826904297
0706016006,2020-09-26,39,38.91725158691406
0706016006,2020-09-27,44,43.865196228027344
0706016006,2020-09-28,47,47.421451568603516
0706016006,2020-09-29,36,36.497833251953125
0706016006,2020-09-30,34,33.735939025878906
0706016006,2020-10-01,34,33.94514465332031
0706016006,2020-10-02,34,33.56682586669922
0706016006,2020-10-03,43,43.00102615356445
0706016006,2020-10-04,40,39.662471771240234
0706016006,2020-10-05,41,41.3481330871582
0706016006,2020-10-06,41,41.193023681640625
0706016006,2020-10-07,46,45.86973571777344
0706016006,2020-10-08,43,43.44321823120117
0706016006,2020-10-09,43,42.68038558959961
0706016006,2020-10-10,47,47.06816864013672
0706016006,2020-10-11,48,48.08336639404297
0706016006,2020-10-12,46,46.059776306152344
0706016006,2020-10-13,44,44.204036712646484
0706016006,2020-10-14,51,51.24506378173828
0706016006,2020-10-15,53,52.91332244873047
0706016006,2020-10-16,49,49.254371643066406
0706016006,2020-10-17,55,54.523162841796875
0706016006,2020-10-18,52,51.978145599365234
0706016006,2020-10-19,49,49.41050720214844
0706016006,2020-10-20,48,48.40126037597656
0706016006,2020-10-21,52,51.82107162475586
0706016006,2020-10-22,57,56.70149230957031
0706016007,2020-09-23,2,1.936378002166748
0706016007,2020-09-24,2,1.5237137079238892
0706016007,2020-09-25,2,1.6382938623428345
0706016007,2020-09-26,5,4.67559814453125
0706016007,2020-09-27,2,1.6403695344924927
0706016007,2020-09-28,7,6.65087366104126
0706016007,2020-09-29,3,3.39390230178833
0706016007,2020-09-30,2,1.869276523590088
0706016007,2020-10-01,2,2.314601182937622
0706016007,2020-10-02,2,2.3532204627990723
0706016007,2020-10-03,3,2.625368356704712
0706016007,2020-10-04,2,2.083799362182617
0706016007,2020-10-05,2,2.0680296421051025
0706016007,2020-10-06,2,2.115417718887329
0706016007,2020-10-07,2,2.2287161350250244
0706016007,2020-10-08,2,2.001429796218872
0706016007,2020-10-09,2,1.7813308238983154
0706016007,2020-10-10,2,1.5881389379501343
0706016007,2020-10-11,1,1.3157949447631836
0706016007,2020-10-12,1,1.3618042469024658
0706016007,2020-10-13,2,1.5009983777999878
0706016007,2020-10-14,2,1.7521611452102661
0706016007,2020-10-15,1,1.399356484413147
0706016007,2020-10-16,1,1.2329018115997314
0706016007,2020-10-17,1,1.238552212715149
0706016007,2020-10-18,1,1.1417126655578613
0706016007,2020-10-19,1,1.197880744934082
0706016007,2020-10-20,1,1.362952470779419
0706016007,2020-10-21,1,1.4194567203521729
0706016007,2020-10-22,2,1.512355923652649
0706016015,2020-09-23,21,20.96846580505371
0706016015,2020-09-24,22,22.410364151000977
0706016015,2020-09-25,23,23.12661361694336
0706016015,2020-09-26,34,34.35371780395508
0706016015,2020-09-27,41,41.14474868774414
0706016015,2020-09-28,41,41.27333068847656
0706016015,2020-09-29,35,35.213375091552734
0706016015,2020-09-30,32,32.00654220581055
0706016015,2020-10-01,32,32.29513168334961
0706016015,2020-10-02,33,32.7380485534668
0706016015,2020-10-03,39,38.74574661254883
0706016015,2020-10-04,32,31.79521369934082
0706016015,2020-10-05,28,28.325021743774414
0706016015,2020-10-06,27,26.628768920898438
0706016015,2020-10-07,29,28.50413703918457
0706016015,2020-10-08,28,27.566871643066406
0706016015,2020-10-09,27,26.675256729125977
0706016015,2020-10-10,30,30.037063598632812
0706016015,2020-10-11,28,28.055612564086914
0706016015,2020-10-12,27,26.608318328857422
0706016015,2020-10-13,25,24.934513092041016
0706016015,2020-10-14,27,26.642868041992188
0706016015,2020-10-15,27,27.11153221130371
0706016015,2020-10-16,27,27.237096786499023
0706016015,2020-10-17,30,29.609725952148438
0706016015,2020-10-18,25,25.465770721435547
0706016015,2020-10-19,25,24.90321159362793
0706016015,2020-10-20,25,24.747638702392578
0706016015,2020-10-21,26,26.075794219970703
0706016015,2020-10-22,31,30.99876594543457
0706016019,2020-09-23,27,27.06911277770996
0706016019,2020-09-24,31,30.87816619873047
0706016019,2020-09-25,32,32.04818344116211
0706016019,2020-09-26,57,56.8868408203125
0706016019,2020-09-27,50,50.16176986694336
0706016019,2020-09-28,80,79.71516418457031
0706016019,2020-09-29,64,64.21253967285156
0706016019,2020-09-30,54,53.61198425292969
0706016019,2020-10-01,48,48.17566680908203
0706016019,2020-10-02,49,48.60240173339844
0706016019,2020-10-03,55,55.11711120605469
0706016019,2020-10-04,49,49.391117095947266
0706016019,2020-10-05,49,48.76765823364258
0706016019,2020-10-06,46,46.4476318359375
0706016019,2020-10-07,44,44.10072708129883
0706016019,2020-10-08,42,41.75132751464844
0706016019,2020-10-09,41,41.21178436279297
0706016019,2020-10-10,46,45.82280731201172
0706016019,2020-10-11,46,46.22438049316406
0706016019,2020-10-12,41,41.079200744628906
0706016019,2020-10-13,43,42.92112350463867
0706016019,2020-10-14,47,47.35520553588867
0706016019,2020-10-15,49,48.95342254638672
0706016019,2020-10-16,49,49.04071807861328
0706016019,2020-10-17,54,53.53663635253906
0706016019,2020-10-18,51,51.3398551940918
0706016019,2020-10-19,47,46.91905975341797
0706016019,2020-10-20,44,44.38313674926758
0706016019,2020-10-21,48,47.56520080566406
0706016019,2020-10-22,50,50.42847442626953
0708021001,2020-09-23,2,1.8038899898529053
0708021001,2020-09-24,1,1.4563430547714233
0708021001,2020-09-25,2,1.5058051347732544
0708021001,2020-09-26,5,4.565925121307373
0708021001,2020-09-27,1,1.4973891973495483
0708021001,2020-09-28,6,6.44506311416626
0708021001,2020-09-29,3,3.2231826782226562
0708021001,2020-09-30,2,1.7488762140274048
0708021001,2020-10-01,2,2.1383979320526123
0708021001,2020-10-02,2,2.210907459259033
0708021001,2020-10-03,2,2.483055353164673
0708021001,2020-10-04,2,2.0397491455078125
0708021001,2020-10-05,2,1.9778012037277222
0708021001,2020-10-06,2,1.8568748235702515
0708021001,2020-10-07,2,1.8145965337753296
0708021001,2020-10-08,2,1.513193964958191
0708021001,2020-10-09,1,1.236066222190857
0708021001,2020-10-10,1,1.362531304359436
0708021001,2020-10-11,1,1.256420373916626
0708021001,2020-10-12,1,1.3045176267623901
0708021001,2020-10-13,1,1.3694144487380981
0708021001,2020-10-14,2,1.6262449026107788
0708021001,2020-10-15,1,1.2734404802322388
0708021001,2020-10-16,1,1.1478562355041504
0708021001,2020-10-17,1,1.195806622505188
0708021001,2020-10-18,1,1.1213383674621582
0708021001,2020-10-19,1,1.177506446838379
0708021001,2020-10-20,1,1.362952470779419
0708021001,2020-10-21,1,1.4194567203521729
0708021001,2020-10-22,2,1.512355923652649
0711053003,2020-09-23,31,30.660593032836914
0711053003,2020-09-24,36,35.98442077636719
0711053003,2020-09-25,38,37.82284927368164
0711053003,2020-09-26,76,76.03385162353516
0711053003,2020-09-27,56,56.21962356567383
0711053003,2020-09-28,96,95.96196746826172
0711053003,2020-09-29,66,66.31428527832031
0711053003,2020-09-30,62,62.142635345458984
0711053003,2020-10-01,56,56.17323303222656
0711053003,2020-10-02,51,50.68950271606445
0711053003,2020-10-03,56,56.04147720336914
0711053003,2020-10-04,49,49.44124221801758
0711053003,2020-10-05,46,45.795650482177734
0711053003,2020-10-06,44,44.30393981933594
0711053003,2020-10-07,46,46.22156524658203
0711053003,2020-10-08,41,40.6347770690918
0711053003,2020-10-09,39,39.09023666381836
0711053003,2020-10-10,45,44.816078186035156
0711053003,2020-10-11,46,45.828834533691406
0711053003,2020-10-12,46,45.563934326171875
0711053003,2020-10-13,43,42.829925537109375
0711053003,2020-10-14,47,46.8740348815918
0711053003,2020-10-15,50,49.83135223388672
0711053003,2020-10-16,51,50.821144104003906
0711053003,2020-10-17,54,54.426692962646484
0711053003,2020-10-18,53,53.247066497802734
0711053003,2020-10-19,51,50.50199890136719
0711053003,2020-10-20,49,48.99897384643555
0711053003,2020-10-21,53,53.4476432800293
0711053003,2020-10-22,59,58.71342849731445
0711053009,2020-09-23,5,4.987241268157959
0711053009,2020-09-24,5,4.790494918823242
0711053009,2020-09-25,5,4.893779754638672
0711053009,2020-09-26,8,7.619174957275391
0711053009,2020-09-27,4,3.7172446250915527
0711053009,2020-09-28,10,9.604972839355469
0711053009,2020-09-29,8,7.730387210845947
0711053009,2020-09-30,6,6.032375812530518
0711053009,2020-10-01,6,6.109279632568359
0711053009,2020-10-02,6,5.924762725830078
0711053009,2020-10-03,6,6.141265869140625
0711053009,2020-10-04,5,5.10634183883667
0711053009,2020-10-05,5,5.05777645111084
0711053009,2020-10-06,5,5.1161417961120605
0711053009,2020-10-07,6,5.6388139724731445
0711053009,2020-10-08,5,5.388156414031982
0711053009,2020-10-09,5,4.992082595825195
0711053009,2020-10-10,5,5.057220458984375
0711053009,2020-10-11,5,4.638632774353027
0711053009,2020-10-12,4,4.412750244140625
0711053009,2020-10-13,5,4.5158467292785645
0711053009,2020-10-14,5,5.123855113983154
0711053009,2020-10-15,5,4.891934394836426
0711053009,2020-10-16,5,4.575298309326172
0711053009,2020-10-17,5,4.6589765548706055
0711053009,2020-10-18,4,3.9709455966949463
0711053009,2020-10-19,4,3.6924331188201904
0711053009,2020-10-20,4,3.898472309112549
0711053009,2020-10-21,4,4.169628143310547
0711053009,2020-10-22,4,4.414320468902588
0711440001,2020-09-23,2,1.7591545581817627
0711440001,2020-09-24,1,1.4116076231002808
0711440001,2020-09-25,1,1.4610697031021118
0711440001,2020-09-26,5,4.5211896896362305
0711440001,2020-09-27,1,1.4668172597885132
0711440001,2020-09-28,6,6.400327682495117
0711440001,2020-09-29,3,3.1784470081329346
0711440001,2020-09-30,2,1.701938271522522
0711440001,2020-10-01,2,2.113382577896118
0711440001,2020-10-02,2,2.102449893951416
0711440001,2020-10-03,2,2.458040475845337
0711440001,2020-10-04,2,2.012714385986328
0711440001,2020-10-05,2,1.9527866840362549
0711440001,2020-10-06,2,1.8318599462509155
0711440001,2020-10-07,2,1.7895816564559937
0711440001,2020-10-08,1,1.4881788492202759
0711440001,2020-10-09,1,1.1920160055160522
0711440001,2020-10-10,1,1.362531304359436
0711440001,2020-10-11,1,1.256420373916626
0711440001,2020-10-12,1,1.2875717878341675
0711440001,2020-10-13,1,1.327114462852478
0711440001,2020-10-14,2,1.6262449026107788
0711440001,2020-10-15,1,1.2734404802322388
0711440001,2020-10-16,1,1.1478562355041504
0711440001,2020-10-17,1,1.195806622505188
0711440001,2020-10-18,1,1.1213383674621582
0711440001,2020-10-19,1,1.177506446838379
0711440001,2020-10-20,1,1.362952470779419
0711440001,2020-10-21,1,1.4194567203521729
0711440001,2020-10-22,2,1.512355923652649
0712216001,2020-09-23,2,2.160210132598877
0712216001,2020-09-24,2,2.082111358642578
0712216001,2020-09-25,2,2.0408616065979004
0712216001,2020-09-26,5,5.167607307434082
0712216001,2020-09-27,2,2.0843796730041504
0712216001,2020-09-28,8,7.6016845703125
0712216001,2020-09-29,4,3.932556390762329
0712216001,2020-09-30,2,2.3939154148101807
0712216001,2020-10-01,3,2.8891539573669434
0712216001,2020-10-02,3,2.8126187324523926
0712216001,2020-10-03,3,3.152064561843872
0712216001,2020-10-04,3,2.7224621772766113
0712216001,2020-10-05,2,2.485337018966675
0712216001,2020-10-06,3,2.5693538188934326
0712216001,2020-10-07,3,2.758821725845337
0712216001,2020-10-08,2,2.444666624069214
0712216001,2020-10-09,2,2.0820796489715576
0712216001,2020-10-10,2,2.344393730163574
0712216001,2020-10-11,2,2.218968152999878
0712216001,2020-10-12,2,2.069157600402832
0712216001,2020-10-13,2,2.0216052532196045
0712216001,2020-10-14,2,2.3538777828216553
0712216001,2020-10-15,2,1.9862332344055176
0712216001,2020-10-16,2,1.6460542678833008
0712216001,2020-10-17,2,1.587783694267273
0712216001,2020-10-18,1,1.3921165466308594
0712216001,2020-10-19,1,1.453395128250122
0712216001,2020-10-20,2,1.5791895389556885
0712216001,2020-10-21,2,1.6368861198425293
0712216001,2020-10-22,2,1.6937302350997925
0712587003,2020-09-23,2,1.7591545581817627
0712587003,2020-09-24,1,1.4116076231002808
0712587003,2020-09-25,1,1.4610697031021118
0712587003,2020-09-26,5,4.5211896896362305
0712587003,2020-09-27,1,1.4668172597885132
0712587003,2020-09-28,6,6.400327682495117
0712587003,2020-09-29,3,3.1784470081329346
0712587003,2020-09-30,2,1.7297395467758179
0712587003,2020-10-01,2,2.141184091567993
0712587003,2020-10-02,2,2.0827298164367676
0712587003,2020-10-03,2,2.4383199214935303
0712587003,2020-10-04,2,1.9929943084716797
0712587003,2020-10-05,2,1.7943475246429443
0712587003,2020-10-06,2,1.8121393918991089
0712587003,2020-10-07,2,1.6818338632583618
0712587003,2020-10-08,1,1.380431056022644
0712587003,2020-10-09,1,1.1472805738449097
0712587003,2020-10-10,1,1.3177958726882935
0712587003,2020-10-11,1,1.2279366254806519
0712587003,2020-10-12,1,1.242836356163025
0712587003,2020-10-13,1,1.2823790311813354
0712587003,2020-10-14,2,1.5815094709396362
0712587003,2020-10-15,1,1.2287050485610962
0712587003,2020-10-16,1,1.1031208038330078
0712587003,2020-10-17,1,1.1510711908340454
0712587003,2020-10-18,1,1.090766191482544
0712587003,2020-10-19,1,1.1327710151672363
0712587003,2020-10-20,1,1.3182170391082764
0712587003,2020-10-21,1,1.3747212886810303
0712587003,2020-10-22,1,1.4676204919815063
0712587004,2020-09-23,2,1.7591545581817627
0712587004,2020-09-24,1,1.4116076231002808
0712587004,2020-09-25,1,1.4610697031021118
0712587004,2020-09-26,5,4.5211896896362305
0712587004,2020-09-27,1,1.4668172597885132
0712587004,2020-09-28,6,6.400327682495117
0712587004,2020-09-29,3,3.1784470081329346
0712587004,2020-09-30,2,1.6822179555892944
0712587004,2020-10-01,2,2.0936625003814697
0712587004,2020-10-02,2,2.035208225250244
0712587004,2020-10-03,2,2.4383199214935303
0712587004,2020-10-04,2,1.9929943084716797
0712587004,2020-10-05,2,1.7943475246429443
0712587004,2020-10-06,2,1.8121393918991089
0712587004,2020-10-07,2,1.6818338632583618
0712587004,2020-10-08,1,1.380431056022644
0712587004,2020-10-09,1,1.1472805738449097
0712587004,2020-10-10,1,1.3177958726882935
0712587004,2020-10-11,1,1.2279366254806519
0712587004,2020-10-12,1,1.242836356163025
0712587004,2020-10-13,1,1.2823790311813354
0712587004,2020-10-14,2,1.5815094709396362
0712587004,2020-10-15,1,1.2287050485610962
0712587004,2020-10-16,1,1.1031208038330078
0712587004,2020-10-17,1,1.1510711908340454
0712587004,2020-10-18,1,1.090766191482544
0712587004,2020-10-19,1,1.1327710151672363
0712587004,2020-10-20,1,1.3182170391082764
0712587004,2020-10-21,1,1.3747212886810303
0712587004,2020-10-22,1,1.4676204919815063
0713253003,2020-09-23,2,2.0090835094451904
0713253003,2020-09-24,2,1.8785754442214966
0713253003,2020-09-25,2,1.6664280891418457
0713253003,2020-09-26,5,4.737427234649658
0713253003,2020-09-27,2,1.7331254482269287
0713253003,2020-09-28,7,6.769718170166016
0713253003,2020-09-29,3,3.4430301189422607
0713253003,2020-09-30,2,2.010634660720825
0713253003,2020-10-01,3,2.6968953609466553
0713253003,2020-10-02,2,2.497529983520508
0713253003,2020-10-03,3,2.819657564163208
0713253003,2020-10-04,2,2.2852063179016113
0713253003,2020-10-05,2,2.2335379123687744
0713253003,2020-10-06,2,2.33656644821167
0713253003,2020-10-07,2,2.4147183895111084
0713253003,2020-10-08,2,2.17379093170166
0713253003,2020-10-09,2,1.8428517580032349
0713253003,2020-10-10,2,1.8036437034606934
0713253003,2020-10-11,2,1.7624887228012085
0713253003,2020-10-12,2,1.5989930629730225
0713253003,2020-10-13,2,1.546911597251892
0713253003,2020-10-14,2,1.867962121963501
0713253003,2020-10-15,2,1.5151574611663818
0713253003,2020-10-16,1,1.2946714162826538
0713253003,2020-10-17,1,1.3672354221343994
0713253003,2020-10-18,1,1.2778698205947876
0713253003,2020-10-19,1,1.241342544555664
0713253003,2020-10-20,1,1.4044170379638672
0713253003,2020-10-21,1,1.457836627960205
0713253003,2020-10-22,2,1.5594453811645508
0714790003,2020-09-23,2,1.8629413843154907
0714790003,2020-09-24,1,1.461248517036438
0714790003,2020-09-25,1,1.4937647581100464
0714790003,2020-09-26,5,4.539968013763428
0714790003,2020-09-27,1,1.480735182762146
0714790003,2020-09-28,6,6.433022975921631
0714790003,2020-09-29,3,3.193718433380127
0714790003,2020-09-30,2,1.7297395467758179
0714790003,2020-10-01,2,2.157366991043091
0714790003,2020-10-02,2,2.1661720275878906
0714790003,2020-10-03,2,2.4383199214935303
0714790003,2020-10-04,2,1.9929943084716797
0714790003,2020-10-05,2,1.7943475246429443
0714790003,2020-10-06,2,1.8121393918991089
0714790003,2020-10-07,2,1.769861102104187
0714790003,2020-10-08,1,1.4684585332870483
0714790003,2020-10-09,1,1.1472805738449097
0714790003,2020-10-10,1,1.3177958726882935
0714790003,2020-10-11,1,1.2279366254806519
0714790003,2020-10-12,1,1.242836356163025
0714790003,2020-10-13,1,1.2823790311813354
0714790003,2020-10-14,2,1.5815094709396362
0714790003,2020-10-15,1,1.2287050485610962
0714790003,2020-10-16,1,1.1031208038330078
0714790003,2020-10-17,1,1.1510711908340454
0714790003,2020-10-18,1,1.090766191482544
0714790003,2020-10-19,1,1.1327710151672363
0714790003,2020-10-20,1,1.3182170391082764
0714790003,2020-10-21,1,1.3747212886810303
0714790003,2020-10-22,1,1.4676204919815063
0714790008,2020-09-23,3,3.2164511680603027
0714790008,2020-09-24,3,2.9705820083618164
0714790008,2020-09-25,3,2.8098855018615723
0714790008,2020-09-26,6,5.962286472320557
0714790008,2020-09-27,3,2.590249538421631
0714790008,2020-09-28,8,8.2357759475708
0714790008,2020-09-29,5,5.082749366760254
0714790008,2020-09-30,4,3.5768680572509766
0714790008,2020-10-01,4,3.868602752685547
0714790008,2020-10-02,4,3.708868980407715
0714790008,2020-10-03,4,4.191274642944336
0714790008,2020-10-04,4,3.578580856323242
0714790008,2020-10-05,3,3.3237361907958984
0714790008,2020-10-06,3,3.339623212814331
0714790008,2020-10-07,3,3.4209771156311035
0714790008,2020-10-08,3,3.0932958126068115
0714790008,2020-10-09,3,2.860145330429077
0714790008,2020-10-10,3,2.883479595184326
0714790008,2020-10-11,3,2.617805242538452
0714790008,2020-10-12,2,2.4288811683654785
0714790008,2020-10-13,2,2.4410054683685303
0714790008,2020-10-14,3,2.8178093433380127
0714790008,2020-10-15,2,2.4501640796661377
0714790008,2020-10-16,2,2.195142984390259
0714790008,2020-10-17,2,2.3218421936035156
0714790008,2020-10-18,2,2.0691757202148438
0714790008,2020-10-19,2,1.9385920763015747
0714790008,2020-10-20,2,1.8605241775512695
0714790008,2020-10-21,2,1.9169689416885376
0714790008,2020-10-22,2,1.8595961332321167
0714790020,2020-09-23,94,93.85846710205078
0714790020,2020-09-24,93,93.33679962158203
0714790020,2020-09-25,89,88.57939147949219
0714790020,2020-09-26,146,145.77920532226562
0714790020,2020-09-27,114,113.81256866455078
0714790020,2020-09-28,151,151.49729919433594
0714790020,2020-09-29,126,125.6522445678711
0714790020,2020-09-30,107,106.82872772216797
0714790020,2020-10-01,91,90.62001037597656
0714790020,2020-10-02,76,76.22350311279297
0714790020,2020-10-03,91,91.24126434326172
0714790020,2020-10-04,88,87.83959197998047
0714790020,2020-10-05,92,92.14360046386719
0714790020,2020-10-06,85,84.83504486083984
0714790020,2020-10-07,84,83.71097564697266
0714790020,2020-10-08,81,81.10684967041016
0714790020,2020-10-09,75,75.45057678222656
0714790020,2020-10-10,79,79.27074432373047
0714790020,2020-10-11,103,102.90616607666016
0714790020,2020-10-12,87,87.42525482177734
0714790020,2020-10-13,71,71.10037231445312
0714790020,2020-10-14,72,72.0973129272461
0714790020,2020-10-15,69,69.49087524414062
0714790020,2020-10-16,65,64.75418853759766
0714790020,2020-10-17,67,66.63189697265625
0714790020,2020-10-18,72,71.53172302246094
0714790020,2020-10-19,74,73.64738464355469
0714790020,2020-10-20,78,77.7191162109375
0714790020,2020-10-21,85,84.86930847167969
0714790020,2020-10-22,89,89.33440399169922
0714824001,2020-09-23,2,1.8770126104354858
0714824001,2020-09-24,2,1.529465675354004
0714824001,2020-09-25,2,1.5288729667663574
0714824001,2020-09-26,5,4.551269054412842
0714824001,2020-09-27,2,1.5523587465286255
0714824001,2020-09-28,7,6.5593061447143555
0714824001,2020-09-29,3,3.2745702266693115
0714824001,2020-09-30,2,1.7027156352996826
0714824001,2020-10-01,2,2.1745715141296387
0714824001,2020-10-02,2,2.2225184440612793
0714824001,2020-10-03,3,2.6446311473846436
0714824001,2020-10-04,2,2.1270480155944824
0714824001,2020-10-05,2,1.99970281124115
0714824001,2020-10-06,2,1.9118221998214722
0714824001,2020-10-07,2,1.8745949268341064
0714824001,2020-10-08,2,1.5731925964355469
0714824001,2020-10-09,1,1.3154797554016113
0714824001,2020-10-10,1,1.4065358638763428
0714824001,2020-10-11,1,1.3472281694412231
0714824001,2020-10-12,1,1.3223778009414673
0714824001,2020-10-13,1,1.3710917234420776
0714824001,2020-10-14,2,1.6421937942504883
0714824001,2020-10-15,1,1.4189554452896118
0714824001,2020-10-16,1,1.2688086032867432
0714824001,2020-10-17,1,1.126768708229065
0714824001,2020-10-18,1,1.1642931699752808
0714824001,2020-10-19,1,1.2186683416366577
0714824001,2020-10-20,1,1.4041141271591187
0714824001,2020-10-21,1,1.4748902320861816
0714824001,2020-10-22,2,1.5764989852905273
0715343003,2020-09-23,3,2.5840046405792236
0715343003,2020-09-24,2,2.144965648651123
0715343003,2020-09-25,2,2.1735763549804688
0715343003,2020-09-26,5,5.296268463134766
0715343003,2020-09-27,2,2.125302314758301
0715343003,2020-09-28,8,7.70073127746582
0715343003,2020-09-29,4,3.979128360748291
0715343003,2020-09-30,2,2.474569797515869
0715343003,2020-10-01,3,2.910118579864502
0715343003,2020-10-02,3,2.8601598739624023
0715343003,2020-10-03,3,3.282156229019165
0715343003,2020-10-04,3,2.691890239715576
0715343003,2020-10-05,2,2.4406015872955322
0715343003,2020-10-06,3,2.52461838722229
0715343003,2020-10-07,3,2.7140862941741943
0715343003,2020-10-08,2,2.3999311923980713
0715343003,2020-10-09,2,2.037344217300415
0715343003,2020-10-10,2,2.2866077423095703
0715343003,2020-10-11,2,2.201446294784546
0715343003,2020-10-12,2,2.0244221687316895
0715343003,2020-10-13,2,1.9768706560134888
0715343003,2020-10-14,2,2.0797064304351807
0715343003,2020-10-15,2,1.9414981603622437
0715343003,2020-10-16,1,1.4950976371765137
0715343003,2020-10-17,2,1.5430482625961304
0715343003,2020-10-18,1,1.3615443706512451
0715343003,2020-10-19,1,1.4086596965789795
0715343003,2020-10-20,2,1.523766279220581
0715343003,2020-10-21,2,1.5682260990142822
0715343003,2020-10-22,2,1.5897499322891235
0715624001,2020-09-23,61,60.88234329223633
0715624001,2020-09-24,69,68.8641586303711
0715624001,2020-09-25,70,70.30464935302734
0715624001,2020-09-26,110,110.34859466552734
0715624001,2020-09-27,118,117.82289123535156
0715624001,2020-09-28,165,165.0662384033203
0715624001,2020-09-29,112,111.78681182861328
0715624001,2020-09-30,89,89.32392883300781
0715624001,2020-10-01,99,98.9045639038086
0715624001,2020-10-02,112,111.82594299316406
0715624001,2020-10-03,105,105.21742248535156
0715624001,2020-10-04,115,114.61997985839844
0715624001,2020-10-05,110,109.60326385498047
0715624001,2020-10-06,98,98.23295593261719
0715624001,2020-10-07,95,94.95986938476562
0715624001,2020-10-08,87,87.43994140625
0715624001,2020-10-09,78,77.9296875
0715624001,2020-10-10,77,77.43819427490234
0715624001,2020-10-11,98,98.1092758178711
0715624001,2020-10-12,84,84.37939453125
0715624001,2020-10-13,85,84.77804565429688
0715624001,2020-10-14,83,83.397705078125
0715624001,2020-10-15,85,85.37997436523438
0715624001,2020-10-16,78,77.7178955078125
0715624001,2020-10-17,79,79.2927474975586
0715624001,2020-10-18,88,87.7015380859375
0715624001,2020-10-19,75,74.58173370361328
0715624001,2020-10-20,77,77.13473510742188
0715624001,2020-10-21,79,79.07962799072266
0715624001,2020-10-22,88,88.3677749633789
0715624010,2020-09-23,33,32.56453323364258
0715624010,2020-09-24,31,31.484689712524414
0715624010,2020-09-25,33,33.15011978149414
0715624010,2020-09-26,67,66.5925064086914
0715624010,2020-09-27,59,58.5269775390625
0715624010,2020-09-28,87,87.22225189208984
0715624010,2020-09-29,57,56.64590835571289
0715624010,2020-09-30,57,56.669105529785156
0715624010,2020-10-01,53,53.067813873291016
0715624010,2020-10-02,55,55.057735443115234
0715624010,2020-10-03,61,61.26021194458008
0715624010,2020-10-04,54,53.93224334716797
0715624010,2020-10-05,53,53.19508743286133
0715624010,2020-10-06,49,49.13602828979492
0715624010,2020-10-07,48,47.75534439086914
0715624010,2020-10-08,41,41.418766021728516
0715624010,2020-10-09,39,39.490840911865234
0715624010,2020-10-10,45,45.172950744628906
0715624010,2020-10-11,49,49.068580627441406
0715624010,2020-10-12,44,43.85433578491211
0715624010,2020-10-13,47,46.99599075317383
0715624010,2020-10-14,51,50.5900993347168
0715624010,2020-10-15,53,53.01171875
0715624010,2020-10-16,51,51.497047424316406
0715624010,2020-10-17,53,53.48993682861328
0715624010,2020-10-18,51,51.0498161315918
0715624010,2020-10-19,49,49.39324188232422
0715624010,2020-10-20,47,47.479698181152344
0715624010,2020-10-21,49,49.29766082763672
0715624010,2020-10-22,55,55.13669967651367
0716348001,2020-09-23,2,1.9510105848312378
0716348001,2020-09-24,2,1.5810928344726562
0716348001,2020-09-25,2,1.6305553913116455
0716348001,2020-09-26,5,4.665773391723633
0716348001,2020-09-27,2,1.5587016344070435
0716348001,2020-09-28,7,6.5330305099487305
0716348001,2020-09-29,3,3.2173826694488525
0716348001,2020-09-30,2,1.8139756917953491
0716348001,2020-10-01,2,2.1846306324005127
0716348001,2020-10-02,2,2.1818761825561523
0716348001,2020-10-03,3,2.5644495487213135
0716348001,2020-10-04,2,2.0091772079467773
0716348001,2020-10-05,2,1.933066725730896
0716348001,2020-10-06,2,1.8121393918991089
0716348001,2020-10-07,2,1.8342825174331665
0716348001,2020-10-08,2,1.532880425453186
0716348001,2020-10-09,1,1.2117050886154175
0716348001,2020-10-10,1,1.3618460893630981
0716348001,2020-10-11,1,1.2258484363555908
0716348001,2020-10-12,1,1.242836356163025
0716348001,2020-10-13,1,1.3246790170669556
0716348001,2020-10-14,2,1.5815094709396362
0716348001,2020-10-15,1,1.2287050485610962
0716348001,2020-10-16,1,1.1031208038330078
0716348001,2020-10-17,1,1.1510711908340454
0716348001,2020-10-18,1,1.090766191482544
0716348001,2020-10-19,1,1.1327710151672363
0716348001,2020-10-20,1,1.3182170391082764
0716348001,2020-10-21,1,1.3747212886810303
0716348001,2020-10-22,1,1.4676204919815063
0716672001,2020-09-23,4,4.077387809753418
0716672001,2020-09-24,4,4.30147123336792
0716672001,2020-09-25,4,4.111888885498047
0716672001,2020-09-26,7,6.9007649421691895
0716672001,2020-09-27,3,2.940835952758789
0716672001,2020-09-28,9,9.120631217956543
0716672001,2020-09-29,7,7.197417736053467
0716672001,2020-09-30,5,5.294439792633057
0716672001,2020-10-01,5,5.25578498840332
0716672001,2020-10-02,5,5.043719291687012
0716672001,2020-10-03,5,5.464321613311768
0716672001,2020-10-04,4,4.450633525848389
0716672001,2020-10-05,4,4.2362165451049805
0716672001,2020-10-06,5,4.62591028213501
0716672001,2020-10-07,5,4.965456962585449
0716672001,2020-10-08,5,4.741373538970947
0716672001,2020-10-09,4,4.348399639129639
0716672001,2020-10-10,5,4.515855312347412
0716672001,2020-10-11,4,4.042974948883057
0716672001,2020-10-12,4,4.033355712890625
0716672001,2020-10-13,4,4.022039890289307
0716672001,2020-10-14,5,4.577993392944336
0716672001,2020-10-15,4,4.224635601043701
0716672001,2020-10-16,4,4.02603006362915
0716672001,2020-10-17,4,4.167407035827637
0716672001,2020-10-18,4,3.801058769226074
0716672001,2020-10-19,3,3.470872640609741
0716672001,2020-10-20,4,3.676910161972046
0716672001,2020-10-21,4,3.7576100826263428
0716672001,2020-10-22,4,3.7962825298309326
0716672003,2020-09-23,2,2.06310772895813
0716672003,2020-09-24,2,1.9710255861282349
0716672003,2020-09-25,2,1.7188379764556885
0716672003,2020-09-26,5,4.7670207023620605
0716672003,2020-09-27,2,1.7864906787872314
0716672003,2020-09-28,7,6.837921619415283
0716672003,2020-09-29,3,3.433305501937866
0716672003,2020-09-30,2,2.0009121894836426
0716672003,2020-10-01,3,2.713078737258911
0716672003,2020-10-02,3,2.5415797233581543
0716672003,2020-10-03,3,2.960794687271118
0716672003,2020-10-04,2,2.4113364219665527
0716672003,2020-10-05,2,2.322495222091675
0716672003,2020-10-06,2,2.3680524826049805
0716672003,2020-10-07,3,2.5063819885253906
0716672003,2020-10-08,2,2.1922268867492676
0716672003,2020-10-09,2,1.9475648403167725
0716672003,2020-10-10,2,1.8484814167022705
0716672003,2020-10-11,2,1.8073269128799438
0716672003,2020-10-12,2,1.65688157081604
0716672003,2020-10-13,2,1.6371618509292603
0716672003,2020-10-14,2,1.867962121963501
0716672003,2020-10-15,2,1.5151574611663818
0716672003,2020-10-16,1,1.3650106191635132
0716672003,2020-10-17,1,1.3672354221343994
0716672003,2020-10-18,1,1.2774423360824585
0716672003,2020-10-19,1,1.2239692211151123
0716672003,2020-10-20,1,1.3870439529418945
0716672003,2020-10-21,1,1.4578198194503784
0716672003,2020-10-22,2,1.5594288110733032
0717464001,2020-09-23,7,7.120617389678955
0717464001,2020-09-24,8,8.233646392822266
0717464001,2020-09-25,10,9.581806182861328
0717464001,2020-09-26,16,15.796643257141113
0717464001,2020-09-27,10,9.553805351257324
0717464001,2020-09-28,15,15.369215965270996
0717464001,2020-09-29,14,13.679890632629395
0717464001,2020-09-30,13,13.43676471710205
0717464001,2020-10-01,12,11.870376586914062
0717464001,2020-10-02,11,10.855016708374023
0717464001,2020-10-03,13,12.958588600158691
0717464001,2020-10-04,10,9.734434127807617
0717464001,2020-10-05,10,10.151039123535156
0717464001,2020-10-06,10,10.282183647155762
0717464001,2020-10-07,12,11.801936149597168
0717464001,2020-10-08,11,11.466758728027344
0717464001,2020-10-09,11,11.294646263122559
0717464001,2020-10-10,13,12.801339149475098
0717464001,2020-10-11,10,9.522455215454102
0717464001,2020-10-12,10,9.581052780151367
0717464001,2020-10-13,10,9.919625282287598
0717464001,2020-10-14,11,10.511024475097656
0717464001,2020-10-15,10,10.493701934814453
0717464001,2020-10-16,10,10.398740768432617
0717464001,2020-10-17,11,10.718053817749023
0717464001,2020-10-18,8,8.220359802246094
0717464001,2020-10-19,8,8.170071601867676
0717464001,2020-10-20,8,8.484274864196777
0717464001,2020-10-21,10,9.686192512512207
0717464001,2020-10-22,10,10.166065216064453
0717490001,2020-09-23,2,2.0483901500701904
0717490001,2020-09-24,2,1.686004638671875
0717490001,2020-09-25,2,1.5197221040725708
0717490001,2020-09-26,5,4.596787929534912
0717490001,2020-09-27,2,1.5695871114730835
0717490001,2020-09-28,7,6.52208137512207
0717490001,2020-09-29,3,3.3761096000671387
0717490001,2020-09-30,2,1.851483702659607
0717490001,2020-10-01,2,2.2693607807159424
0717490001,2020-10-02,2,2.227090358734131
0717490001,2020-10-03,3,2.625368356704712
0717490001,2020-10-04,2,2.083799362182617
0717490001,2020-10-05,2,2.021850824356079
0717490001,2020-10-06,2,2.115417718887329
0717490001,2020-10-07,2,2.2287161350250244
0717490001,2020-10-08,2,1.912474274635315
0717490001,2020-10-09,1,1.4506875276565552
0717490001,2020-10-10,2,1.514980673789978
0717490001,2020-10-11,1,1.2954206466674805
0717490001,2020-10-12,1,1.3414297103881836
0717490001,2020-10-13,1,1.4102848768234253
0717490001,2020-10-14,2,1.7078622579574585
0717490001,2020-10-15,1,1.3381119966506958
0717490001,2020-10-16,1,1.1702275276184082
0717490001,2020-10-17,1,1.195806622505188
0717490001,2020-10-18,1,1.1417126655578613
0717490001,2020-10-19,1,1.177506446838379
0717490001,2020-10-20,1,1.362952470779419
0717490001,2020-10-21,1,1.4194567203521729
0717490001,2020-10-22,2,1.512355923652649
0717490002,2020-09-23,2,1.8038899898529053
0717490002,2020-09-24,1,1.4563430547714233
0717490002,2020-09-25,2,1.5058051347732544
0717490002,2020-09-26,5,4.565925121307373
0717490002,2020-09-27,1,1.4973891973495483
0717490002,2020-09-28,6,6.415317058563232
0717490002,2020-09-29,3,3.2231826782226562
0717490002,2020-09-30,2,1.7963978052139282
0717490002,2020-10-01,2,2.1859195232391357
0717490002,2020-10-02,2,2.210907459259033
0717490002,2020-10-03,2,2.483055353164673
0717490002,2020-10-04,2,2.0397491455078125
0717490002,2020-10-05,2,1.9778012037277222
0717490002,2020-10-06,2,1.8568748235702515
0717490002,2020-10-07,2,1.8586455583572388
0717490002,2020-10-08,2,1.5572434663772583
0717490002,2020-10-09,1,1.236066222190857
0717490002,2020-10-10,1,1.362531304359436
0717490002,2020-10-11,1,1.256420373916626
0717490002,2020-10-12,1,1.3045176267623901
0717490002,2020-10-13,1,1.3694144487380981
0717490002,2020-10-14,2,1.6262449026107788
0717490002,2020-10-15,1,1.2734404802322388
0717490002,2020-10-16,1,1.1478562355041504
0717490002,2020-10-17,1,1.195806622505188
0717490002,2020-10-18,1,1.1213383674621582
0717490002,2020-10-19,1,1.177506446838379
0717490002,2020-10-20,1,1.362952470779419
0717490002,2020-10-21,1,1.4194567203521729
0717490002,2020-10-22,2,1.512355923652649
0717490008,2020-09-23,14,14.422598838806152
0717490008,2020-09-24,15,15.273480415344238
0717490008,2020-09-25,16,16.332782745361328
0717490008,2020-09-26,23,23.3134765625
0717490008,2020-09-27,16,16.32614517211914
0717490008,2020-09-28,24,23.58415985107422
0717490008,2020-09-29,21,20.724836349487305
0717490008,2020-09-30,20,20.084426879882812
0717490008,2020-10-01,19,18.628686904907227
0717490008,2020-10-02,18,17.8244571685791
0717490008,2020-10-03,21,21.391870498657227
0717490008,2020-10-04,17,17.48091697692871
0717490008,2020-10-05,18,17.877391815185547
0717490008,2020-10-06,18,17.62887191772461
0717490008,2020-10-07,18,18.113510131835938
0717490008,2020-10-08,18,17.932580947875977
0717490008,2020-10-09,18,17.57411003112793
0717490008,2020-10-10,20,19.53952980041504
0717490008,2020-10-11,16,16.460235595703125
0717490008,2020-10-12,16,16.09693717956543
0717490008,2020-10-13,17,16.916372299194336
0717490008,2020-10-14,18,17.73431396484375
0717490008,2020-10-15,17,17.19477081298828
0717490008,2020-10-16,17,16.990310668945312
0717490008,2020-10-17,18,17.557111740112305
0717490008,2020-10-18,15,15.081684112548828
0717490008,2020-10-19,14,14.476066589355469
0717490008,2020-10-20,15,14.738348960876465
0717490008,2020-10-21,16,15.780325889587402
0717490008,2020-10-22,17,17.01338768005371
0717490010,2020-09-23,14,13.979761123657227
0717490010,2020-09-24,14,13.840664863586426
0717490010,2020-09-25,14,13.601513862609863
0717490010,2020-09-26,18,18.279029846191406
0717490010,2020-09-27,14,14.450976371765137
0717490010,2020-09-28,21,21.43063735961914
0717490010,2020-09-29,20,19.540260314941406
0717490010,2020-09-30,19,19.492820739746094
0717490010,2020-10-01,17,17.146442413330078
0717490010,2020-10-02,17,16.687055587768555
0717490010,2020-10-03,19,18.874338150024414
0717490010,2020-10-04,15,15.164706230163574
0717490010,2020-10-05,15,15.146401405334473
0717490010,2020-10-06,15,15.068800926208496
0717490010,2020-10-07,15,15.482278823852539
0717490010,2020-10-08,15,15.185087203979492
0717490010,2020-10-09,15,14.796197891235352
0717490010,2020-10-10,15,15.495265007019043
0717490010,2020-10-11,14,13.651141166687012
0717490010,2020-10-12,13,12.916891098022461
0717490010,2020-10-13,13,12.887218475341797
0717490010,2020-10-14,14,14.199029922485352
0717490010,2020-10-15,14,13.793852806091309
0717490010,2020-10-16,13,13.195159912109375
0717490010,2020-10-17,14,14.093463897705078
0717490010,2020-10-18,11,11.431446075439453
0717490010,2020-10-19,11,10.940714836120605
0717490010,2020-10-20,11,11.32844352722168
0717490010,2020-10-21,13,13.058658599853516
0717490010,2020-10-22,14,14.027353286743164
0717490017,2020-09-23,2,1.8221327066421509
0717490017,2020-09-24,1,1.474585771560669
0717490017,2020-09-25,2,1.503648281097412
0717490017,2020-09-26,5,4.548501968383789
0717490017,2020-09-27,2,1.5944840908050537
0717490017,2020-09-28,6,6.449983596801758
0717490017,2020-09-29,3,3.2469799518585205
0717490017,2020-09-30,2,1.762378454208374
0717490017,2020-10-01,2,2.1681551933288574
0717490017,2020-10-02,2,2.216102123260498
0717490017,2020-10-03,3,2.512084722518921
0717490017,2020-10-04,2,2.0947513580322266
0717490017,2020-10-05,2,1.9932868480682373
0717490017,2020-10-06,2,1.8521360158920288
0717490017,2020-10-07,2,1.8681784868240356
0717490017,2020-10-08,2,1.5667763948440552
0717490017,2020-10-09,1,1.3090635538101196
0717490017,2020-10-10,1,1.400119662284851
0717490017,2020-10-11,1,1.314932107925415
0717490017,2020-10-12,1,1.299778699874878
0717490017,2020-10-13,1,1.364675521850586
0717490017,2020-10-14,2,1.6357775926589966
0717490017,2020-10-15,1,1.2829734086990356
0717490017,2020-10-16,1,1.132826566696167
0717490017,2020-10-17,1,1.1893447637557983
0717490017,2020-10-18,1,1.1408495903015137
0717490017,2020-10-19,1,1.1727677583694458
0717490017,2020-10-20,1,1.3582135438919067
0717490017,2020-10-21,1,1.4289896488189697
0717490017,2020-10-22,2,1.5305984020233154
0717490064,2020-09-23,11,10.85285472869873
0717490064,2020-09-24,13,12.700385093688965
0717490064,2020-09-25,14,13.843812942504883
0717490064,2020-09-26,17,17.0679874420166
0717490064,2020-09-27,11,10.636738777160645
0717490064,2020-09-28,19,19.47945213317871
0717490064,2020-09-29,18,18.311594009399414
0717490064,2020-09-30,18,17.885250091552734
0717490064,2020-10-01,16,16.076663970947266
0717490064,2020-10-02,15,15.216437339782715
0717490064,2020-10-03,17,16.808637619018555
0717490064,2020-10-04,14,13.732648849487305
0717490064,2020-10-05,14,13.513657569885254
0717490064,2020-10-06,13,13.360368728637695
0717490064,2020-10-07,14,14.282999038696289
0717490064,2020-10-08,14,13.872063636779785
0717490064,2020-10-09,13,12.938520431518555
0717490064,2020-10-10,13,13.475314140319824
0717490064,2020-10-11,12,11.70755386352539
0717490064,2020-10-12,11,11.241436958312988
0717490064,2020-10-13,12,11.682635307312012
0717490064,2020-10-14,13,12.716469764709473
0717490064,2020-10-15,12,12.490817070007324
0717490064,2020-10-16,13,12.54373836517334
0717490064,2020-10-17,13,12.713199615478516
0717490064,2020-10-18,10,10.347978591918945
0717490064,2020-10-19,10,10.363510131835938
0717490064,2020-10-20,11,10.667170524597168
0717490064,2020-10-21,12,11.718624114990234
0717490064,2020-10-22,13,12.732471466064453
0717884003,2020-09-23,2,1.8909295797348022
0717884003,2020-09-24,2,1.5433826446533203
0717884003,2020-09-25,2,1.5427899360656738
0717884003,2020-09-26,5,4.565186023712158
0717884003,2020-09-27,2,1.5662766695022583
0717884003,2020-09-28,7,6.592001438140869
0717884003,2020-09-29,3,3.2745702266693115
0717884003,2020-09-30,2,1.7502367496490479
0717884003,2020-10-01,2,2.222093105316162
0717884003,2020-10-02,2,2.2225184440612793
0717884003,2020-10-03,3,2.6446311473846436
0717884003,2020-10-04,2,2.1270480155944824
0717884003,2020-10-05,2,1.99970281124115
0717884003,2020-10-06,2,1.884450078010559
0717884003,2020-10-07,2,1.8745949268341064
0717884003,2020-10-08,2,1.5731925964355469
0717884003,2020-10-09,1,1.3154797554016113
0717884003,2020-10-10,1,1.4065358638763428
0717884003,2020-10-11,1,1.3472281694412231
0717884003,2020-10-12,1,1.3223778009414673
0717884003,2020-10-13,1,1.3710917234420776
0717884003,2020-10-14,2,1.664565086364746
0717884003,2020-10-15,1,1.4189554452896118
0717884003,2020-10-16,1,1.2688086032867432
0717884003,2020-10-17,1,1.126768708229065
0717884003,2020-10-18,1,1.1642931699752808
0717884003,2020-10-19,1,1.2186683416366577
0717884003,2020-10-20,1,1.4041141271591187
0717884003,2020-10-21,1,1.4748902320861816
0717884003,2020-10-22,2,1.5764989852905273
0718278001,2020-09-23,6,6.1744184494018555
0718278001,2020-09-24,8,7.531476020812988
0718278001,2020-09-25,7,7.293176174163818
0718278001,2020-09-26,9,9.386772155761719
0718278001,2020-09-27,5,4.785482406616211
0718278001,2020-09-28,11,11.069138526916504
0718278001,2020-09-29,11,10.506728172302246
0718278001,2020-09-30,11,11.022322654724121
0718278001,2020-10-01,10,9.666690826416016
0718278001,2020-10-02,9,8.534937858581543
0718278001,2020-10-03,9,8.768056869506836
0718278001,2020-10-04,7,7.061784744262695
0718278001,2020-10-05,7,7.156064510345459
0718278001,2020-10-06,7,7.275650501251221
0718278001,2020-10-07,8,8.027814865112305
0718278001,2020-10-08,8,7.927369594573975
0718278001,2020-10-09,7,7.211382865905762
0718278001,2020-10-10,8,7.525048732757568
0718278001,2020-10-11,6,6.251949787139893
0718278001,2020-10-12,6,6.121621131896973
0718278001,2020-10-13,6,6.210678577423096
0718278001,2020-10-14,7,6.978442668914795
0718278001,2020-10-15,7,6.776439666748047
0718278001,2020-10-16,7,6.511241436004639
0718278001,2020-10-17,7,6.659927845001221
0718278001,2020-10-18,5,5.352326393127441
0718278001,2020-10-19,5,5.147355556488037
0718278001,2020-10-20,5,5.389697551727295
0718278001,2020-10-21,6,5.814081192016602
0718278001,2020-10-22,6,5.958043575286865
0718278002,2020-09-23,9,8.787979125976562
0718278002,2020-09-24,11,10.527641296386719
0718278002,2020-09-25,11,11.297531127929688
0718278002,2020-09-26,14,14.482990264892578
0718278002,2020-09-27,10,9.813752174377441
0718278002,2020-09-28,17,16.991043090820312
0718278002,2020-09-29,15,14.680952072143555
0718278002,2020-09-30,14,14.130414009094238
0718278002,2020-10-01,13,12.661772727966309
0718278002,2020-10-02,12,12.021435737609863
0718278002,2020-10-03,13,12.691397666931152
0718278002,2020-10-04,11,10.796124458312988
0718278002,2020-10-05,11,10.50196361541748
0718278002,2020-10-06,11,11.401862144470215
0718278002,2020-10-07,12,11.8258695602417
0718278002,2020-10-08,12,11.635270118713379
0718278002,2020-10-09,11,11.25245475769043
0718278002,2020-10-10,12,11.662575721740723
0718278002,2020-10-11,10,9.713273048400879
0718278002,2020-10-12,9,9.316089630126953
0718278002,2020-10-13,10,9.638575553894043
0718278002,2020-10-14,11,10.677248001098633
0718278002,2020-10-15,11,10.5970458984375
0718278002,2020-10-16,11,10.690788269042969
0718278002,2020-10-17,11,10.745782852172852
0718278002,2020-10-18,9,8.747332572937012
0718278002,2020-10-19,9,8.585165023803711
0718278002,2020-10-20,9,8.742715835571289
0718278002,2020-10-21,10,9.702008247375488
0718278002,2020-10-22,10,10.316719055175781
0719530003,2020-09-23,32,31.717960357666016
0719530003,2020-09-24,33,32.60564422607422
0719530003,2020-09-25,37,37.14278030395508
0719530003,2020-09-26,78,78.0400161743164
0719530003,2020-09-27,55,54.665061950683594
0719530003,2020-09-28,83,83.32099914550781
0719530003,2020-09-29,64,64.17269897460938
0719530003,2020-09-30,57,57.38282012939453
0719530003,2020-10-01,52,51.603187561035156
0719530003,2020-10-02,48,48.30485534667969
0719530003,2020-10-03,58,57.52405548095703
0719530003,2020-10-04,47,46.870643615722656
0719530003,2020-10-05,48,48.48976516723633
0719530003,2020-10-06,45,45.308982849121094
0719530003,2020-10-07,44,44.07020950317383
0719530003,2020-10-08,41,41.03764343261719
0719530003,2020-10-09,39,38.67337417602539
0719530003,2020-10-10,44,44.28671646118164
0719530003,2020-10-11,46,46.281471252441406
0719530003,2020-10-12,43,43.43404006958008
0719530003,2020-10-13,45,45.4449577331543
0719530003,2020-10-14,47,46.6614875793457
0719530003,2020-10-15,50,50.31293869018555
0719530003,2020-10-16,51,51.3272819519043
0719530003,2020-10-17,55,54.77609634399414
0719530003,2020-10-18,49,49.43355941772461
0719530003,2020-10-19,48,47.567665100097656
0719530003,2020-10-20,45,45.145362854003906
0719530003,2020-10-21,48,47.69552230834961
0719530003,2020-10-22,53,52.71784210205078
0719655001,2020-09-23,19,19.105680465698242
0719655001,2020-09-24,22,21.624841690063477
0719655001,2020-09-25,22,21.990978240966797
0719655001,2020-09-26,29,28.869033813476562
0719655001,2020-09-27,27,26.536174774169922
0719655001,2020-09-28,38,38.15978240966797
0719655001,2020-09-29,31,30.59747886657715
0719655001,2020-09-30,27,27.46356964111328
0719655001,2020-10-01,27,26.832115173339844
0719655001,2020-10-02,26,26.19333839416504
0719655001,2020-10-03,31,30.63347053527832
0719655001,2020-10-04,25,25.403745651245117
0719655001,2020-10-05,24,23.86098289489746
0719655001,2020-10-06,24,24.0802001953125
0719655001,2020-10-07,25,24.560152053833008
0719655001,2020-10-08,24,24.142940521240234
0719655001,2020-10-09,24,23.514602661132812
0719655001,2020-10-10,25,24.94973373413086
0719655001,2020-10-11,23,23.149038314819336
0719655001,2020-10-12,24,23.878890991210938
0719655001,2020-10-13,23,23.186445236206055
0719655001,2020-10-14,24,23.872331619262695
0719655001,2020-10-15,24,23.875078201293945
0719655001,2020-10-16,24,23.678064346313477
0719655001,2020-10-17,25,24.874568939208984
0719655001,2020-10-18,22,21.812759399414062
0719655001,2020-10-19,22,21.779804229736328
0719655001,2020-10-20,22,21.96920394897461
0719655001,2020-10-21,22,22.006671905517578
0719655001,2020-10-22,25,24.806608200073242
0719957006,2020-09-23,2,2.0786712169647217
0719957006,2020-09-24,2,1.8738200664520264
0719957006,2020-09-25,2,1.691076636314392
0719957006,2020-09-26,5,4.751199722290039
0719957006,2020-09-27,2,1.635309100151062
0719957006,2020-09-28,7,6.861425399780273
0719957006,2020-09-29,3,3.4708709716796875
0719957006,2020-09-30,2,2.079097032546997
0719957006,2020-10-01,3,2.6644630432128906
0719957006,2020-10-02,3,2.545736789703369
0719957006,2020-10-03,3,2.8778574466705322
0719957006,2020-10-04,2,2.3102707862854004
0719957006,2020-10-05,2,2.199052095413208
0719957006,2020-10-06,2,2.3341264724731445
0719957006,2020-10-07,2,2.383025646209717
0719957006,2020-10-08,2,2.0558202266693115
0719957006,2020-10-09,2,1.7494430541992188
0719957006,2020-10-10,2,1.6626745462417603
0719957006,2020-10-11,1,1.4172987937927246
0719957006,2020-10-12,1,1.3611187934875488
0719957006,2020-10-13,1,1.4562629461288452
0719957006,2020-10-14,2,1.777764916419983
0719957006,2020-10-15,1,1.3546210527420044
0719957006,2020-10-16,1,1.2120912075042725
0719957006,2020-10-17,1,1.2361170053482056
0719957006,2020-10-18,1,1.111140489578247
0719957006,2020-10-19,1,1.1531453132629395
0719957006,2020-10-20,1,1.3385910987854004
0719957006,2020-10-21,1,1.3950955867767334
0719957006,2020-10-22,2,1.507715106010437
0720125001,2020-09-23,9,8.77893352508545
0720125001,2020-09-24,10,10.134791374206543
0720125001,2020-09-25,11,10.817192077636719
0720125001,2020-09-26,14,14.27454662322998
0720125001,2020-09-27,9,8.626081466674805
0720125001,2020-09-28,15,15.326663970947266
0720125001,2020-09-29,14,14.083075523376465
0720125001,2020-09-30,14,13.684881210327148
0720125001,2020-10-01,12,11.978899002075195
0720125001,2020-10-02,12,11.578086853027344
0720125001,2020-10-03,12,12.449342727661133
0720125001,2020-10-04,10,9.596126556396484
0720125001,2020-10-05,10,10.469199180603027
0720125001,2020-10-06,10,10.320100784301758
0720125001,2020-10-07,11,11.248284339904785
0720125001,2020-10-08,11,10.862258911132812
0720125001,2020-10-09,10,10.320573806762695
0720125001,2020-10-10,11,10.97143840789795
0720125001,2020-10-11,9,8.80851936340332
0720125001,2020-10-12,9,8.831308364868164
0720125001,2020-10-13,9,8.677108764648438
0720125001,2020-10-14,10,9.722516059875488
0720125001,2020-10-15,10,9.648003578186035
0720125001,2020-10-16,9,9.474303245544434
0720125001,2020-10-17,10,9.584245681762695
0720125001,2020-10-18,8,7.7616190910339355
0720125001,2020-10-19,8,7.582024574279785
0720125001,2020-10-20,8,7.6304240226745605
0720125001,2020-10-21,8,8.455810546875
0720125001,2020-10-22,9,9.451905250549316
0720125007,2020-09-23,11,11.369996070861816
0720125007,2020-09-24,13,12.751309394836426
0720125007,2020-09-25,12,11.745169639587402
0720125007,2020-09-26,15,14.856809616088867
0720125007,2020-09-27,9,9.120264053344727
0720125007,2020-09-28,17,17.000802993774414
0720125007,2020-09-29,16,16.41793441772461
0720125007,2020-09-30,16,16.111461639404297
0720125007,2020-10-01,13,13.400145530700684
0720125007,2020-10-02,13,12.768594741821289
0720125007,2020-10-03,13,13.318887710571289
0720125007,2020-10-04,11,10.678894996643066
0720125007,2020-10-05,12,11.625713348388672
0720125007,2020-10-06,12,12.034695625305176
0720125007,2020-10-07,12,12.485554695129395
0720125007,2020-10-08,12,12.10487174987793
0720125007,2020-10-09,12,11.774897575378418
0720125007,2020-10-10,12,12.155601501464844
0720125007,2020-10-11,10,10.00236701965332
0720125007,2020-10-12,10,10.012203216552734
0720125007,2020-10-13,10,10.29084587097168
0720125007,2020-10-14,12,11.555962562561035
0720125007,2020-10-15,12,11.550259590148926
0720125007,2020-10-16,11,10.887101173400879
0720125007,2020-10-17,11,10.933915138244629
0720125007,2020-10-18,9,8.910804748535156
0720125007,2020-10-19,9,8.75519847869873
0720125007,2020-10-20,9,9.13711166381836
0720125007,2020-10-21,10,10.09121036529541
0720125007,2020-10-22,11,11.396490097045898
0720137001,2020-09-23,2,2.101593494415283
0720137001,2020-09-24,2,2.0034120082855225
0720137001,2020-09-25,2,1.995790719985962
0720137001,2020-09-26,5,4.820433139801025
0720137001,2020-09-27,1,1.2965806722640991
0720137001,2020-09-28,7,6.928253173828125
0720137001,2020-09-29,3,3.455484390258789
0720137001,2020-09-30,2,1.9803742170333862
0720137001,2020-10-01,2,2.4321107864379883
0720137001,2020-10-02,2,2.3835482597351074
0720137001,2020-10-03,3,2.767993688583374
0720137001,2020-10-04,2,2.270012378692627
0720137001,2020-10-05,2,2.244567394256592
0720137001,2020-10-06,2,2.4055335521698
0720137001,2020-10-07,2,2.459608793258667
0720137001,2020-10-08,2,2.1433653831481934
0720137001,2020-10-09,2,1.8856532573699951
0720137001,2020-10-10,2,1.8345003128051758
0720137001,2020-10-11,2,1.6901458501815796
0720137001,2020-10-12,2,1.5709564685821533
0720137001,2020-10-13,2,1.5748859643936157
0720137001,2020-10-14,2,1.838449239730835
0720137001,2020-10-15,2,1.681074857711792
0720137001,2020-10-16,1,1.483406662940979
0720137001,2020-10-17,1,1.2526849508285522
0720137001,2020-10-18,1,1.2662848234176636
0720137001,2020-10-19,1,1.2614136934280396
0720137001,2020-10-20,1,1.4518603086471558
0720137001,2020-10-21,1,1.4952642917633057
0720137001,2020-10-22,2,1.5968732833862305
0720504001,2020-09-23,4,3.585766077041626
0720504001,2020-09-24,3,3.357452869415283
0720504001,2020-09-25,3,3.017599582672119
0720504001,2020-09-26,6,6.2430315017700195
0720504001,2020-09-27,3,2.880946397781372
0720504001,2020-09-28,8,8.344473838806152
0720504001,2020-09-29,5,5.251007080078125
0720504001,2020-09-30,4,3.783104419708252
0720504001,2020-10-01,4,4.024000644683838
0720504001,2020-10-02,4,4.13409423828125
0720504001,2020-10-03,5,4.550683498382568
0720504001,2020-10-04,4,3.6913390159606934
0720504001,2020-10-05,4,3.533125877380371
0720504001,2020-10-06,4,3.69629168510437
0720504001,2020-10-07,4,3.803009033203125
0720504001,2020-10-08,3,3.4796054363250732
0720504001,2020-10-09,3,3.1503779888153076
0720504001,2020-10-10,3,3.2503600120544434
0720504001,2020-10-11,3,2.9644553661346436
0720504001,2020-10-12,3,2.6461939811706543
0720504001,2020-10-13,3,2.623868703842163
0720504001,2020-10-14,3,3.020164728164673
0720504001,2020-10-15,3,2.799189805984497
0720504001,2020-10-16,2,2.435211420059204
0720504001,2020-10-17,2,2.49601411819458
0720504001,2020-10-18,2,2.2603697776794434
0720504001,2020-10-19,2,2.1934707164764404
0720504001,2020-10-20,2,2.264787197113037
0720504001,2020-10-21,2,2.402010440826416
0720504001,2020-10-22,2,2.406841278076172
0721298001,2020-09-23,2,1.8680332899093628
0721298001,2020-09-24,2,1.5204863548278809
0721298001,2020-09-25,2,1.512157678604126
0721298001,2020-09-26,5,4.557011127471924
0721298001,2020-09-27,2,1.5581004619598389
0721298001,2020-09-28,7,6.542591094970703
0721298001,2020-09-29,3,3.230483055114746
0721298001,2020-09-30,2,1.6860003471374512
0721298001,2020-10-01,2,2.1846723556518555
0721298001,2020-10-02,2,2.232619285583496
0721298001,2020-10-03,3,2.528601884841919
0721298001,2020-10-04,2,2.137148857116699
0721298001,2020-10-05,2,2.0313210487365723
0721298001,2020-10-06,2,2.104663372039795
0721298001,2020-10-07,2,2.149688959121704
0721298001,2020-10-08,2,1.9600414037704468
0721298001,2020-10-09,1,1.4863097667694092
0721298001,2020-10-10,2,1.564943552017212
0721298001,2020-10-11,1,1.4176090955734253
0721298001,2020-10-12,1,1.387342929840088
0721298001,2020-10-13,1,1.4790159463882446
0721298001,2020-10-14,2,1.753324031829834
0721298001,2020-10-15,1,1.4005193710327148
0721298001,2020-10-16,1,1.1911267042160034
0721298001,2020-10-17,1,1.241319179534912
0721298001,2020-10-18,1,1.1928240060806274
0721298001,2020-10-19,1,1.1985969543457031
0721298001,2020-10-20,1,1.3840429782867432
0721298001,2020-10-21,1,1.437462329864502
0721298001,2020-10-22,2,1.5390713214874268
0723469001,2020-09-23,16,16.244632720947266
0723469001,2020-09-24,18,18.49216651916504
0723469001,2020-09-25,18,17.808565139770508
0723469001,2020-09-26,24,23.636911392211914
0723469001,2020-09-27,24,23.505260467529297
0723469001,2020-09-28,26,25.65911102294922
0723469001,2020-09-29,22,22.44569969177246
0723469001,2020-09-30,23,23.436613082885742
0723469001,2020-10-01,24,23.66165542602539
0723469001,2020-10-02,22,22.24811553955078
0723469001,2020-10-03,25,25.49932861328125
0723469001,2020-10-04,21,20.928438186645508
0723469001,2020-10-05,20,20.24195671081543
0723469001,2020-10-06,20,20.15019989013672
0723469001,2020-10-07,21,20.61725616455078
0723469001,2020-10-08,21,20.682998657226562
0723469001,2020-10-09,20,19.784053802490234
0723469001,2020-10-10,21,20.952871322631836
0723469001,2020-10-11,20,19.789894104003906
0723469001,2020-10-12,19,19.4289493560791
0723469001,2020-10-13,20,19.870529174804688
0723469001,2020-10-14,21,21.177879333496094
0723469001,2020-10-15,21,21.385684967041016
0723469001,2020-10-16,21,20.85032081604004
0723469001,2020-10-17,22,21.528762817382812
0723469001,2020-10-18,20,19.77495574951172
0723469001,2020-10-19,20,20.152158737182617
0723469001,2020-10-20,20,20.253149032592773
0723469001,2020-10-21,21,20.801671981811523
0723469001,2020-10-22,23,22.741024017333984
0723469002,2020-09-23,15,15.079115867614746
0723469002,2020-09-24,16,15.58427906036377
0723469002,2020-09-25,15,15.125653266906738
0723469002,2020-09-26,20,20.006160736083984
0723469002,2020-09-27,15,15.32274341583252
0723469002,2020-09-28,22,22.389850616455078
0723469002,2020-09-29,21,21.175678253173828
0723469002,2020-09-30,21,21.34466552734375
0723469002,2020-10-01,18,18.494291305541992
0723469002,2020-10-02,18,17.86982536315918
0723469002,2020-10-03,20,20.290420532226562
0723469002,2020-10-04,17,16.565000534057617
0723469002,2020-10-05,16,16.42137336730957
0723469002,2020-10-06,16,16.490182876586914
0723469002,2020-10-07,17,17.33820343017578
0723469002,2020-10-08,18,17.64263343811035
0723469002,2020-10-09,17,16.978620529174805
0723469002,2020-10-10,18,17.859331130981445
0723469002,2020-10-11,16,15.651189804077148
0723469002,2020-10-12,16,15.793267250061035
0723469002,2020-10-13,15,14.835524559020996
0723469002,2020-10-14,16,16.00410270690918
0723469002,2020-10-15,16,16.23148536682129
0723469002,2020-10-16,15,15.431007385253906
0723469002,2020-10-17,16,16.11204719543457
0723469002,2020-10-18,13,13.445013046264648
0723469002,2020-10-19,13,12.742206573486328
0723469002,2020-10-20,13,13.315488815307617
0723469002,2020-10-21,15,14.620908737182617
0723469002,2020-10-22,16,15.81244945526123
0723529001,2020-09-23,2,1.831944465637207
0723529001,2020-09-24,1,1.4501065015792847
0723529001,2020-09-25,2,1.5165129899978638
0723529001,2020-09-26,5,4.559688568115234
0723529001,2020-09-27,1,1.4865375757217407
0723529001,2020-09-28,6,6.438826084136963
0723529001,2020-09-29,3,3.2134389877319336
0723529001,2020-09-30,2,1.7494598627090454
0723529001,2020-10-01,2,2.1609041690826416
0723529001,2020-10-02,2,2.227090358734131
0723529001,2020-10-03,2,2.483055353164673
0723529001,2020-10-04,2,2.0397491455078125
0723529001,2020-10-05,2,1.9778012037277222
0723529001,2020-10-06,2,1.8568748235702515
0723529001,2020-10-07,2,1.8145965337753296
0723529001,2020-10-08,2,1.513193964958191
0723529001,2020-10-09,1,1.236066222190857
0723529001,2020-10-10,1,1.362531304359436
0723529001,2020-10-11,1,1.256420373916626
0723529001,2020-10-12,1,1.3045176267623901
0723529001,2020-10-13,1,1.3694144487380981
0723529001,2020-10-14,2,1.6262449026107788
0723529001,2020-10-15,1,1.2734404802322388
0723529001,2020-10-16,1,1.1478562355041504
0723529001,2020-10-17,1,1.195806622505188
0723529001,2020-10-18,1,1.1213383674621582
0723529001,2020-10-19,1,1.177506446838379
0723529001,2020-10-20,1,1.362952470779419
0723529001,2020-10-21,1,1.4194567203521729
0723529001,2020-10-22,2,1.512355923652649
0727029001,2020-09-23,2,1.8221327066421509
0727029001,2020-09-24,1,1.474585771560669
0727029001,2020-09-25,2,1.503648281097412
0727029001,2020-09-26,5,4.548501968383789
0727029001,2020-09-27,2,1.696427822113037
0727029001,2020-09-28,6,6.463901519775391
0727029001,2020-09-29,3,3.2469799518585205
0727029001,2020-09-30,2,1.8098998069763184
0727029001,2020-10-01,2,2.215676784515381
0727029001,2020-10-02,2,2.216102123260498
0727029001,2020-10-03,3,2.65439772605896
0727029001,2020-10-04,2,2.0947513580322266
0727029001,2020-10-05,2,1.9844545125961304
0727029001,2020-10-06,2,1.8692017793655396
0727029001,2020-10-07,2,1.8593462705612183
0727029001,2020-10-08,2,1.5579441785812378
0727029001,2020-10-09,1,1.3002315759658813
0727029001,2020-10-10,1,1.3912874460220337
0727029001,2020-10-11,1,1.3060998916625977
0727029001,2020-10-12,1,1.2909467220306396
0727029001,2020-10-13,1,1.3558435440063477
0727029001,2020-10-14,2,1.6269456148147583
0727029001,2020-10-15,1,1.2741411924362183
0727029001,2020-10-16,1,1.1239943504333496
0727029001,2020-10-17,1,1.18051278591156
0727029001,2020-10-18,1,1.090766191482544
0727029001,2020-10-19,1,1.1327710151672363
0727029001,2020-10-20,1,1.3182170391082764
0727029001,2020-10-21,1,1.3747212886810303
0727029001,2020-10-22,1,1.4676204919815063
0728162001,2020-09-23,2,1.8038899898529053
0728162001,2020-09-24,1,1.4563430547714233
0728162001,2020-09-25,2,1.5058051347732544
0728162001,2020-09-26,5,4.565925121307373
0728162001,2020-09-27,1,1.4973891973495483
0728162001,2020-09-28,6,6.44506311416626
0728162001,2020-09-29,3,3.2231826782226562
0728162001,2020-09-30,2,1.7488762140274048
0728162001,2020-10-01,2,2.1383979320526123
0728162001,2020-10-02,2,2.210907459259033
0728162001,2020-10-03,2,2.483055353164673
0728162001,2020-10-04,2,2.0397491455078125
0728162001,2020-10-05,2,1.9778012037277222
0728162001,2020-10-06,2,1.8568748235702515
0728162001,2020-10-07,2,1.8145965337753296
0728162001,2020-10-08,2,1.513193964958191
0728162001,2020-10-09,1,1.236066222190857
0728162001,2020-10-10,1,1.362531304359436
0728162001,2020-10-11,1,1.256420373916626
0728162001,2020-10-12,1,1.3045176267623901
0728162001,2020-10-13,1,1.3694144487380981
0728162001,2020-10-14,2,1.6262449026107788
0728162001,2020-10-15,1,1.2734404802322388
0728162001,2020-10-16,1,1.1478562355041504
0728162001,2020-10-17,1,1.195806622505188
0728162001,2020-10-18,1,1.1213383674621582
0728162001,2020-10-19,1,1.177506446838379
0728162001,2020-10-20,1,1.362952470779419
0728162001,2020-10-21,1,1.4194567203521729
0728162001,2020-10-22,2,1.512355923652649
0728162002,2020-09-23,2,2.034473180770874
0728162002,2020-09-24,2,1.6720876693725586
0728162002,2020-09-25,2,1.5058051347732544
0728162002,2020-09-26,5,4.565925121307373
0728162002,2020-09-27,2,1.5113071203231812
0728162002,2020-09-28,7,6.503302574157715
0728162002,2020-09-29,3,3.362926721572876
0728162002,2020-09-30,2,1.851483702659607
0728162002,2020-10-01,2,2.1859195232391357
0728162002,2020-10-02,2,2.210907459259033
0728162002,2020-10-03,3,2.625368356704712
0728162002,2020-10-04,2,2.0397491455078125
0728162002,2020-10-05,2,2.021850824356079
0728162002,2020-10-06,2,2.115417718887329
0728162002,2020-10-07,2,2.2287161350250244
0728162002,2020-10-08,2,1.912474274635315
0728162002,2020-10-09,1,1.4506875276565552
0728162002,2020-10-10,1,1.4946085214614868
0728162002,2020-10-11,1,1.2954206466674805
0728162002,2020-10-12,1,1.3414297103881836
0728162002,2020-10-13,1,1.4102848768234253
0728162002,2020-10-14,2,1.7078622579574585
0728162002,2020-10-15,1,1.3381119966506958
0728162002,2020-10-16,1,1.1702275276184082
0728162002,2020-10-17,1,1.195806622505188
0728162002,2020-10-18,1,1.1213383674621582
0728162002,2020-10-19,1,1.177506446838379
0728162002,2020-10-20,1,1.362952470779419
0728162002,2020-10-21,1,1.4194567203521729
0728162002,2020-10-22,2,1.512355923652649
0729860002,2020-09-23,6,6.486532688140869
0729860002,2020-09-24,6,6.470436096191406
0729860002,2020-09-25,6,6.093172550201416
0729860002,2020-09-26,9,8.94477653503418
0729860002,2020-09-27,5,5.07068395614624
0729860002,2020-09-28,11,11.353370666503906
0729860002,2020-09-29,10,10.353439331054688
0729860002,2020-09-30,11,10.62341594696045
0729860002,2020-10-01,9,8.899137496948242
0729860002,2020-10-02,8,7.897352695465088
0729860002,2020-10-03,8,8.14618968963623
0729860002,2020-10-04,7,6.858251094818115
0729860002,2020-10-05,7,7.230126857757568
0729860002,2020-10-06,7,7.289437294006348
0729860002,2020-10-07,8,7.995729446411133
0729860002,2020-10-08,7,7.421655178070068
0729860002,2020-10-09,7,6.959774017333984
0729860002,2020-10-10,7,6.953679084777832
0729860002,2020-10-11,6,5.806204319000244
0729860002,2020-10-12,6,5.773870944976807
0729860002,2020-10-13,6,5.894221782684326
0729860002,2020-10-14,7,6.581144332885742
0729860002,2020-10-15,6,6.409762382507324
0729860002,2020-10-16,6,6.0826520919799805
0729860002,2020-10-17,6,6.171486854553223
0729860002,2020-10-18,5,5.006152153015137
0729860002,2020-10-19,5,4.912728309631348
0729860002,2020-10-20,5,4.930901527404785
0729860002,2020-10-21,5,5.409178733825684
0729860002,2020-10-22,6,5.6022820472717285
0729928001,2020-09-23,10,10.32431411743164
0729928001,2020-09-24,11,10.985725402832031
0729928001,2020-09-25,10,10.164947509765625
0729928001,2020-09-26,15,14.508334159851074
0729928001,2020-09-27,9,8.962217330932617
0729928001,2020-09-28,15,14.900017738342285
0729928001,2020-09-29,14,14.357895851135254
0729928001,2020-09-30,14,13.915213584899902
0729928001,2020-10-01,12,12.221039772033691
0729928001,2020-10-02,12,11.557229042053223
0729928001,2020-10-03,12,12.438469886779785
0729928001,2020-10-04,10,9.971147537231445
0729928001,2020-10-05,10,10.428671836853027
0729928001,2020-10-06,10,10.499056816101074
0729928001,2020-10-07,11,11.436930656433105
0729928001,2020-10-08,11,10.906993865966797
0729928001,2020-10-09,10,10.496241569519043
0729928001,2020-10-10,11,11.308349609375
0729928001,2020-10-11,9,8.91049861907959
0729928001,2020-10-12,9,8.876043319702148
0729928001,2020-10-13,9,9.127598762512207
0729928001,2020-10-14,10,10.154705047607422
0729928001,2020-10-15,11,10.63958740234375
0729928001,2020-10-16,10,10.110844612121582
0729928001,2020-10-17,10,10.484160423278809
0729928001,2020-10-18,8,8.244873046875
0729928001,2020-10-19,8,8.195880889892578
0729928001,2020-10-20,9,8.554113388061523
0729928001,2020-10-21,9,9.494574546813965
0729928001,2020-10-22,10,10.121747970581055
0730683001,2020-09-23,4,3.660993814468384
0730683001,2020-09-24,4,3.8199615478515625
0730683001,2020-09-25,4,3.5024290084838867
0730683001,2020-09-26,6,6.4070258140563965
0730683001,2020-09-27,3,2.9507689476013184
0730683001,2020-09-28,9,8.787775039672852
0730683001,2020-09-29,5,5.4292802810668945
0730683001,2020-09-30,4,4.111633777618408
0730683001,2020-10-01,5,4.678822994232178
0730683001,2020-10-02,4,4.30228328704834
0730683001,2020-10-03,5,4.802488327026367
0730683001,2020-10-04,4,3.911709785461426
0730683001,2020-10-05,4,3.7915353775024414
0730683001,2020-10-06,4,3.811035394668579
0730683001,2020-10-07,4,4.12920618057251
0730683001,2020-10-08,4,4.079809188842773
0730683001,2020-10-09,4,3.7752459049224854
0730683001,2020-10-10,4,3.7643299102783203
0730683001,2020-10-11,3,3.3568780422210693
0730683001,2020-10-12,3,3.1283535957336426
0730683001,2020-10-13,3,3.1986682415008545
0730683001,2020-10-14,4,3.6326138973236084
0730683001,2020-10-15,3,3.2797698974609375
0730683001,2020-10-16,3,3.078070878982544
0730683001,2020-10-17,3,3.094710350036621
0730683001,2020-10-18,3,2.859895706176758
0730683001,2020-10-19,2,2.4464316368103027
0730683001,2020-10-20,3,2.548211097717285
0730683001,2020-10-21,3,2.6777095794677734
0730683001,2020-10-22,3,2.7076797485351562
0730683041,2020-09-23,2,1.8909295797348022
0730683041,2020-09-24,2,1.5433826446533203
0730683041,2020-09-25,2,1.5427899360656738
0730683041,2020-09-26,5,4.565186023712158
0730683041,2020-09-27,2,1.5523587465286255
0730683041,2020-09-28,7,6.5593061447143555
0730683041,2020-09-29,3,3.261045217514038
0730683041,2020-09-30,2,1.7027156352996826
0730683041,2020-10-01,2,2.1745715141296387
0730683041,2020-10-02,2,2.2225184440612793
0730683041,2020-10-03,3,2.6446311473846436
0730683041,2020-10-04,2,2.1270480155944824
0730683041,2020-10-05,2,1.99970281124115
0730683041,2020-10-06,2,1.9118221998214722
0730683041,2020-10-07,2,1.8745949268341064
0730683041,2020-10-08,2,1.5731925964355469
0730683041,2020-10-09,1,1.3154797554016113
0730683041,2020-10-10,1,1.4065358638763428
0730683041,2020-10-11,1,1.3472281694412231
0730683041,2020-10-12,1,1.3223778009414673
0730683041,2020-10-13,1,1.3984638452529907
0730683041,2020-10-14,2,1.664565086364746
0730683041,2020-10-15,1,1.4189554452896118
0730683041,2020-10-16,1,1.2688086032867432
0730683041,2020-10-17,1,1.126768708229065
0730683041,2020-10-18,1,1.1642931699752808
0730683041,2020-10-19,1,1.2186683416366577
0730683041,2020-10-20,1,1.4041141271591187
0730683041,2020-10-21,1,1.4748902320861816
0730683041,2020-10-22,2,1.5764989852905273
0732842001,2020-09-23,5,5.004703521728516
0732842001,2020-09-24,5,4.8055419921875
0732842001,2020-09-25,5,4.7184858322143555
0732842001,2020-09-26,8,8.07840633392334
0732842001,2020-09-27,4,4.48557710647583
0732842001,2020-09-28,10,10.239177703857422
0732842001,2020-09-29,9,9.140983581542969
0732842001,2020-09-30,7,6.764132499694824
0732842001,2020-10-01,6,6.356886386871338
0732842001,2020-10-02,6,6.166529655456543
0732842001,2020-10-03,7,6.884847164154053
0732842001,2020-10-04,5,5.410877227783203
0732842001,2020-10-05,5,5.287856101989746
0732842001,2020-10-06,6,5.5139594078063965
0732842001,2020-10-07,6,5.78462028503418
0732842001,2020-10-08,5,5.49717378616333
0732842001,2020-10-09,5,5.155006408691406
0732842001,2020-10-10,5,5.482577323913574
0732842001,2020-10-11,5,4.6889472007751465
0732842001,2020-10-12,5,4.51326847076416
0732842001,2020-10-13,5,4.691379547119141
0732842001,2020-10-14,5,5.271697998046875
0732842001,2020-10-15,5,5.155136585235596
0732842001,2020-10-16,5,4.916505813598633
0732842001,2020-10-17,5,4.828934192657471
0732842001,2020-10-18,4,4.247408866882324
0732842001,2020-10-19,4,4.216572284698486
0732842001,2020-10-20,4,4.30271577835083
0732842001,2020-10-21,5,4.510712146759033
0732842001,2020-10-22,5,4.642847061157227
0732842002,2020-09-23,5,4.953211784362793
0732842002,2020-09-24,5,4.508702278137207
0732842002,2020-09-25,4,4.189146518707275
0732842002,2020-09-26,7,7.189785957336426
0732842002,2020-09-27,4,3.6889824867248535
0732842002,2020-09-28,9,9.453754425048828
0732842002,2020-09-29,8,7.664859771728516
0732842002,2020-09-30,6,5.620880126953125
0732842002,2020-10-01,5,5.449210166931152
0732842002,2020-10-02,5,5.231666088104248
0732842002,2020-10-03,6,5.636030197143555
0732842002,2020-10-04,5,4.695580959320068
0732842002,2020-10-05,5,4.58884859085083
0732842002,2020-10-06,5,4.698957443237305
0732842002,2020-10-07,5,5.129685401916504
0732842002,2020-10-08,5,5.053603172302246
0732842002,2020-10-09,5,4.833978652954102
0732842002,2020-10-10,5,4.845414638519287
0732842002,2020-10-11,4,4.280898571014404
0732842002,2020-10-12,4,4.253194332122803
0732842002,2020-10-13,4,4.351390361785889
0732842002,2020-10-14,5,4.718016624450684
0732842002,2020-10-15,4,4.375731468200684
0732842002,2020-10-16,4,4.236620903015137
0732842002,2020-10-17,4,4.3184356689453125
0732842002,2020-10-18,4,3.7766170501708984
0732842002,2020-10-19,4,3.6026570796966553
0732842002,2020-10-20,4,3.765381097793579
0732842002,2020-10-21,4,4.050533771514893
0732842002,2020-10-22,4,4.353114604949951
0733027005,2020-09-23,2,1.87285578250885
0733027005,2020-09-24,2,1.5253088474273682
0733027005,2020-09-25,2,1.5247161388397217
0733027005,2020-09-26,5,4.547112464904785
0733027005,2020-09-27,2,1.5482028722763062
0733027005,2020-09-28,7,6.573927879333496
0733027005,2020-09-29,3,3.2564966678619385
0733027005,2020-09-30,2,1.6846420764923096
0733027005,2020-10-01,2,2.1564981937408447
0733027005,2020-10-02,2,2.2044451236724854
0733027005,2020-10-03,3,2.500427722930908
0733027005,2020-10-04,2,2.1089746952056885
0733027005,2020-10-05,2,1.9648234844207764
0733027005,2020-10-06,2,1.8510435819625854
0733027005,2020-10-07,2,1.8745949268341064
0733027005,2020-10-08,2,1.5731925964355469
0733027005,2020-10-09,1,1.3154797554016113
0733027005,2020-10-10,1,1.4065358638763428
0733027005,2020-10-11,1,1.3472281694412231
0733027005,2020-10-12,1,1.3061949014663696
0733027005,2020-10-13,1,1.3984638452529907
0733027005,2020-10-14,2,1.6421937942504883
0733027005,2020-10-15,1,1.4848198890686035
0733027005,2020-10-16,1,1.3346730470657349
0733027005,2020-10-17,1,1.126768708229065
0733027005,2020-10-18,1,1.1642931699752808
0733027005,2020-10-19,1,1.2186683416366577
0733027005,2020-10-20,1,1.4314862489700317
0733027005,2020-10-21,1,1.4748902320861816
0733027005,2020-10-22,2,1.5854783058166504
0733097001,2020-09-23,5,5.220983028411865
0733097001,2020-09-24,5,4.971958160400391
0733097001,2020-09-25,5,4.8169403076171875
0733097001,2020-09-26,8,8.073707580566406
0733097001,2020-09-27,5,4.55669641494751
0733097001,2020-09-28,11,10.743928909301758
0733097001,2020-09-29,9,9.157157897949219
0733097001,2020-09-30,7,6.7611002922058105
0733097001,2020-10-01,6,6.471301555633545
0733097001,2020-10-02,6,6.306159973144531
0733097001,2020-10-03,7,7.03048038482666
0733097001,2020-10-04,6,5.932653903961182
0733097001,2020-10-05,6,5.54517126083374
0733097001,2020-10-06,6,5.6222310066223145
0733097001,2020-10-07,6,6.090417385101318
0733097001,2020-10-08,6,5.813686370849609
0733097001,2020-10-09,5,5.366474628448486
0733097001,2020-10-10,6,5.768833637237549
0733097001,2020-10-11,5,5.056155681610107
0733097001,2020-10-12,5,4.974359512329102
0733097001,2020-10-13,5,4.856366157531738
0733097001,2020-10-14,6,5.520659923553467
0733097001,2020-10-15,5,5.375216484069824
0733097001,2020-10-16,5,5.238594055175781
0733097001,2020-10-17,5,5.396016597747803
0733097001,2020-10-18,5,4.839046478271484
0733097001,2020-10-19,5,4.528339385986328
0733097001,2020-10-20,5,4.622848987579346
0733097001,2020-10-21,5,4.997795581817627
0733097001,2020-10-22,5,5.088850021362305
0733267001,2020-09-23,2,1.8770126104354858
0733267001,2020-09-24,2,1.529465675354004
0733267001,2020-09-25,2,1.5288729667663574
0733267001,2020-09-26,5,4.551269054412842
0733267001,2020-09-27,2,1.5523587465286255
0733267001,2020-09-28,7,6.5593061447143555
0733267001,2020-09-29,3,3.2745702266693115
0733267001,2020-09-30,2,1.7502367496490479
0733267001,2020-10-01,2,2.222093105316162
0733267001,2020-10-02,2,2.2225184440612793
0733267001,2020-10-03,3,2.6446311473846436
0733267001,2020-10-04,2,2.1270480155944824
0733267001,2020-10-05,2,1.99970281124115
0733267001,2020-10-06,2,1.9118221998214722
0733267001,2020-10-07,2,1.8745949268341064
0733267001,2020-10-08,2,1.69978666305542
0733267001,2020-10-09,1,1.3154797554016113
0733267001,2020-10-10,1,1.4065358638763428
0733267001,2020-10-11,1,1.3472281694412231
0733267001,2020-10-12,1,1.3223778009414673
0733267001,2020-10-13,1,1.4223884344100952
0733267001,2020-10-14,2,1.664565086364746
0733267001,2020-10-15,1,1.4413264989852905
0733267001,2020-10-16,1,1.2688086032867432
0733267001,2020-10-17,1,1.126768708229065
0733267001,2020-10-18,1,1.1642931699752808
0733267001,2020-10-19,1,1.2186683416366577
0733267001,2020-10-20,1,1.4041141271591187
0733267001,2020-10-21,1,1.4748902320861816
0733267001,2020-10-22,2,1.5764989852905273
0733749001,2020-09-23,2,1.8548282384872437
0733749001,2020-09-24,2,1.5072808265686035
0733749001,2020-09-25,2,1.5363433361053467
0733749001,2020-09-26,5,4.5624189376831055
0733749001,2020-09-27,2,1.6084020137786865
0733749001,2020-09-28,6,6.463901519775391
0733749001,2020-09-29,3,3.233454942703247
0733749001,2020-09-30,2,1.8098998069763184
0733749001,2020-10-01,2,2.215676784515381
0733749001,2020-10-02,2,2.2072696685791016
0733749001,2020-10-03,3,2.6455657482147217
0733749001,2020-10-04,2,2.0859193801879883
0733749001,2020-10-05,2,1.9844545125961304
0733749001,2020-10-06,2,1.8692017793655396
0733749001,2020-10-07,2,1.8593462705612183
0733749001,2020-10-08,2,1.5579441785812378
0733749001,2020-10-09,1,1.3002315759658813
0733749001,2020-10-10,1,1.3912874460220337
0733749001,2020-10-11,1,1.3060998916625977
0733749001,2020-10-12,1,1.2909467220306396
0733749001,2020-10-13,1,1.3558435440063477
0733749001,2020-10-14,2,1.6269456148147583
0733749001,2020-10-15,1,1.2287050485610962
0733749001,2020-10-16,1,1.1031208038330078
0733749001,2020-10-17,1,1.1510711908340454
0733749001,2020-10-18,1,1.090766191482544
0733749001,2020-10-19,1,1.1327710151672363
0733749001,2020-10-20,1,1.3182170391082764
0733749001,2020-10-21,1,1.3747212886810303
0733749001,2020-10-22,1,1.4676204919815063
0733803001,2020-09-23,30,30.080358505249023
0733803001,2020-09-24,31,31.408157348632812
0733803001,2020-09-25,38,38.182708740234375
0733803001,2020-09-26,75,74.7199478149414
0733803001,2020-09-27,65,64.7230224609375
0733803001,2020-09-28,93,93.232666015625
0733803001,2020-09-29,97,96.54291534423828
0733803001,2020-09-30,103,103.37196350097656
0733803001,2020-10-01,97,97.27272033691406
0733803001,2020-10-02,94,94.39872741699219
0733803001,2020-10-03,94,93.78590393066406
0733803001,2020-10-04,86,86.17105102539062
0733803001,2020-10-05,82,82.35306549072266
0733803001,2020-10-06,79,78.86360931396484
0733803001,2020-10-07,83,82.50628662109375
0733803001,2020-10-08,79,78.58968353271484
0733803001,2020-10-09,76,76.10305786132812
0733803001,2020-10-10,70,70.19161987304688
0733803001,2020-10-11,99,99.27892303466797
0733803001,2020-10-12,77,76.87168884277344
0733803001,2020-10-13,72,72.0207748413086
0733803001,2020-10-14,77,77.45066833496094
0733803001,2020-10-15,76,75.53108978271484
0733803001,2020-10-16,72,71.87609100341797
0733803001,2020-10-17,73,73.23822784423828
0733803001,2020-10-18,75,75.03971862792969
0733803001,2020-10-19,66,65.54051971435547
0733803001,2020-10-20,64,64.33928680419922
0733803001,2020-10-21,67,66.61308288574219
0733803001,2020-10-22,67,67.16853332519531
0736530007,2020-09-23,2,1.9732462167739868
0736530007,2020-09-24,2,1.5610064268112183
0736530007,2020-09-25,2,1.5141390562057495
0736530007,2020-09-26,5,4.574259281158447
0736530007,2020-09-27,2,1.5484169721603394
0736530007,2020-09-28,7,6.518064022064209
0736530007,2020-09-29,3,3.164921998977661
0736530007,2020-09-30,2,1.7297395467758179
0736530007,2020-10-01,2,2.157366991043091
0736530007,2020-10-02,2,2.1661720275878906
0736530007,2020-10-03,2,2.4383199214935303
0736530007,2020-10-04,2,2.0091772079467773
0736530007,2020-10-05,2,1.933066725730896
0736530007,2020-10-06,2,1.8121393918991089
0736530007,2020-10-07,2,1.8342825174331665
0736530007,2020-10-08,1,1.4684585332870483
0736530007,2020-10-09,1,1.167655110359192
0736530007,2020-10-10,1,1.3381701707839966
0736530007,2020-10-11,1,1.2462224960327148
0736530007,2020-10-12,1,1.263210654258728
0736530007,2020-10-13,1,1.3027530908584595
0736530007,2020-10-14,2,1.5815094709396362
0736530007,2020-10-15,1,1.2287050485610962
0736530007,2020-10-16,1,1.1031208038330078
0736530007,2020-10-17,1,1.1510711908340454
0736530007,2020-10-18,1,1.090766191482544
0736530007,2020-10-19,1,1.1327710151672363
0736530007,2020-10-20,1,1.3182170391082764
0736530007,2020-10-21,1,1.3747212886810303
0736530007,2020-10-22,1,1.4676204919815063
0736531006,2020-09-23,2,1.8836747407913208
0736531006,2020-09-24,2,1.5361278057098389
0736531006,2020-09-25,2,1.544816255569458
0736531006,2020-09-26,5,4.615815162658691
0736531006,2020-09-27,2,1.6185002326965332
0736531006,2020-09-28,7,6.5956244468688965
0736531006,2020-09-29,3,3.2304465770721436
0736531006,2020-09-30,2,1.7906599044799805
0736531006,2020-10-01,2,2.266329288482666
0736531006,2020-10-02,2,2.266754627227783
0736531006,2020-10-03,3,2.7150118350982666
0736531006,2020-10-04,2,2.1974291801452637
0736531006,2020-10-05,2,2.0901176929473877
0736531006,2020-10-06,2,2.1613314151763916
0736531006,2020-10-07,2,2.2889013290405273
0736531006,2020-10-08,2,1.9726591110229492
0736531006,2020-10-09,2,1.5725178718566895
0736531006,2020-10-10,2,1.6511502265930176
0736531006,2020-10-11,1,1.4176090955734253
0736531006,2020-10-12,1,1.387342929840088
0736531006,2020-10-13,2,1.526537537574768
0736531006,2020-10-14,2,1.7598755359649658
0736531006,2020-10-15,1,1.4070708751678467
0736531006,2020-10-16,1,1.2160536050796509
0736531006,2020-10-17,1,1.2463171482086182
0736531006,2020-10-18,1,1.1754506826400757
0736531006,2020-10-19,1,1.1812238693237305
0736531006,2020-10-20,1,1.3666696548461914
0736531006,2020-10-21,1,1.4289896488189697
0736531006,2020-10-22,2,1.5305984020233154
0736573002,2020-09-23,2,1.87285578250885
0736573002,2020-09-24,2,1.5253088474273682
0736573002,2020-09-25,2,1.5247161388397217
0736573002,2020-09-26,5,4.547112464904785
0736573002,2020-09-27,2,1.5482028722763062
0736573002,2020-09-28,7,6.573927879333496
0736573002,2020-09-29,3,3.2564966678619385
0736573002,2020-09-30,2,1.6846420764923096
0736573002,2020-10-01,2,2.1564981937408447
0736573002,2020-10-02,2,2.2044451236724854
0736573002,2020-10-03,3,2.500427722930908
0736573002,2020-10-04,2,2.1089746952056885
0736573002,2020-10-05,2,1.9816303253173828
0736573002,2020-10-06,2,1.867850422859192
0736573002,2020-10-07,2,1.8565211296081543
0736573002,2020-10-08,2,1.5383119583129883
0736573002,2020-10-09,1,1.2805991172790527
0736573002,2020-10-10,1,1.4065358638763428
0736573002,2020-10-11,1,1.3310452699661255
0736573002,2020-10-12,1,1.3061949014663696
0736573002,2020-10-13,1,1.3984638452529907
0736573002,2020-10-14,2,1.6421937942504883
0736573002,2020-10-15,1,1.4848198890686035
0736573002,2020-10-16,1,1.3346730470657349
0736573002,2020-10-17,1,1.126768708229065
0736573002,2020-10-18,1,1.1642931699752808
0736573002,2020-10-19,1,1.2186683416366577
0736573002,2020-10-20,1,1.4314862489700317
0736573002,2020-10-21,1,1.4748902320861816
0736573002,2020-10-22,2,1.5854783058166504
0736681001,2020-09-23,2,1.863301157951355
0736681001,2020-09-24,1,1.4969754219055176
0736681001,2020-09-25,2,1.5260381698608398
0736681001,2020-09-26,5,4.597036838531494
0736681001,2020-09-27,2,1.5842089653015137
0736681001,2020-09-28,7,6.54255485534668
0736681001,2020-09-29,3,3.2304465770721436
0736681001,2020-09-30,2,1.7334849834442139
0736681001,2020-10-01,2,2.266329288482666
0736681001,2020-10-02,2,2.266754627227783
0736681001,2020-10-03,3,2.7311952114105225
0736681001,2020-10-04,2,2.1974291801452637
0736681001,2020-10-05,2,2.043938398361206
0736681001,2020-10-06,2,2.1613314151763916
0736681001,2020-10-07,2,2.2889013290405273
0736681001,2020-10-08,2,1.9726591110229492
0736681001,2020-10-09,2,1.5725178718566895
0736681001,2020-10-10,2,1.6511502265930176
0736681001,2020-10-11,1,1.4176090955734253
0736681001,2020-10-12,1,1.387342929840088
0736681001,2020-10-13,1,1.4790159463882446
0736681001,2020-10-14,2,1.7772486209869385
0736681001,2020-10-15,1,1.4244441986083984
0736681001,2020-10-16,1,1.2334269285202026
0736681001,2020-10-17,1,1.26369047164917
0736681001,2020-10-18,1,1.1928240060806274
0736681001,2020-10-19,1,1.1985969543457031
0736681001,2020-10-20,1,1.3840429782867432
0736681001,2020-10-21,1,1.437462329864502
0736681001,2020-10-22,2,1.5390713214874268
0736870001,2020-09-23,19,19.2442626953125
0736870001,2020-09-24,22,22.498369216918945
0736870001,2020-09-25,23,22.679418563842773
0736870001,2020-09-26,34,34.277854919433594
0736870001,2020-09-27,31,30.942920684814453
0736870001,2020-09-28,34,34.01299285888672
0736870001,2020-09-29,29,28.71953582763672
0736870001,2020-09-30,28,27.76163673400879
0736870001,2020-10-01,27,26.785411834716797
0736870001,2020-10-02,26,26.099376678466797
0736870001,2020-10-03,33,32.71128463745117
0736870001,2020-10-04,24,24.175495147705078
0736870001,2020-10-05,24,24.142696380615234
0736870001,2020-10-06,24,24.315288543701172
0736870001,2020-10-07,26,26.185977935791016
0736870001,2020-10-08,25,25.224966049194336
0736870001,2020-10-09,24,23.628978729248047
0736870001,2020-10-10,27,26.802753448486328
0736870001,2020-10-11,24,23.800945281982422
0736870001,2020-10-12,24,24.257890701293945
0736870001,2020-10-13,24,23.515350341796875
0736870001,2020-10-14,25,24.63161277770996
0736870001,2020-10-15,25,24.750864028930664
0736870001,2020-10-16,25,24.604990005493164
0736870001,2020-10-17,27,27.35800552368164
0736870001,2020-10-18,23,22.979942321777344
0736870001,2020-10-19,23,23.492597579956055
0736870001,2020-10-20,23,23.08515167236328
0736870001,2020-10-21,24,23.874982833862305
0736870001,2020-10-22,27,27.18635368347168
0739144003,2020-09-23,2,2.013245105743408
0739144003,2020-09-24,2,1.8802927732467651
0739144003,2020-09-25,2,1.6651060581207275
0739144003,2020-09-26,5,4.687503814697266
0739144003,2020-09-27,2,1.7712265253067017
0739144003,2020-09-28,7,6.853091239929199
0739144003,2020-09-29,3,3.4272782802581787
0739144003,2020-09-30,2,1.982783555984497
0739144003,2020-10-01,2,2.455106735229492
0739144003,2020-10-02,2,2.423710346221924
0739144003,2020-10-03,3,2.8081557750701904
0739144003,2020-10-04,2,2.2724180221557617
0739144003,2020-10-05,2,2.27825927734375
0739144003,2020-10-06,2,2.306652307510376
0739144003,2020-10-07,2,2.359520196914673
0739144003,2020-10-08,2,2.043276786804199
0739144003,2020-10-09,2,1.7855654954910278
0739144003,2020-10-10,2,1.707364559173584
0739144003,2020-10-11,1,1.4996782541275024
0739144003,2020-10-12,1,1.40753173828125
0739144003,2020-10-13,2,1.5300477743148804
0739144003,2020-10-14,2,1.7909276485443115
0739144003,2020-10-15,2,1.6107358932495117
0739144003,2020-10-16,1,1.460589051246643
0739144003,2020-10-17,1,1.2287603616714478
0739144003,2020-10-18,1,1.2070389986038208
0739144003,2020-10-19,1,1.2390426397323608
0739144003,2020-10-20,1,1.4518603086471558
0739144003,2020-10-21,1,1.4952642917633057
0739144003,2020-10-22,2,1.5968732833862305
0739144004,2020-09-23,3,2.6360270977020264
0739144004,2020-09-24,2,2.4961788654327393
0739144004,2020-09-25,2,2.3904895782470703
0739144004,2020-09-26,6,5.542901992797852
0739144004,2020-09-27,2,2.437835693359375
0739144004,2020-09-28,8,7.851621150970459
0739144004,2020-09-29,4,4.088830471038818
0739144004,2020-09-30,3,3.139894962310791
0739144004,2020-10-01,3,3.426178216934204
0739144004,2020-10-02,3,3.379702568054199
0739144004,2020-10-03,4,3.80043625831604
0739144004,2020-10-04,3,3.255194664001465
0739144004,2020-10-05,3,3.1255483627319336
0739144004,2020-10-06,3,3.0269722938537598
0739144004,2020-10-07,3,3.3066272735595703
0739144004,2020-10-08,3,2.984915256500244
0739144004,2020-10-09,2,2.4646084308624268
0739144004,2020-10-10,3,2.6403307914733887
0739144004,2020-10-11,2,2.43949294090271
0739144004,2020-10-12,2,2.3288559913635254
0739144004,2020-10-13,2,2.3923940658569336
0739144004,2020-10-14,3,2.7110211849212646
0739144004,2020-10-15,2,2.356426239013672
0739144004,2020-10-16,2,2.0689194202423096
0739144004,2020-10-17,2,2.1440091133117676
0739144004,2020-10-18,2,2.037199020385742
0739144004,2020-10-19,2,1.8807989358901978
0739144004,2020-10-20,2,1.8217417001724243
0739144004,2020-10-21,2,1.872918725013733
0739144004,2020-10-22,2,1.8595961332321167
0739144007,2020-09-23,2,1.8836747407913208
0739144007,2020-09-24,2,1.5157535076141357
0739144007,2020-09-25,2,1.544816255569458
0739144007,2020-09-26,5,4.615815162658691
0739144007,2020-09-27,2,1.5981268882751465
0739144007,2020-09-28,7,6.575250148773193
0739144007,2020-09-29,3,3.2304465770721436
0739144007,2020-09-30,2,1.6859638690948486
0739144007,2020-10-01,2,2.2188076972961426
0739144007,2020-10-02,2,2.266754627227783
0739144007,2020-10-03,3,2.7150118350982666
0739144007,2020-10-04,2,2.1974291801452637
0739144007,2020-10-05,2,2.043938398361206
0739144007,2020-10-06,2,2.1613314151763916
0739144007,2020-10-07,2,2.2889013290405273
0739144007,2020-10-08,2,1.9726591110229492
0739144007,2020-10-09,2,1.5725178718566895
0739144007,2020-10-10,2,1.6511502265930176
0739144007,2020-10-11,1,1.4176090955734253
0739144007,2020-10-12,1,1.387342929840088
0739144007,2020-10-13,1,1.4790159463882446
0739144007,2020-10-14,2,1.7772486209869385
0739144007,2020-10-15,1,1.4244441986083984
0739144007,2020-10-16,1,1.2334269285202026
0739144007,2020-10-17,1,1.26369047164917
0739144007,2020-10-18,1,1.1928240060806274
0739144007,2020-10-19,1,1.1985969543457031
0739144007,2020-10-20,1,1.3840429782867432
0739144007,2020-10-21,1,1.437462329864502
0739144007,2020-10-22,2,1.5390713214874268
0739590002,2020-09-23,2,1.830605387687683
0739590002,2020-09-24,1,1.4830584526062012
0739590002,2020-09-25,2,1.5290660858154297
0739590002,2020-09-26,5,4.583119869232178
0739590002,2020-09-27,2,1.606581211090088
0739590002,2020-09-28,7,6.5649261474609375
0739590002,2020-09-29,3,3.2304465770721436
0739590002,2020-09-30,2,1.7334849834442139
0739590002,2020-10-01,2,2.266329288482666
0739590002,2020-10-02,2,2.282937526702881
0739590002,2020-10-03,3,2.7311952114105225
0739590002,2020-10-04,2,2.1974291801452637
0739590002,2020-10-05,2,2.0901176929473877
0739590002,2020-10-06,2,2.1613314151763916
0739590002,2020-10-07,2,2.2889013290405273
0739590002,2020-10-08,2,1.9985558986663818
0739590002,2020-10-09,2,1.5725178718566895
0739590002,2020-10-10,2,1.7777454853057861
0739590002,2020-10-11,2,1.5260089635849
0739590002,2020-10-12,1,1.4077174663543701
0739590002,2020-10-13,2,1.546911597251892
0739590002,2020-10-14,2,1.8204402923583984
0739590002,2020-10-15,1,1.4448182582855225
0739590002,2020-10-16,1,1.2707468271255493
0739590002,2020-10-17,1,1.26369047164917
0739590002,2020-10-18,1,1.2131983041763306
0739590002,2020-10-19,1,1.1985969543457031
0739590002,2020-10-20,1,1.3840429782867432
0739590002,2020-10-21,1,1.457836627960205
0739590002,2020-10-22,2,1.5390713214874268
0739590032,2020-09-23,3,3.178638458251953
0739590032,2020-09-24,3,2.828296184539795
0739590032,2020-09-25,3,2.6701385974884033
0739590032,2020-09-26,6,5.668395519256592
0739590032,2020-09-27,2,2.3973262310028076
0739590032,2020-09-28,8,8.155841827392578
0739590032,2020-09-29,5,5.010371208190918
0739590032,2020-09-30,4,3.5450634956359863
0739590032,2020-10-01,4,3.802988052368164
0739590032,2020-10-02,4,3.6820919513702393
0739590032,2020-10-03,4,4.018868446350098
0739590032,2020-10-04,4,3.5711557865142822
0739590032,2020-10-05,3,3.258661985397339
0739590032,2020-10-06,3,3.280278205871582
0739590032,2020-10-07,3,3.4946019649505615
0739590032,2020-10-08,3,3.181722402572632
0739590032,2020-10-09,3,2.910958766937256
0739590032,2020-10-10,3,2.9239394664764404
0739590032,2020-10-11,3,2.7090048789978027
0739590032,2020-10-12,2,2.4352777004241943
0739590032,2020-10-13,2,2.495293617248535
0739590032,2020-10-14,3,2.836209297180176
0739590032,2020-10-15,3,2.663994073867798
0739590032,2020-10-16,2,2.388552665710449
0739590032,2020-10-17,2,2.246347188949585
0739590032,2020-10-18,2,2.1273481845855713
0739590032,2020-10-19,2,2.0455970764160156
0739590032,2020-10-20,2,2.2192325592041016
0739590032,2020-10-21,2,2.254397392272949
0739590032,2020-10-22,2,2.3242478370666504
0740519002,2020-09-23,24,24.433500289916992
0740519002,2020-09-24,27,27.051956176757812
0740519002,2020-09-25,30,29.615177154541016
0740519002,2020-09-26,49,49.00163269042969
0740519002,2020-09-27,47,46.858787536621094
0740519002,2020-09-28,62,62.4532356262207
0740519002,2020-09-29,49,48.63067626953125
0740519002,2020-09-30,43,43.27458953857422
0740519002,2020-10-01,40,40.34044647216797
0740519002,2020-10-02,39,38.94086456298828
0740519002,2020-10-03,45,44.976966857910156
0740519002,2020-10-04,39,39.27949905395508
0740519002,2020-10-05,37,36.8747444152832
0740519002,2020-10-06,35,35.027488708496094
0740519002,2020-10-07,35,35.18022918701172
0740519002,2020-10-08,33,32.790855407714844
0740519002,2020-10-09,32,31.765560150146484
0740519002,2020-10-10,36,35.83952713012695
0740519002,2020-10-11,34,33.83348846435547
0740519002,2020-10-12,30,30.11366081237793
0740519002,2020-10-13,31,30.540647506713867
0740519002,2020-10-14,34,33.588623046875
0740519002,2020-10-15,32,32.421993255615234
0740519002,2020-10-16,32,32.16838836669922
0740519002,2020-10-17,36,36.29967498779297
0740519002,2020-10-18,31,30.723257064819336
0740519002,2020-10-19,31,31.414121627807617
0740519002,2020-10-20,31,31.128204345703125
0740519002,2020-10-21,32,32.32783126831055
0740519002,2020-10-22,38,37.59743881225586
0741356002,2020-09-23,3,3.3569610118865967
0741356002,2020-09-24,3,2.975773334503174
0741356002,2020-09-25,3,2.592468738555908
0741356002,2020-09-26,6,5.720792770385742
0741356002,2020-09-27,2,2.327861785888672
0741356002,2020-09-28,8,8.083462715148926
0741356002,2020-09-29,5,5.10589599609375
0741356002,2020-09-30,4,3.5752077102661133
0741356002,2020-10-01,4,3.7647266387939453
0741356002,2020-10-02,4,3.576357841491699
0741356002,2020-10-03,4,3.9572670459747314
0741356002,2020-10-04,3,3.2692580223083496
0741356002,2020-10-05,3,3.2941107749938965
0741356002,2020-10-06,3,3.225421667098999
0741356002,2020-10-07,3,3.407451629638672
0741356002,2020-10-08,3,3.106821298599243
0741356002,2020-10-09,3,2.7872097492218018
0741356002,2020-10-10,3,2.883479595184326
0741356002,2020-10-11,3,2.5073792934417725
0741356002,2020-10-12,2,2.4060935974121094
0741356002,2020-10-13,2,2.413935899734497
0741356002,2020-10-14,3,2.8178093433380127
0741356002,2020-10-15,2,2.2979400157928467
0741356002,2020-10-16,2,2.1854054927825928
0741356002,2020-10-17,2,2.187796115875244
0741356002,2020-10-18,2,1.9959478378295898
0741356002,2020-10-19,2,1.7482376098632812
0741356002,2020-10-20,2,1.8346264362335205
0741356002,2020-10-21,2,1.872918725013733
0741356002,2020-10-22,2,1.8595961332321167
0742916002,2020-09-23,2,1.8589388132095337
0742916002,2020-09-24,2,1.5113918781280518
0742916002,2020-09-25,2,1.5107991695404053
0742916002,2020-09-26,5,4.533195495605469
0742916002,2020-09-27,2,1.5342849493026733
0742916002,2020-09-28,7,6.541232585906982
0742916002,2020-09-29,3,3.2564966678619385
0742916002,2020-09-30,2,1.6846420764923096
0742916002,2020-10-01,2,2.1461660861968994
0742916002,2020-10-02,2,2.19411301612854
0742916002,2020-10-03,2,2.490096092224121
0742916002,2020-10-04,2,2.098642587661743
0742916002,2020-10-05,2,1.9372535943984985
0742916002,2020-10-06,2,1.8575185537338257
0742916002,2020-10-07,2,1.8461893796920776
0742916002,2020-10-08,2,1.544787049293518
0742916002,2020-10-09,1,1.1990472078323364
0742916002,2020-10-10,1,1.3340801000595093
0742916002,2020-10-11,1,1.2798223495483398
0742916002,2020-10-12,1,1.226798415184021
0742916002,2020-10-13,1,1.370058298110962
0742916002,2020-10-14,2,1.6137882471084595
0742916002,2020-10-15,1,1.4564143419265747
0742916002,2020-10-16,1,1.306267499923706
0742916002,2020-10-17,1,1.0983631610870361
0742916002,2020-10-18,1,1.135887622833252
0742916002,2020-10-19,1,1.1562176942825317
0742916002,2020-10-20,1,1.403080701828003
0742916002,2020-10-21,1,1.4568164348602295
0742916002,2020-10-22,2,1.5674045085906982
0742924002,2020-09-23,2,1.87285578250885
0742924002,2020-09-24,2,1.5253088474273682
0742924002,2020-09-25,2,1.5247161388397217
0742924002,2020-09-26,5,4.547112464904785
0742924002,2020-09-27,2,1.5482028722763062
0742924002,2020-09-28,7,6.618251800537109
0742924002,2020-09-29,3,3.2564966678619385
0742924002,2020-09-30,2,1.732163667678833
0742924002,2020-10-01,2,2.193687677383423
0742924002,2020-10-02,2,2.19411301612854
0742924002,2020-10-03,3,2.63240909576416
0742924002,2020-10-04,2,2.098642587661743
0742924002,2020-10-05,2,1.9372535943984985
0742924002,2020-10-06,2,1.8834165334701538
0742924002,2020-10-07,2,1.8461893796920776
0742924002,2020-10-08,2,1.544787049293518
0742924002,2020-10-09,1,1.2870742082595825
0742924002,2020-10-10,1,1.378130316734314
0742924002,2020-10-11,1,1.2960050106048584
0742924002,2020-10-12,1,1.2437442541122437
0742924002,2020-10-13,1,1.370058298110962
0742924002,2020-10-14,2,1.6137882471084595
0742924002,2020-10-15,1,1.4564143419265747
0742924002,2020-10-16,1,1.306267499923706
0742924002,2020-10-17,1,1.0983631610870361
0742924002,2020-10-18,1,1.135887622833252
0742924002,2020-10-19,1,1.1562176942825317
0742924002,2020-10-20,1,1.403080701828003
0742924002,2020-10-21,1,1.4568164348602295
0742924002,2020-10-22,2,1.5674045085906982
0742933003,2020-09-23,2,2.0819015502929688
0742933003,2020-09-24,2,1.7195154428482056
0742933003,2020-09-25,2,1.512157678604126
0742933003,2020-09-26,5,4.557011127471924
0742933003,2020-09-27,2,1.5581004619598389
0742933003,2020-09-28,7,6.627683639526367
0742933003,2020-09-29,3,3.383615493774414
0742933003,2020-09-30,2,1.7930887937545776
0742933003,2020-10-01,2,2.3371529579162598
0742933003,2020-10-02,2,2.266754627227783
0742933003,2020-10-03,3,2.7311952114105225
0742933003,2020-10-04,2,2.1974291801452637
0742933003,2020-10-05,2,2.1341679096221924
0742933003,2020-10-06,2,2.1613314151763916
0742933003,2020-10-07,2,2.3778581619262695
0742933003,2020-10-08,2,2.087512969970703
0742933003,2020-10-09,2,1.8039031028747559
0742933003,2020-10-10,2,1.7777454853057861
0742933003,2020-10-11,2,1.5700591802597046
0742933003,2020-10-12,1,1.4517674446105957
0742933003,2020-10-13,2,1.546911597251892
0742933003,2020-10-14,2,1.8204402923583984
0742933003,2020-10-15,1,1.4676358699798584
0742933003,2020-10-16,1,1.2946714162826538
0742933003,2020-10-17,1,1.3263649940490723
0742933003,2020-10-18,1,1.2355698347091675
0742933003,2020-10-19,1,1.2189712524414062
0742933003,2020-10-20,1,1.4044170379638672
0742933003,2020-10-21,1,1.457836627960205
0742933003,2020-10-22,2,1.5594453811645508
0743098001,2020-09-23,6,5.693227291107178
0743098001,2020-09-24,6,5.7367730140686035
0743098001,2020-09-25,6,5.678364276885986
0743098001,2020-09-26,9,8.815537452697754
0743098001,2020-09-27,5,4.960679531097412
0743098001,2020-09-28,11,10.829540252685547
0743098001,2020-09-29,10,9.699507713317871
0743098001,2020-09-30,7,7.076236724853516
0743098001,2020-10-01,7,7.1290669441223145
0743098001,2020-10-02,7,7.000362396240234
0743098001,2020-10-03,8,7.511684894561768
0743098001,2020-10-04,6,5.981659889221191
0743098001,2020-10-05,6,5.650741100311279
0743098001,2020-10-06,6,5.711467266082764
0743098001,2020-10-07,6,6.203281879425049
0743098001,2020-10-08,6,6.057581424713135
0743098001,2020-10-09,6,6.001415252685547
0743098001,2020-10-10,6,6.306640148162842
0743098001,2020-10-11,5,4.945794105529785
0743098001,2020-10-12,5,4.6667280197143555
0743098001,2020-10-13,5,4.870345592498779
0743098001,2020-10-14,6,5.589432239532471
0743098001,2020-10-15,5,5.326766014099121
0743098001,2020-10-16,5,5.164391994476318
0743098001,2020-10-17,5,5.295459747314453
0743098001,2020-10-18,5,4.572446346282959
0743098001,2020-10-19,4,4.407736778259277
0743098001,2020-10-20,5,4.600247859954834
0743098001,2020-10-21,5,4.9300761222839355
0743098001,2020-10-22,5,5.00883150100708
0744786001,2020-09-23,2,1.9265655279159546
0744786001,2020-09-24,2,1.5790188312530518
0744786001,2020-09-25,2,1.639765977859497
0744786001,2020-09-26,5,4.610635757446289
0744786001,2020-09-27,2,1.6307742595672607
0744786001,2020-09-28,7,6.663119316101074
0744786001,2020-09-29,3,3.395632743835449
0744786001,2020-09-30,2,1.8670743703842163
0744786001,2020-10-01,2,2.315300941467285
0744786001,2020-10-02,2,2.358415126800537
0744786001,2020-10-03,3,2.65439772605896
0744786001,2020-10-04,2,2.0947513580322266
0744786001,2020-10-05,2,2.0835154056549072
0744786001,2020-10-06,2,2.1106789112091064
0744786001,2020-10-07,2,2.238248825073242
0744786001,2020-10-08,2,2.01096248626709
0744786001,2020-10-09,2,1.7847365140914917
0744786001,2020-10-10,2,1.5947273969650269
0744786001,2020-10-11,1,1.3353064060211182
0744786001,2020-10-12,1,1.3570653200149536
0744786001,2020-10-13,1,1.4962596893310547
0744786001,2020-10-14,2,1.7616938352584839
0744786001,2020-10-15,1,1.4088894128799438
0744786001,2020-10-16,1,1.217872142791748
0744786001,2020-10-17,1,1.223258376121521
0744786001,2020-10-18,1,1.1523919105529785
0744786001,2020-10-19,1,1.1843098402023315
0744786001,2020-10-20,1,1.3493815660476685
0744786001,2020-10-21,1,1.4405317306518555
0744786001,2020-10-22,2,1.5217664241790771
0747939002,2020-09-23,2,1.830605387687683
0747939002,2020-09-24,1,1.4830584526062012
0747939002,2020-09-25,2,1.5290660858154297
0747939002,2020-09-26,5,4.583119869232178
0747939002,2020-09-27,2,1.6861529350280762
0747939002,2020-09-28,7,6.54255485534668
0747939002,2020-09-29,3,3.2304465770721436
0747939002,2020-09-30,2,1.7334849834442139
0747939002,2020-10-01,2,2.266329288482666
0747939002,2020-10-02,2,2.282937526702881
0747939002,2020-10-03,3,2.7311952114105225
0747939002,2020-10-04,2,2.1974291801452637
0747939002,2020-10-05,2,2.043938398361206
0747939002,2020-10-06,2,2.1613314151763916
0747939002,2020-10-07,2,2.2889013290405273
0747939002,2020-10-08,2,1.9726591110229492
0747939002,2020-10-09,2,1.5725178718566895
0747939002,2020-10-10,2,1.6511502265930176
0747939002,2020-10-11,1,1.4176090955734253
0747939002,2020-10-12,1,1.4077174663543701
0747939002,2020-10-13,1,1.4993902444839478
0747939002,2020-10-14,2,1.7976229190826416
0747939002,2020-10-15,1,1.4448182582855225
0747939002,2020-10-16,1,1.2538009881973267
0747939002,2020-10-17,1,1.284064769744873
0747939002,2020-10-18,1,1.2131983041763306
0747939002,2020-10-19,1,1.1985969543457031
0747939002,2020-10-20,1,1.3840429782867432
0747939002,2020-10-21,1,1.437462329864502
0747939002,2020-10-22,2,1.5390713214874268
0748269003,2020-09-23,2,1.8360496759414673
0748269003,2020-09-24,1,1.4885027408599854
0748269003,2020-09-25,2,1.5175652503967285
0748269003,2020-09-26,5,4.5624189376831055
0748269003,2020-09-27,2,1.6084020137786865
0748269003,2020-09-28,6,6.449983596801758
0748269003,2020-09-29,3,3.2469799518585205
0748269003,2020-09-30,2,1.762378454208374
0748269003,2020-10-01,2,2.1681551933288574
0748269003,2020-10-02,2,2.216102123260498
0748269003,2020-10-03,3,2.638214349746704
0748269003,2020-10-04,2,2.0947513580322266
0748269003,2020-10-05,2,1.9932868480682373
0748269003,2020-10-06,2,1.8780337572097778
0748269003,2020-10-07,2,1.8681784868240356
0748269003,2020-10-08,2,1.5667763948440552
0748269003,2020-10-09,1,1.3090635538101196
0748269003,2020-10-10,1,1.400119662284851
0748269003,2020-10-11,1,1.314932107925415
0748269003,2020-10-12,1,1.299778699874878
0748269003,2020-10-13,1,1.364675521850586
0748269003,2020-10-14,2,1.6269456148147583
0748269003,2020-10-15,1,1.2741411924362183
0748269003,2020-10-16,1,1.1239943504333496
0748269003,2020-10-17,1,1.18051278591156
0748269003,2020-10-18,1,1.1320176124572754
0748269003,2020-10-19,1,1.1639355421066284
0748269003,2020-10-20,1,1.3493815660476685
0748269003,2020-10-21,1,1.4201574325561523
0748269003,2020-10-22,2,1.5217664241790771
0748355002,2020-09-23,12,11.852005958557129
0748355002,2020-09-24,12,12.259902000427246
0748355002,2020-09-25,13,13.34105110168457
0748355002,2020-09-26,17,17.16083335876465
0748355002,2020-09-27,14,13.562482833862305
0748355002,2020-09-28,21,20.67274284362793
0748355002,2020-09-29,19,18.616731643676758
0748355002,2020-09-30,18,17.998252868652344
0748355002,2020-10-01,16,16.369678497314453
0748355002,2020-10-02,15,15.432962417602539
0748355002,2020-10-03,17,17.108680725097656
0748355002,2020-10-04,14,14.489548683166504
0748355002,2020-10-05,14,14.358360290527344
0748355002,2020-10-06,14,14.3980073928833
0748355002,2020-10-07,15,15.426267623901367
0748355002,2020-10-08,15,14.601324081420898
0748355002,2020-10-09,14,13.897287368774414
0748355002,2020-10-10,14,14.211341857910156
0748355002,2020-10-11,13,12.693583488464355
0748355002,2020-10-12,13,12.828429222106934
0748355002,2020-10-13,13,12.507576942443848
0748355002,2020-10-14,14,14.16540813446045
0748355002,2020-10-15,14,13.511103630065918
0748355002,2020-10-16,13,12.910012245178223
0748355002,2020-10-17,13,13.080410957336426
0748355002,2020-10-18,11,11.225081443786621
0748355002,2020-10-19,11,10.996232032775879
0748355002,2020-10-20,11,11.277771949768066
0748355002,2020-10-21,13,12.539887428283691
0748355002,2020-10-22,13,13.333118438720703
0748355003,2020-09-23,33,32.91689682006836
0748355003,2020-09-24,34,33.743106842041016
0748355003,2020-09-25,36,35.8364372253418
0748355003,2020-09-26,76,76.07765197753906
0748355003,2020-09-27,55,55.02631378173828
0748355003,2020-09-28,94,94.499267578125
0748355003,2020-09-29,62,62.45082473754883
0748355003,2020-09-30,60,59.71039962768555
0748355003,2020-10-01,62,61.91731643676758
0748355003,2020-10-02,54,54.0614128112793
0748355003,2020-10-03,63,63.05732727050781
0748355003,2020-10-04,48,48.4854736328125
0748355003,2020-10-05,51,50.949562072753906
0748355003,2020-10-06,48,48.13713073730469
0748355003,2020-10-07,50,49.78750228881836
0748355003,2020-10-08,44,43.914649963378906
0748355003,2020-10-09,38,38.12546157836914
0748355003,2020-10-10,44,43.70400619506836
0748355003,2020-10-11,46,45.95674514770508
0748355003,2020-10-12,43,43.481014251708984
0748355003,2020-10-13,43,42.51959228515625
0748355003,2020-10-14,46,46.458248138427734
0748355003,2020-10-15,46,46.41133499145508
0748355003,2020-10-16,50,49.822689056396484
0748355003,2020-10-17,52,52.453670501708984
0748355003,2020-10-18,55,54.850887298583984
0748355003,2020-10-19,50,50.00151443481445
0748355003,2020-10-20,50,49.609317779541016
0748355003,2020-10-21,52,52.216041564941406
0748355003,2020-10-22,58,58.34600830078125
0749699001,2020-09-23,6,6.141944408416748
0749699001,2020-09-24,6,5.872486591339111
0749699001,2020-09-25,6,5.846866607666016
0749699001,2020-09-26,9,8.68572998046875
0749699001,2020-09-27,5,4.936520099639893
0749699001,2020-09-28,11,10.947810173034668
0749699001,2020-09-29,10,9.903697967529297
0749699001,2020-09-30,7,7.13054084777832
0749699001,2020-10-01,7,7.025922775268555
0749699001,2020-10-02,7,6.956720352172852
0749699001,2020-10-03,7,7.162808418273926
0749699001,2020-10-04,6,5.951087951660156
0749699001,2020-10-05,6,5.619531154632568
0749699001,2020-10-06,6,5.856751918792725
0749699001,2020-10-07,6,6.19784688949585
0749699001,2020-10-08,6,6.1898298263549805
0749699001,2020-10-09,6,5.956679821014404
0749699001,2020-10-10,6,5.811237335205078
0749699001,2020-10-11,5,4.9686503410339355
0749699001,2020-10-12,5,4.684079647064209
0749699001,2020-10-13,5,4.812084674835205
0749699001,2020-10-14,5,5.415224552154541
0749699001,2020-10-15,5,5.231716156005859
0749699001,2020-10-16,5,5.119656562805176
0749699001,2020-10-17,5,5.2507243156433105
0749699001,2020-10-18,5,4.541874408721924
0749699001,2020-10-19,4,4.36919641494751
0749699001,2020-10-20,4,4.489895343780518
0749699001,2020-10-21,5,4.865207195281982
0749699001,2020-10-22,5,4.894760608673096
0749699002,2020-09-23,6,6.176246643066406
0749699002,2020-09-24,6,5.716838359832764
0749699002,2020-09-25,5,5.472403049468994
0749699002,2020-09-26,8,8.301827430725098
0749699002,2020-09-27,5,4.978620529174805
0749699002,2020-09-28,11,10.716641426086426
0749699002,2020-09-29,9,9.431221008300781
0749699002,2020-09-30,7,6.89980411529541
0749699002,2020-10-01,7,6.5950775146484375
0749699002,2020-10-02,7,6.505758285522461
0749699002,2020-10-03,7,7.010862350463867
0749699002,2020-10-04,6,5.793783187866211
0749699002,2020-10-05,5,5.452541351318359
0749699002,2020-10-06,5,5.49403190612793
0749699002,2020-10-07,6,5.972975254058838
0749699002,2020-10-08,5,5.4772467613220215
0749699002,2020-10-09,5,5.257622241973877
0749699002,2020-10-10,5,5.462649822235107
0749699002,2020-10-11,5,4.658375263214111
0749699002,2020-10-12,4,4.468533039093018
0749699002,2020-10-13,5,4.6834330558776855
0749699002,2020-10-14,5,5.226962566375732
0749699002,2020-10-15,5,5.110401153564453
0749699002,2020-10-16,5,4.925604820251465
0749699002,2020-10-17,5,4.75667667388916
0749699002,2020-10-18,4,4.188150405883789
0749699002,2020-10-19,4,4.185362339019775
0749699002,2020-10-20,4,4.271505832672119
0749699002,2020-10-21,4,4.479502201080322
0749699002,2020-10-22,5,4.598111629486084
0751471001,2020-09-23,108,107.86750793457031
0751471001,2020-09-24,107,107.17704010009766
0751471001,2020-09-25,101,101.29796600341797
0751471001,2020-09-26,165,165.1158905029297
0751471001,2020-09-27,132,131.78952026367188
0751471001,2020-09-28,179,178.55136108398438
0751471001,2020-09-29,126,126.40506744384766
0751471001,2020-09-30,102,102.16321563720703
0751471001,2020-10-01,106,106.01239013671875
0751471001,2020-10-02,105,105.27564239501953
0751471001,2020-10-03,124,123.5995101928711
0751471001,2020-10-04,99,98.66000366210938
0751471001,2020-10-05,102,102.12002563476562
0751471001,2020-10-06,93,92.92609405517578
0751471001,2020-10-07,83,82.93514251708984
0751471001,2020-10-08,79,78.73666381835938
0751471001,2020-10-09,76,76.0954360961914
0751471001,2020-10-10,85,85.03800964355469
0751471001,2020-10-11,104,103.67623901367188
0751471001,2020-10-12,87,86.78234100341797
0751471001,2020-10-13,76,76.43907928466797
0751471001,2020-10-14,84,83.90636444091797
0751471001,2020-10-15,82,82.07782745361328
0751471001,2020-10-16,76,75.60161590576172
0751471001,2020-10-17,82,81.55973815917969
0751471001,2020-10-18,80,79.8639144897461
0751471001,2020-10-19,79,79.3553237915039
0751471001,2020-10-20,81,80.78033447265625
0751471001,2020-10-21,82,82.25150299072266
0751471001,2020-10-22,82,82.42176055908203
0751471016,2020-09-23,2,1.9999040365219116
0751471016,2020-09-24,2,1.5783740282058716
0751471016,2020-09-25,2,1.5247161388397217
0751471016,2020-09-26,5,4.547112464904785
0751471016,2020-09-27,2,1.5482028722763062
0751471016,2020-09-28,7,6.555150508880615
0751471016,2020-09-29,3,3.2564966678619385
0751471016,2020-09-30,2,1.772531270980835
0751471016,2020-10-01,2,2.1872129440307617
0751471016,2020-10-02,2,2.2225184440612793
0751471016,2020-10-03,3,2.6608145236968994
0751471016,2020-10-04,2,2.1270480155944824
0751471016,2020-10-05,2,1.99970281124115
0751471016,2020-10-06,2,1.9118221998214722
0751471016,2020-10-07,2,1.8949673175811768
0751471016,2020-10-08,2,1.69978666305542
0751471016,2020-10-09,1,1.3154797554016113
0751471016,2020-10-10,1,1.4065358638763428
0751471016,2020-10-11,1,1.3472281694412231
0751471016,2020-10-12,1,1.3223778009414673
0751471016,2020-10-13,1,1.4223884344100952
0751471016,2020-10-14,2,1.664565086364746
0751471016,2020-10-15,2,1.5071909427642822
0751471016,2020-10-16,1,1.3346730470657349
0751471016,2020-10-17,1,1.126768708229065
0751471016,2020-10-18,1,1.1642931699752808
0751471016,2020-10-19,1,1.2186683416366577
0751471016,2020-10-20,1,1.4314862489700317
0751471016,2020-10-21,1,1.4748902320861816
0751471016,2020-10-22,2,1.5764989852905273
0751664001,2020-09-23,21,21.05640983581543
0751664001,2020-09-24,22,22.187175750732422
0751664001,2020-09-25,21,21.40553855895996
0751664001,2020-09-26,33,32.53019714355469
0751664001,2020-09-27,41,41.28041458129883
0751664001,2020-09-28,48,47.508052825927734
0751664001,2020-09-29,35,35.49241256713867
0751664001,2020-09-30,32,32.237979888916016
0751664001,2020-10-01,32,32.23075485229492
0751664001,2020-10-02,32,32.01542663574219
0751664001,2020-10-03,38,37.925140380859375
0751664001,2020-10-04,31,30.96965980529785
0751664001,2020-10-05,29,28.691307067871094
0751664001,2020-10-06,27,26.53217124938965
0751664001,2020-10-07,28,27.519624710083008
0751664001,2020-10-08,28,27.516332626342773
0751664001,2020-10-09,26,25.928508758544922
0751664001,2020-10-10,28,27.659984588623047
0751664001,2020-10-11,26,25.53466033935547
0751664001,2020-10-12,25,25.32769775390625
0751664001,2020-10-13,25,24.9560546875
0751664001,2020-10-14,26,25.82737922668457
0751664001,2020-10-15,26,25.970230102539062
0751664001,2020-10-16,26,25.80980110168457
0751664001,2020-10-17,28,27.82772445678711
0751664001,2020-10-18,24,23.718114852905273
0751664001,2020-10-19,25,24.50071144104004
0751664001,2020-10-20,25,24.866756439208984
0751664001,2020-10-21,26,25.523832321166992
0751664001,2020-10-22,29,29.424028396606445
0752814003,2020-09-23,13,13.467009544372559
0752814003,2020-09-24,15,14.681947708129883
0752814003,2020-09-25,14,14.381986618041992
0752814003,2020-09-26,17,17.491159439086914
0752814003,2020-09-27,13,13.422947883605957
0752814003,2020-09-28,21,21.266042709350586
0752814003,2020-09-29,20,20.055665969848633
0752814003,2020-09-30,20,19.774120330810547
0752814003,2020-10-01,17,17.465539932250977
0752814003,2020-10-02,17,16.537199020385742
0752814003,2020-10-03,19,19.17186164855957
0752814003,2020-10-04,15,15.007512092590332
0752814003,2020-10-05,15,14.53383731842041
0752814003,2020-10-06,15,14.902027130126953
0752814003,2020-10-07,16,15.62167739868164
0752814003,2020-10-08,15,15.061407089233398
0752814003,2020-10-09,15,14.857418060302734
0752814003,2020-10-10,15,15.333752632141113
0752814003,2020-10-11,13,13.136688232421875
0752814003,2020-10-12,13,13.470270156860352
0752814003,2020-10-13,13,12.906394958496094
0752814003,2020-10-14,14,14.248357772827148
0752814003,2020-10-15,14,14.380716323852539
0752814003,2020-10-16,14,13.599868774414062
0752814003,2020-10-17,14,13.994743347167969
0752814003,2020-10-18,12,11.585074424743652
0752814003,2020-10-19,12,11.870680809020996
0752814003,2020-10-20,12,11.647255897521973
0752814003,2020-10-21,13,13.146383285522461
0752814003,2020-10-22,15,14.534680366516113
0752814004,2020-09-23,3,2.635287284851074
0752814004,2020-09-24,2,2.2097227573394775
0752814004,2020-09-25,2,2.082444667816162
0752814004,2020-09-26,5,5.337066173553467
0752814004,2020-09-27,2,2.1522979736328125
0752814004,2020-09-28,8,7.701474666595459
0752814004,2020-09-29,4,4.005399227142334
0752814004,2020-09-30,3,2.881007671356201
0752814004,2020-10-01,3,3.196547746658325
0752814004,2020-10-02,3,3.206108570098877
0752814004,2020-10-03,4,3.8303864002227783
0752814004,2020-10-04,3,3.040109157562256
0752814004,2020-10-05,3,2.980027198791504
0752814004,2020-10-06,3,2.863422155380249
0752814004,2020-10-07,3,2.9614710807800293
0752814004,2020-10-08,3,2.7707924842834473
0752814004,2020-10-09,2,2.4136669635772705
0752814004,2020-10-10,3,2.65830135345459
0752814004,2020-10-11,3,2.5331952571868896
0752814004,2020-10-12,2,2.388340711593628
0752814004,2020-10-13,2,2.3307840824127197
0752814004,2020-10-14,3,2.644524097442627
0752814004,2020-10-15,2,2.2638282775878906
0752814004,2020-10-16,2,2.1136810779571533
0752814004,2020-10-17,2,2.191765785217285
0752814004,2020-10-18,2,2.0090484619140625
0752814004,2020-10-19,2,1.8895628452301025
0752814004,2020-10-20,2,1.8564033508300781
0752814004,2020-10-21,2,1.8294379711151123
0752814004,2020-10-22,2,1.9148640632629395
0753737001,2020-09-23,6,5.889598369598389
0753737001,2020-09-24,6,5.709458351135254
0753737001,2020-09-25,5,5.107787132263184
0753737001,2020-09-26,8,8.058637619018555
0753737001,2020-09-27,5,4.81791877746582
0753737001,2020-09-28,11,10.66450309753418
0753737001,2020-09-29,9,9.248462677001953
0753737001,2020-09-30,7,6.980193614959717
0753737001,2020-10-01,7,6.846405506134033
0753737001,2020-10-02,7,6.508487224578857
0753737001,2020-10-03,7,7.055963516235352
0753737001,2020-10-04,6,5.893397808074951
0753737001,2020-10-05,6,5.500094890594482
0753737001,2020-10-06,6,5.6579508781433105
0753737001,2020-10-07,6,6.045534610748291
0753737001,2020-10-08,6,6.09428596496582
0753737001,2020-10-09,6,5.5110907554626465
0753737001,2020-10-10,6,5.659472465515137
0753737001,2020-10-11,5,4.8212995529174805
0753737001,2020-10-12,5,4.610710144042969
0753737001,2020-10-13,5,4.696958541870117
0753737001,2020-10-14,5,5.3784356117248535
0753737001,2020-10-15,5,5.245241641998291
0753737001,2020-10-16,5,4.9983415603637695
0753737001,2020-10-17,5,4.904519557952881
0753737001,2020-10-18,4,4.311849117279053
0753737001,2020-10-19,4,4.232882022857666
0753737001,2020-10-20,4,4.377873420715332
0753737001,2020-10-21,5,4.742905139923096
0753737001,2020-10-22,5,4.6388983726501465
0754404004,2020-09-23,2,2.287900924682617
0754404004,2020-09-24,2,1.8750144243240356
0754404004,2020-09-25,2,1.688854694366455
0754404004,2020-09-26,5,4.699163436889648
0754404004,2020-09-27,2,1.7072703838348389
0754404004,2020-09-28,7,6.810838222503662
0754404004,2020-09-29,3,3.42393159866333
0754404004,2020-09-30,2,1.9420336484909058
0754404004,2020-10-01,3,2.5249276161193848
0754404004,2020-10-02,2,2.4090676307678223
0754404004,2020-10-03,3,2.8637073040008545
0754404004,2020-10-04,2,2.2852063179016113
0754404004,2020-10-05,2,2.322495222091675
0754404004,2020-10-06,2,2.33656644821167
0754404004,2020-10-07,2,2.4037561416625977
0754404004,2020-10-08,2,2.160740852355957
0754404004,2020-10-09,2,1.8298014402389526
0754404004,2020-10-10,2,1.8036437034606934
0754404004,2020-10-11,2,1.6762803792953491
0754404004,2020-10-12,2,1.5258350372314453
0754404004,2020-10-13,2,1.546911597251892
0754404004,2020-10-14,2,1.867962121963501
0754404004,2020-10-15,2,1.5151574611663818
0754404004,2020-10-16,1,1.2946714162826538
0754404004,2020-10-17,1,1.3672354221343994
0754404004,2020-10-18,1,1.2355698347091675
0754404004,2020-10-19,1,1.2189712524414062
0754404004,2020-10-20,1,1.4044170379638672
0754404004,2020-10-21,1,1.457836627960205
0754404004,2020-10-22,2,1.5594453811645508
0756318001,2020-09-23,30,29.666805267333984
0756318001,2020-09-24,38,37.95038604736328
0756318001,2020-09-25,36,36.418678283691406
0756318001,2020-09-26,75,75.07347106933594
0756318001,2020-09-27,58,57.603431701660156
0756318001,2020-09-28,83,83.09381866455078
0756318001,2020-09-29,65,64.62692260742188
0756318001,2020-09-30,58,57.80130386352539
0756318001,2020-10-01,52,51.61064910888672
0756318001,2020-10-02,50,49.58523941040039
0756318001,2020-10-03,58,57.70576477050781
0756318001,2020-10-04,52,51.871944427490234
0756318001,2020-10-05,51,51.27809143066406
0756318001,2020-10-06,49,48.71601104736328
0756318001,2020-10-07,45,44.68490982055664
0756318001,2020-10-08,41,40.54972839355469
0756318001,2020-10-09,38,37.64986801147461
0756318001,2020-10-10,43,42.561485290527344
0756318001,2020-10-11,45,45.19733810424805
0756318001,2020-10-12,44,43.90193176269531
0756318001,2020-10-13,42,41.75351333618164
0756318001,2020-10-14,45,44.991397857666016
0756318001,2020-10-15,47,47.28368377685547
0756318001,2020-10-16,45,44.7391242980957
0756318001,2020-10-17,49,49.31455612182617
0756318001,2020-10-18,51,50.57088088989258
0756318001,2020-10-19,48,48.21110153198242
0756318001,2020-10-20,45,44.5030403137207
0756318001,2020-10-21,44,44.246315002441406
0756318001,2020-10-22,48,48.04390335083008
0756322001,2020-09-23,16,15.567728042602539
0756322001,2020-09-24,16,16.371397018432617
0756322001,2020-09-25,17,17.085399627685547
0756322001,2020-09-26,23,23.152448654174805
0756322001,2020-09-27,24,24.214263916015625
0756322001,2020-09-28,26,26.48333168029785
0756322001,2020-09-29,22,22.239543914794922
0756322001,2020-09-30,22,22.26569175720215
0756322001,2020-10-01,22,22.025318145751953
0756322001,2020-10-02,21,20.556169509887695
0756322001,2020-10-03,23,22.844358444213867
0756322001,2020-10-04,20,20.171249389648438
0756322001,2020-10-05,20,20.053287506103516
0756322001,2020-10-06,20,20.01911735534668
0756322001,2020-10-07,21,20.55552101135254
0756322001,2020-10-08,20,20.195293426513672
0756322001,2020-10-09,20,19.77364730834961
0756322001,2020-10-10,21,21.12339210510254
0756322001,2020-10-11,20,19.978050231933594
0756322001,2020-10-12,20,19.607751846313477
0756322001,2020-10-13,20,19.633129119873047
0756322001,2020-10-14,21,20.682289123535156
0756322001,2020-10-15,21,21.01323127746582
0756322001,2020-10-16,21,20.92866325378418
0756322001,2020-10-17,21,21.47916603088379
0756322001,2020-10-18,19,19.392263412475586
0756322001,2020-10-19,20,19.834569931030273
0756322001,2020-10-20,20,20.08160400390625
0756322001,2020-10-21,21,20.76520538330078
0756322001,2020-10-22,23,22.54202651977539
0756633001,2020-09-23,2,1.8548282384872437
0756633001,2020-09-24,2,1.5072808265686035
0756633001,2020-09-25,2,1.5363433361053467
0756633001,2020-09-26,5,4.581197261810303
0756633001,2020-09-27,2,1.6084020137786865
0756633001,2020-09-28,6,6.4826788902282715
0756633001,2020-09-29,3,3.2469799518585205
0756633001,2020-09-30,2,1.762378454208374
0756633001,2020-10-01,2,2.1681551933288574
0756633001,2020-10-02,2,2.216102123260498
0756633001,2020-10-03,3,2.638214349746704
0756633001,2020-10-04,2,2.0947513580322266
0756633001,2020-10-05,2,1.9932868480682373
0756633001,2020-10-06,2,1.8780337572097778
0756633001,2020-10-07,2,1.8681784868240356
0756633001,2020-10-08,2,1.5667763948440552
0756633001,2020-10-09,1,1.3090635538101196
0756633001,2020-10-10,1,1.400119662284851
0756633001,2020-10-11,1,1.314932107925415
0756633001,2020-10-12,1,1.299778699874878
0756633001,2020-10-13,1,1.364675521850586
0756633001,2020-10-14,2,1.6357775926589966
0756633001,2020-10-15,1,1.2829734086990356
0756633001,2020-10-16,1,1.132826566696167
0756633001,2020-10-17,1,1.1893447637557983
0756633001,2020-10-18,1,1.1408495903015137
0756633001,2020-10-19,1,1.1639355421066284
0756633001,2020-10-20,1,1.3493815660476685
0756633001,2020-10-21,1,1.4201574325561523
0756633001,2020-10-22,2,1.5217664241790771
0756633003,2020-09-23,2,2.0606119632720947
0756633003,2020-09-24,2,1.9500315189361572
0756633003,2020-09-25,2,1.7151272296905518
0756633003,2020-09-26,5,4.78612756729126
0756633003,2020-09-27,2,1.7997546195983887
0756633003,2020-09-28,7,6.812784671783447
0756633003,2020-09-29,3,3.450296401977539
0756633003,2020-09-30,2,2.0224997997283936
0756633003,2020-10-01,3,2.73459792137146
0756633003,2020-10-02,3,2.5661325454711914
0756633003,2020-10-03,3,2.9167449474334717
0756633003,2020-10-04,2,2.4113364219665527
0756633003,2020-10-05,2,2.322495222091675
0756633003,2020-10-06,2,2.3235161304473877
0756633003,2020-10-07,2,2.47489595413208
0756633003,2020-10-08,2,2.1922268867492676
0756633003,2020-10-09,2,1.9030286073684692
0756633003,2020-10-10,2,1.8036437034606934
0756633003,2020-10-11,2,1.7624887228012085
0756633003,2020-10-12,2,1.6120433807373047
0756633003,2020-10-13,2,1.6371618509292603
0756633003,2020-10-14,2,1.867962121963501
0756633003,2020-10-15,2,1.5151574611663818
0756633003,2020-10-16,1,1.3650106191635132
0756633003,2020-10-17,1,1.3672354221343994
0756633003,2020-10-18,1,1.2948156595230103
0756633003,2020-10-19,1,1.241342544555664
0756633003,2020-10-20,1,1.4044170379638672
0756633003,2020-10-21,1,1.457836627960205
0756633003,2020-10-22,2,1.5594453811645508
0757303012,2020-09-23,2,2.0742924213409424
0757303012,2020-09-24,2,1.7288517951965332
0757303012,2020-09-25,2,1.5141390562057495
0757303012,2020-09-26,5,4.574259281158447
0757303012,2020-09-27,2,1.523480772972107
0757303012,2020-09-28,7,6.562389373779297
0757303012,2020-09-29,3,3.320370674133301
0757303012,2020-09-30,2,1.7848260402679443
0757303012,2020-10-01,2,2.2408082485198975
0757303012,2020-10-02,2,2.1661720275878906
0757303012,2020-10-03,3,2.5806329250335693
0757303012,2020-10-04,2,2.0091772079467773
0757303012,2020-10-05,2,1.9771167039871216
0757303012,2020-10-06,2,1.8820873498916626
0757303012,2020-10-07,2,1.8342825174331665
0757303012,2020-10-08,2,1.532880425453186
0757303012,2020-10-09,1,1.2117050886154175
0757303012,2020-10-10,1,1.3618460893630981
0757303012,2020-10-11,1,1.2258484363555908
0757303012,2020-10-12,1,1.2801562547683716
0757303012,2020-10-13,1,1.3246790170669556
0757303012,2020-10-14,2,1.5815094709396362
0757303012,2020-10-15,1,1.2287050485610962
0757303012,2020-10-16,1,1.1031208038330078
0757303012,2020-10-17,1,1.1510711908340454
0757303012,2020-10-18,1,1.090766191482544
0757303012,2020-10-19,1,1.1327710151672363
0757303012,2020-10-20,1,1.3182170391082764
0757303012,2020-10-21,1,1.3747212886810303
0757303012,2020-10-22,1,1.4676204919815063
0757915002,2020-09-23,2,2.0862410068511963
0757915002,2020-09-24,2,2.0143351554870605
0757915002,2020-09-25,2,2.029872417449951
0757915002,2020-09-26,5,5.105959892272949
0757915002,2020-09-27,2,2.1756067276000977
0757915002,2020-09-28,8,7.57187557220459
0757915002,2020-09-29,4,3.932248592376709
0757915002,2020-09-30,2,2.3990607261657715
0757915002,2020-10-01,3,2.9096038341522217
0757915002,2020-10-02,3,2.808981418609619
0757915002,2020-10-03,3,3.185312032699585
0757915002,2020-10-04,3,2.7253289222717285
0757915002,2020-10-05,2,2.3724758625030518
0757915002,2020-10-06,3,2.52461838722229
0757915002,2020-10-07,3,2.5725204944610596
0757915002,2020-10-08,2,2.3999311923980713
0757915002,2020-10-09,2,2.037344217300415
0757915002,2020-10-10,2,2.2866077423095703
0757915002,2020-10-11,2,2.115168333053589
0757915002,2020-10-12,2,2.0244221687316895
0757915002,2020-10-13,2,1.9509730339050293
0757915002,2020-10-14,2,2.0797064304351807
0757915002,2020-10-15,2,1.8352770805358887
0757915002,2020-10-16,1,1.4829683303833008
0757915002,2020-10-17,1,1.4267107248306274
0757915002,2020-10-18,1,1.349414587020874
0757915002,2020-10-19,1,1.3263425827026367
0757915002,2020-10-20,1,1.48897123336792
0757915002,2020-10-21,2,1.539151668548584
0757915002,2020-10-22,2,1.5552045106887817
0758034001,2020-09-23,27,27.01841926574707
0758034001,2020-09-24,36,35.84730911254883
0758034001,2020-09-25,38,37.61894226074219
0758034001,2020-09-26,76,76.48391723632812
0758034001,2020-09-27,57,56.65329360961914
0758034001,2020-09-28,96,95.69625854492188
0758034001,2020-09-29,69,68.63368225097656
0758034001,2020-09-30,67,67.26669311523438
0758034001,2020-10-01,65,65.20713806152344
0758034001,2020-10-02,61,60.666683197021484
0758034001,2020-10-03,65,65.23049926757812
0758034001,2020-10-04,59,58.97804260253906
0758034001,2020-10-05,54,54.243385314941406
0758034001,2020-10-06,51,50.954532623291016
0758034001,2020-10-07,50,49.8347282409668
0758034001,2020-10-08,46,45.656402587890625
0758034001,2020-10-09,41,40.72550964355469
0758034001,2020-10-10,47,46.698760986328125
0758034001,2020-10-11,52,51.97756576538086
0758034001,2020-10-12,44,44.39999771118164
0758034001,2020-10-13,43,43.04733657836914
0758034001,2020-10-14,46,46.10206604003906
0758034001,2020-10-15,47,46.97121047973633
0758034001,2020-10-16,47,47.176639556884766
0758034001,2020-10-17,50,49.875694274902344
0758034001,2020-10-18,48,47.95066833496094
0758034001,2020-10-19,47,46.856746673583984
0758034001,2020-10-20,48,48.144771575927734
0758034001,2020-10-21,52,51.6468505859375
0758034001,2020-10-22,60,60.44276809692383
0758049001,2020-09-23,2,2.047424793243408
0758049001,2020-09-24,2,1.9433735609054565
0758049001,2020-09-25,2,1.716232180595398
0758049001,2020-09-26,5,4.733530521392822
0758049001,2020-09-27,2,1.6412490606307983
0758049001,2020-09-28,7,6.733034133911133
0758049001,2020-09-29,3,3.405148983001709
0758049001,2020-09-30,2,1.9407118558883667
0758049001,2020-10-01,2,2.4522860050201416
0758049001,2020-10-02,2,2.336426019668579
0758049001,2020-10-03,3,2.7208714485168457
0758049001,2020-10-04,2,2.158074140548706
0758049001,2020-10-05,2,2.0431857109069824
0758049001,2020-10-06,2,2.2207765579223633
0758049001,2020-10-07,2,2.336702346801758
0758049001,2020-10-08,2,2.0463573932647705
0758049001,2020-10-09,2,1.809497594833374
0758049001,2020-10-10,2,1.7237974405288696
0758049001,2020-10-11,2,1.516110897064209
0758049001,2020-10-12,1,1.345081090927124
0758049001,2020-10-13,2,1.5016422271728516
0758049001,2020-10-14,2,1.7625221014022827
0758049001,2020-10-15,2,1.582330346107483
0758049001,2020-10-16,1,1.4321835041046143
0758049001,2020-10-17,1,1.1834089756011963
0758049001,2020-10-18,1,1.156261920928955
0758049001,2020-10-19,1,1.1765919923782349
0758049001,2020-10-20,1,1.423454761505127
0758049001,2020-10-21,1,1.4771904945373535
0758049001,2020-10-22,2,1.5877788066864014
0758050001,2020-09-23,2,1.87285578250885
0758050001,2020-09-24,2,1.5253088474273682
0758050001,2020-09-25,2,1.5247161388397217
0758050001,2020-09-26,5,4.547112464904785
0758050001,2020-09-27,2,1.5313960313796997
0758050001,2020-09-28,7,6.53834342956543
0758050001,2020-09-29,3,3.2745702266693115
0758050001,2020-09-30,2,1.7027156352996826
0758050001,2020-10-01,2,2.1745715141296387
0758050001,2020-10-02,2,2.2225184440612793
0758050001,2020-10-03,3,2.5185015201568604
0758050001,2020-10-04,2,2.1270480155944824
0758050001,2020-10-05,2,1.99970281124115
0758050001,2020-10-06,2,1.9118221998214722
0758050001,2020-10-07,2,1.8745949268341064
0758050001,2020-10-08,2,1.5731925964355469
0758050001,2020-10-09,1,1.3154797554016113
0758050001,2020-10-10,1,1.4065358638763428
0758050001,2020-10-11,1,1.3472281694412231
0758050001,2020-10-12,1,1.3061949014663696
0758050001,2020-10-13,1,1.3984638452529907
0758050001,2020-10-14,2,1.6421937942504883
0758050001,2020-10-15,1,1.4848198890686035
0758050001,2020-10-16,1,1.3346730470657349
0758050001,2020-10-17,1,1.126768708229065
0758050001,2020-10-18,1,1.1642931699752808
0758050001,2020-10-19,1,1.2186683416366577
0758050001,2020-10-20,1,1.4314862489700317
0758050001,2020-10-21,1,1.4748902320861816
0758050001,2020-10-22,2,1.5764989852905273
0758060001,2020-09-23,2,2.0282530784606934
0758060001,2020-09-24,2,1.883064866065979
0758060001,2020-09-25,2,1.6663130521774292
0758060001,2020-09-26,5,4.70055627822876
0758060001,2020-09-27,2,1.5627506971359253
0758060001,2020-09-28,7,6.548733234405518
0758060001,2020-09-29,4,3.512796401977539
0758060001,2020-09-30,2,1.7808338403701782
0758060001,2020-10-01,2,2.260216474533081
0758060001,2020-10-02,2,2.303330183029175
0758060001,2020-10-03,3,2.63240909576416
0758060001,2020-10-04,2,2.098642587661743
0758060001,2020-10-05,2,1.983432412147522
0758060001,2020-10-06,2,1.9274667501449585
0758060001,2020-10-07,2,1.866561770439148
0758060001,2020-10-08,2,1.6713811159133911
0758060001,2020-10-09,1,1.3522850275039673
0758060001,2020-10-10,1,1.398504376411438
0758060001,2020-10-11,1,1.3188226222991943
0758060001,2020-10-12,1,1.2599271535873413
0758060001,2020-10-13,1,1.3939828872680664
0758060001,2020-10-14,2,1.6361595392227173
0758060001,2020-10-15,1,1.4787853956222534
0758060001,2020-10-16,1,1.306267499923706
0758060001,2020-10-17,1,1.0983631610870361
0758060001,2020-10-18,1,1.135887622833252
0758060001,2020-10-19,1,1.1562176942825317
0758060001,2020-10-20,1,1.403080701828003
0758060001,2020-10-21,1,1.4568164348602295
0758060001,2020-10-22,2,1.5674045085906982
0758064001,2020-09-23,2,1.887287974357605
0758064001,2020-09-24,2,1.5155503749847412
0758064001,2020-09-25,2,1.5253467559814453
0758064001,2020-09-26,5,4.547743320465088
0758064001,2020-09-27,2,1.573768973350525
0758064001,2020-09-28,7,6.510886192321777
0758064001,2020-09-29,3,3.364145040512085
0758064001,2020-09-30,2,1.6782255172729492
0758064001,2020-10-01,2,2.1587774753570557
0758064001,2020-10-02,2,2.1695916652679443
0758064001,2020-10-03,3,2.5917043685913086
0758064001,2020-10-04,2,2.0871994495391846
0758064001,2020-10-05,2,1.92854642868042
0758064001,2020-10-06,2,1.8488117456436157
0758064001,2020-10-07,2,1.8457978963851929
0758064001,2020-10-08,2,1.5443955659866333
0758064001,2020-10-09,1,1.2970718145370483
0758064001,2020-10-10,1,1.3743432760238647
0758064001,2020-10-11,1,1.2760353088378906
0758064001,2020-10-12,1,1.2437442541122437
0758064001,2020-10-13,1,1.370058298110962
0758064001,2020-10-14,2,1.6137882471084595
0758064001,2020-10-15,1,1.4564143419265747
0758064001,2020-10-16,1,1.306267499923706
0758064001,2020-10-17,1,1.0983631610870361
0758064001,2020-10-18,1,1.135887622833252
0758064001,2020-10-19,1,1.1562176942825317
0758064001,2020-10-20,1,1.403080701828003
0758064001,2020-10-21,1,1.4568164348602295
0758064001,2020-10-22,2,1.5674045085906982
0759465001,2020-09-23,19,18.637422561645508
0759465001,2020-09-24,19,18.551912307739258
0759465001,2020-09-25,19,18.507722854614258
0759465001,2020-09-26,24,23.61962890625
0759465001,2020-09-27,22,22.099809646606445
0759465001,2020-09-28,27,26.88018226623535
0759465001,2020-09-29,22,22.018613815307617
0759465001,2020-09-30,22,22.417383193969727
0759465001,2020-10-01,23,22.628002166748047
0759465001,2020-10-02,21,20.742542266845703
0759465001,2020-10-03,24,23.514101028442383
0759465001,2020-10-04,20,20.269210815429688
0759465001,2020-10-05,20,19.707508087158203
0759465001,2020-10-06,20,20.296844482421875
0759465001,2020-10-07,20,20.365419387817383
0759465001,2020-10-08,20,19.797840118408203
0759465001,2020-10-09,20,19.695146560668945
0759465001,2020-10-10,21,21.12339210510254
0759465001,2020-10-11,20,19.59030532836914
0759465001,2020-10-12,19,19.26288414001465
0759465001,2020-10-13,20,19.55494499206543
0759465001,2020-10-14,21,20.64931297302246
0759465001,2020-10-15,21,20.697410583496094
0759465001,2020-10-16,21,20.574827194213867
0759465001,2020-10-17,21,21.48602294921875
0759465001,2020-10-18,20,19.55048942565918
0759465001,2020-10-19,20,19.57906150817871
0759465001,2020-10-20,20,20.08160400390625
0759465001,2020-10-21,21,20.76520538330078
0759465001,2020-10-22,23,22.581674575805664
0759469001,2020-09-23,5,4.649275779724121
0759469001,2020-09-24,4,3.8160183429718018
0759469001,2020-09-25,4,3.516085624694824
0759469001,2020-09-26,7,6.58785343170166
0759469001,2020-09-27,3,3.001633644104004
0759469001,2020-09-28,9,9.213123321533203
0759469001,2020-09-29,7,7.313383102416992
0759469001,2020-09-30,5,5.283108234405518
0759469001,2020-10-01,5,5.040955066680908
0759469001,2020-10-02,5,4.919294834136963
0759469001,2020-10-03,5,5.2133355140686035
0759469001,2020-10-04,5,4.561760902404785
0759469001,2020-10-05,4,4.286839008331299
0759469001,2020-10-06,5,4.635746002197266
0759469001,2020-10-07,5,4.896385669708252
0759469001,2020-10-08,5,4.582693099975586
0759469001,2020-10-09,4,4.338505744934082
0759469001,2020-10-10,5,4.518580913543701
0759469001,2020-10-11,4,4.138485908508301
0759469001,2020-10-12,4,4.0898919105529785
0759469001,2020-10-13,4,4.065525531768799
0759469001,2020-10-14,5,4.591518878936768
0759469001,2020-10-15,4,4.224635601043701
0759469001,2020-10-16,4,4.012504577636719
0759469001,2020-10-17,4,4.167407035827637
0759469001,2020-10-18,4,3.788008213043213
0759469001,2020-10-19,3,3.470872640609741
0759469001,2020-10-20,4,3.676910161972046
0759469001,2020-10-21,4,3.7576100826263428
0759469001,2020-10-22,4,3.7962825298309326
0759482001,2020-09-23,14,13.955038070678711
0759482001,2020-09-24,15,14.990910530090332
0759482001,2020-09-25,15,15.279500961303711
0759482001,2020-09-26,19,19.183914184570312
0759482001,2020-09-27,15,14.701517105102539
0759482001,2020-09-28,22,22.12213134765625
0759482001,2020-09-29,21,21.111509323120117
0759482001,2020-09-30,20,20.15259552001953
0759482001,2020-10-01,18,17.722192764282227
0759482001,2020-10-02,18,17.555740356445312
0759482001,2020-10-03,21,20.531721115112305
0759482001,2020-10-04,16,16.045101165771484
0759482001,2020-10-05,16,16.19611167907715
0759482001,2020-10-06,16,16.263961791992188
0759482001,2020-10-07,17,16.85369873046875
0759482001,2020-10-08,16,16.18783950805664
0759482001,2020-10-09,16,15.562251091003418
0759482001,2020-10-10,16,16.244796752929688
0759482001,2020-10-11,14,14.341758728027344
0759482001,2020-10-12,14,14.144972801208496
0759482001,2020-10-13,14,14.380657196044922
0759482001,2020-10-14,15,15.273574829101562
0759482001,2020-10-15,15,14.81094741821289
0759482001,2020-10-16,15,14.538041114807129
0759482001,2020-10-17,15,15.050756454467773
0759482001,2020-10-18,12,12.366157531738281
0759482001,2020-10-19,13,12.920284271240234
0759482001,2020-10-20,13,13.079264640808105
0759482001,2020-10-21,14,14.18311595916748
0759482001,2020-10-22,15,15.131729125976562
0759814009,2020-09-23,27,27.09202003479004
0759814009,2020-09-24,33,32.55099868774414
0759814009,2020-09-25,33,32.959716796875
0759814009,2020-09-26,58,58.41960906982422
0759814009,2020-09-27,51,50.66151428222656
0759814009,2020-09-28,83,82.66243743896484
0759814009,2020-09-29,71,71.236083984375
0759814009,2020-09-30,57,56.98944091796875
0759814009,2020-10-01,54,54.020263671875
0759814009,2020-10-02,50,50.1799430847168
0759814009,2020-10-03,62,62.304012298583984
0759814009,2020-10-04,53,52.83595657348633
0759814009,2020-10-05,53,53.4467887878418
0759814009,2020-10-06,52,51.54081726074219
0759814009,2020-10-07,52,51.75381851196289
0759814009,2020-10-08,45,44.59989929199219
0759814009,2020-10-09,40,40.33604049682617
0759814009,2020-10-10,46,45.502227783203125
0759814009,2020-10-11,49,48.58013916015625
0759814009,2020-10-12,44,43.6380615234375
0759814009,2020-10-13,43,43.29507827758789
0759814009,2020-10-14,49,49.13539123535156
0759814009,2020-10-15,53,52.733184814453125
0759814009,2020-10-16,54,53.52847671508789
0759814009,2020-10-17,56,55.89885711669922
0759814009,2020-10-18,52,52.32346725463867
0759814009,2020-10-19,49,49.137290954589844
0759814009,2020-10-20,50,50.08605194091797
0759814009,2020-10-21,52,52.219486236572266
0759814009,2020-10-22,59,58.960575103759766
0759871001,2020-09-23,2,2.361098051071167
0759871001,2020-09-24,2,1.737691044807434
0759871001,2020-09-25,2,1.5883550643920898
0759871001,2020-09-26,5,4.6603217124938965
0759871001,2020-09-27,2,1.7374483346939087
0759871001,2020-09-28,7,6.701672077178955
0759871001,2020-09-29,3,3.380565643310547
0759871001,2020-09-30,2,1.958008050918579
0759871001,2020-10-01,2,2.260528326034546
0759871001,2020-10-02,2,2.328205108642578
0759871001,2020-10-03,3,2.7138307094573975
0759871001,2020-10-04,2,2.12752628326416
0759871001,2020-10-05,2,2.1700363159179688
0759871001,2020-10-06,2,2.2043745517730713
0759871001,2020-10-07,2,2.3176729679107666
0759871001,2020-10-08,2,2.0273277759552
0759871001,2020-10-09,2,1.7682805061340332
0759871001,2020-10-10,2,1.7074099779129028
0759871001,2020-10-11,1,1.4478707313537598
0759871001,2020-10-12,1,1.4058542251586914
0759871001,2020-10-13,2,1.5009983777999878
0759871001,2020-10-14,2,1.774978518486023
0759871001,2020-10-15,1,1.399356484413147
0759871001,2020-10-16,1,1.249847650527954
0759871001,2020-10-17,1,1.238552212715149
0759871001,2020-10-18,1,1.1417126655578613
0759871001,2020-10-19,1,1.197880744934082
0759871001,2020-10-20,1,1.383326530456543
0759871001,2020-10-21,1,1.439831018447876
0759871001,2020-10-22,2,1.532729983329773
0759871002,2020-09-23,4,3.8614399433135986
0759871002,2020-09-24,3,3.4637153148651123
0759871002,2020-09-25,4,3.5319881439208984
0759871002,2020-09-26,7,6.708929538726807
0759871002,2020-09-27,3,2.805454730987549
0759871002,2020-09-28,9,8.653488159179688
0759871002,2020-09-29,5,5.447107791900635
0759871002,2020-09-30,4,4.091074466705322
0759871002,2020-10-01,5,4.564925193786621
0759871002,2020-10-02,5,4.571551322937012
0759871002,2020-10-03,5,4.835203170776367
0759871002,2020-10-04,4,3.805286407470703
0759871002,2020-10-05,4,3.6646058559417725
0759871002,2020-10-06,4,3.7414398193359375
0759871002,2020-10-07,4,4.055548191070557
0759871002,2020-10-08,4,4.008489608764648
0759871002,2020-10-09,4,3.742016077041626
0759871002,2020-10-10,4,3.519801139831543
0759871002,2020-10-11,3,3.1875851154327393
0759871002,2020-10-12,3,2.9335591793060303
0759871002,2020-10-13,3,2.869642734527588
0759871002,2020-10-14,3,3.3821537494659424
0759871002,2020-10-15,3,3.1068365573883057
0759871002,2020-10-16,3,2.8624308109283447
0759871002,2020-10-17,3,2.6936864852905273
0759871002,2020-10-18,2,2.4735116958618164
0759871002,2020-10-19,2,2.3592958450317383
0759871002,2020-10-20,2,2.4966530799865723
0759871002,2020-10-21,3,2.674355983734131
0759871002,2020-10-22,3,2.6043787002563477
0759871003,2020-09-23,3,3.1033644676208496
0759871003,2020-09-24,3,2.9528965950012207
0759871003,2020-09-25,3,2.5785117149353027
0759871003,2020-09-26,6,5.691898345947266
0759871003,2020-09-27,2,2.3211164474487305
0759871003,2020-09-28,8,8.050762176513672
0759871003,2020-09-29,5,4.994858264923096
0759871003,2020-09-30,3,3.335841655731201
0759871003,2020-10-01,4,3.7118148803710938
0759871003,2020-10-02,4,3.5311694145202637
0759871003,2020-10-03,4,3.9889564514160156
0759871003,2020-10-04,3,3.2482309341430664
0759871003,2020-10-05,3,3.223215103149414
0759871003,2020-10-06,3,3.2802908420562744
0759871003,2020-10-07,3,3.4652373790740967
0759871003,2020-10-08,3,3.1515567302703857
0759871003,2020-10-09,3,2.818894624710083
0759871003,2020-10-10,3,2.9282150268554688
0759871003,2020-10-11,3,2.6483771800994873
0759871003,2020-10-12,2,2.4871420860290527
0759871003,2020-10-13,2,2.445145845413208
0759871003,2020-10-14,3,2.839757204055786
0759871003,2020-10-15,2,2.4856374263763428
0759871003,2020-10-16,2,2.2170908451080322
0759871003,2020-10-17,2,2.3568406105041504
0759871003,2020-10-18,2,2.099747657775879
0759871003,2020-10-19,2,1.9833271503448486
0759871003,2020-10-20,2,1.9784177541732788
0759871003,2020-10-21,2,1.961703896522522
0759871003,2020-10-22,2,2.0105526447296143
0759871004,2020-09-23,3,2.7274255752563477
0759871004,2020-09-24,2,2.1973423957824707
0759871004,2020-09-25,2,2.2665247917175293
0759871004,2020-09-26,5,5.3897480964660645
0759871004,2020-09-27,2,2.182366371154785
0759871004,2020-09-28,8,7.77630615234375
0759871004,2020-09-29,4,4.0264787673950195
0759871004,2020-09-30,3,2.9567153453826904
0759871004,2020-10-01,3,3.0902018547058105
0759871004,2020-10-02,3,3.1023740768432617
0759871004,2020-10-03,4,3.6766722202301025
0759871004,2020-10-04,3,2.9076461791992188
0759871004,2020-10-05,3,2.798292398452759
0759871004,2020-10-06,3,2.749314069747925
0759871004,2020-10-07,3,2.905427932739258
0759871004,2020-10-08,3,2.5782225131988525
0759871004,2020-10-09,2,2.2774126529693604
0759871004,2020-10-10,3,2.5266761779785156
0759871004,2020-10-11,2,2.218968152999878
0759871004,2020-10-12,2,2.142385482788086
0759871004,2020-10-13,2,2.183790922164917
0759871004,2020-10-14,3,2.5127832889556885
0759871004,2020-10-15,2,2.1451380252838135
0759871004,2020-10-16,2,1.930597186088562
0759871004,2020-10-17,2,1.7380543947219849
0759871004,2020-10-18,1,1.4963247776031494
0759871004,2020-10-19,2,1.5436453819274902
0759871004,2020-10-20,2,1.638840913772583
0759871004,2020-10-21,2,1.7072248458862305
0759871004,2020-10-22,2,1.7526017427444458
0759871025,2020-09-23,12,12.192296028137207
0759871025,2020-09-24,15,14.681075096130371
0759871025,2020-09-25,14,14.266851425170898
0759871025,2020-09-26,17,17.307559967041016
0759871025,2020-09-27,13,12.524864196777344
0759871025,2020-09-28,21,20.79511833190918
0759871025,2020-09-29,19,19.05767250061035
0759871025,2020-09-30,19,19.35344696044922
0759871025,2020-10-01,17,17.368202209472656
0759871025,2020-10-02,17,16.619020462036133
0759871025,2020-10-03,18,18.379505157470703
0759871025,2020-10-04,15,14.514629364013672
0759871025,2020-10-05,15,14.834695816040039
0759871025,2020-10-06,14,14.435405731201172
0759871025,2020-10-07,15,15.171028137207031
0759871025,2020-10-08,15,15.059755325317383
0759871025,2020-10-09,15,14.730368614196777
0759871025,2020-10-10,15,15.19018268585205
0759871025,2020-10-11,13,12.607610702514648
0759871025,2020-10-12,13,12.61989688873291
0759871025,2020-10-13,13,12.844520568847656
0759871025,2020-10-14,14,13.612493515014648
0759871025,2020-10-15,14,14.389354705810547
0759871025,2020-10-16,14,13.76882266998291
0759871025,2020-10-17,14,13.585461616516113
0759871025,2020-10-18,11,11.411565780639648
0759871025,2020-10-19,11,11.073314666748047
0759871025,2020-10-20,12,11.623730659484863
0759871025,2020-10-21,13,12.88232421875
0759871025,2020-10-22,14,14.187999725341797
0760084003,2020-09-23,24,23.57684898376465
0760084003,2020-09-24,28,28.15767478942871
0760084003,2020-09-25,30,29.740272521972656
0760084003,2020-09-26,53,52.614463806152344
0760084003,2020-09-27,48,48.161373138427734
0760084003,2020-09-28,60,60.2344970703125
0760084003,2020-09-29,49,48.68387985229492
0760084003,2020-09-30,44,44.00495529174805
0760084003,2020-10-01,43,42.579017639160156
0760084003,2020-10-02,42,41.6116943359375
0760084003,2020-10-03,47,47.494937896728516
0760084003,2020-10-04,40,39.50211715698242
0760084003,2020-10-05,39,38.75547409057617
0760084003,2020-10-06,36,36.29315948486328
0760084003,2020-10-07,37,36.60218811035156
0760084003,2020-10-08,36,35.56309509277344
0760084003,2020-10-09,33,33.28443908691406
0760084003,2020-10-10,38,37.85362243652344
0760084003,2020-10-11,36,35.598419189453125
0760084003,2020-10-12,33,33.43989944458008
0760084003,2020-10-13,32,32.33157730102539
0760084003,2020-10-14,35,35.353084564208984
0760084003,2020-10-15,37,36.75986862182617
0760084003,2020-10-16,36,36.09784698486328
0760084003,2020-10-17,39,38.825199127197266
0760084003,2020-10-18,34,34.444278717041016
0760084003,2020-10-19,34,33.91587829589844
0760084003,2020-10-20,33,33.22135925292969
0760084003,2020-10-21,35,34.94856643676758
0760084003,2020-10-22,40,40.44985580444336
0762063001,2020-09-23,2,1.7591545581817627
0762063001,2020-09-24,1,1.4116076231002808
0762063001,2020-09-25,1,1.4610697031021118
0762063001,2020-09-26,5,4.5211896896362305
0762063001,2020-09-27,1,1.4668172597885132
0762063001,2020-09-28,6,6.400327682495117
0762063001,2020-09-29,3,3.1784470081329346
0762063001,2020-09-30,2,1.7297395467758179
0762063001,2020-10-01,2,2.141184091567993
0762063001,2020-10-02,2,2.0827298164367676
0762063001,2020-10-03,2,2.454502820968628
0762063001,2020-10-04,2,2.0091772079467773
0762063001,2020-10-05,2,1.933066725730896
0762063001,2020-10-06,2,1.8121393918991089
0762063001,2020-10-07,2,1.769861102104187
0762063001,2020-10-08,1,1.4684585332870483
0762063001,2020-10-09,1,1.1472805738449097
0762063001,2020-10-10,1,1.3177958726882935
0762063001,2020-10-11,1,1.2258484363555908
0762063001,2020-10-12,1,1.242836356163025
0762063001,2020-10-13,1,1.2823790311813354
0762063001,2020-10-14,2,1.5815094709396362
0762063001,2020-10-15,1,1.2287050485610962
0762063001,2020-10-16,1,1.1031208038330078
0762063001,2020-10-17,1,1.1510711908340454
0762063001,2020-10-18,1,1.090766191482544
0762063001,2020-10-19,1,1.1327710151672363
0762063001,2020-10-20,1,1.3182170391082764
0762063001,2020-10-21,1,1.3747212886810303
0762063001,2020-10-22,1,1.4676204919815063
0762846001,2020-09-23,8,8.215576171875
0762846001,2020-09-24,8,8.124195098876953
0762846001,2020-09-25,8,8.022088050842285
0762846001,2020-09-26,11,11.369790077209473
0762846001,2020-09-27,7,6.871022701263428
0762846001,2020-09-28,13,12.66810417175293
0762846001,2020-09-29,12,12.1268892288208
0762846001,2020-09-30,12,12.127888679504395
0762846001,2020-10-01,10,10.45901870727539
0762846001,2020-10-02,10,10.12100887298584
0762846001,2020-10-03,10,10.466468811035156
0762846001,2020-10-04,8,8.004434585571289
0762846001,2020-10-05,8,8.473705291748047
0762846001,2020-10-06,9,8.578807830810547
0762846001,2020-10-07,9,9.193380355834961
0762846001,2020-10-08,9,8.946528434753418
0762846001,2020-10-09,9,8.69488525390625
0762846001,2020-10-10,9,8.696737289428711
0762846001,2020-10-11,7,7.260570049285889
0762846001,2020-10-12,7,7.189577579498291
0762846001,2020-10-13,7,7.487028121948242
0762846001,2020-10-14,8,8.099129676818848
0762846001,2020-10-15,8,8.110764503479004
0762846001,2020-10-16,8,7.9802093505859375
0762846001,2020-10-17,8,7.714895248413086
0762846001,2020-10-18,6,6.373787879943848
0762846001,2020-10-19,6,6.283817768096924
0762846001,2020-10-20,7,6.542579650878906
0762846001,2020-10-21,7,7.103724956512451
0762846001,2020-10-22,8,7.61403751373291
0762846006,2020-09-23,49,49.090816497802734
0762846006,2020-09-24,58,58.436275482177734
0762846006,2020-09-25,57,56.63105010986328
0762846006,2020-09-26,90,90.12981414794922
0762846006,2020-09-27,77,76.66080474853516
0762846006,2020-09-28,103,103.38211822509766
0762846006,2020-09-29,79,78.72704315185547
0762846006,2020-09-30,73,73.00550842285156
0762846006,2020-10-01,80,79.62797546386719
0762846006,2020-10-02,76,75.96440887451172
0762846006,2020-10-03,81,80.57067108154297
0762846006,2020-10-04,79,78.58270263671875
0762846006,2020-10-05,75,75.1622314453125
0762846006,2020-10-06,75,74.63033294677734
0762846006,2020-10-07,81,81.02323913574219
0762846006,2020-10-08,76,75.50669860839844
0762846006,2020-10-09,75,75.37142944335938
0762846006,2020-10-10,75,74.72569274902344
0762846006,2020-10-11,98,98.48389434814453
0762846006,2020-10-12,77,77.35485076904297
0762846006,2020-10-13,70,69.63137817382812
0762846006,2020-10-14,76,76.3628921508789
0762846006,2020-10-15,80,80.03108215332031
0762846006,2020-10-16,79,78.67001342773438
0762846006,2020-10-17,85,85.30077362060547
0762846006,2020-10-18,84,83.50645446777344
0762846006,2020-10-19,86,85.87622833251953
0762846006,2020-10-20,93,93.02267456054688
0762846006,2020-10-21,90,90.48609161376953
0762846006,2020-10-22,104,103.64339447021484
0762846007,2020-09-23,3,2.642453193664551
0762846007,2020-09-24,2,2.127180814743042
0762846007,2020-09-25,2,2.262465476989746
0762846007,2020-09-26,5,5.369513988494873
0762846007,2020-09-27,2,2.314040184020996
0762846007,2020-09-28,8,7.74159049987793
0762846007,2020-09-29,4,4.031186580657959
0762846007,2020-09-30,3,2.9875712394714355
0762846007,2020-10-01,3,3.208677053451538
0762846007,2020-10-02,3,3.206108570098877
0762846007,2020-10-03,4,3.8303864002227783
0762846007,2020-10-04,3,3.196849822998047
0762846007,2020-10-05,3,3.1281118392944336
0762846007,2020-10-06,3,3.0239765644073486
0762846007,2020-10-07,3,3.283447742462158
0762846007,2020-10-08,3,2.9705681800842285
0762846007,2020-10-09,3,2.5240933895111084
0762846007,2020-10-10,3,2.7129101753234863
0762846007,2020-10-11,3,2.5510027408599854
0762846007,2020-10-12,2,2.388340711593628
0762846007,2020-10-13,2,2.451878786087036
0762846007,2020-10-14,3,2.7557828426361084
0762846007,2020-10-15,2,2.3881373405456543
0762846007,2020-10-16,2,2.1136810779571533
0762846007,2020-10-17,2,2.2649941444396973
0762846007,2020-10-18,2,2.111056327819824
0762846007,2020-10-19,2,1.9154601097106934
0762846007,2020-10-20,2,1.9263501167297363
0762846007,2020-10-21,2,1.9356601238250732
0762846007,2020-10-22,2,1.9310476779937744
0762846008,2020-09-23,27,27.126941680908203
0762846008,2020-09-24,35,35.40077209472656
0762846008,2020-09-25,37,37.34975814819336
0762846008,2020-09-26,62,61.89241027832031
0762846008,2020-09-27,53,53.25931930541992
0762846008,2020-09-28,90,90.44480895996094
0762846008,2020-09-29,61,60.55351638793945
0762846008,2020-09-30,56,55.9239501953125
0762846008,2020-10-01,53,52.60287857055664
0762846008,2020-10-02,54,53.68367385864258
0762846008,2020-10-03,65,64.56010437011719
0762846008,2020-10-04,59,59.03517150878906
0762846008,2020-10-05,53,52.988121032714844
0762846008,2020-10-06,48,47.74837112426758
0762846008,2020-10-07,46,45.956111907958984
0762846008,2020-10-08,43,42.889549255371094
0762846008,2020-10-09,40,39.88391876220703
0762846008,2020-10-10,47,47.17049026489258
0762846008,2020-10-11,57,57.38046646118164
0762846008,2020-10-12,47,46.612152099609375
0762846008,2020-10-13,43,43.2320671081543
0762846008,2020-10-14,49,48.93603515625
0762846008,2020-10-15,49,49.18394470214844
0762846008,2020-10-16,48,47.93384552001953
0762846008,2020-10-17,50,49.994022369384766
0762846008,2020-10-18,50,49.76992416381836
0762846008,2020-10-19,47,46.50978469848633
0762846008,2020-10-20,45,45.24951171875
0762846008,2020-10-21,47,46.717933654785156
0762846008,2020-10-22,52,51.96111297607422
0767834001,2020-09-23,3,2.902364730834961
0767834001,2020-09-24,2,2.190202474594116
0767834001,2020-09-25,2,2.130308151245117
0767834001,2020-09-26,5,5.355877876281738
0767834001,2020-09-27,2,2.2057199478149414
0767834001,2020-09-28,8,7.732328414916992
0767834001,2020-09-29,4,4.084168910980225
0767834001,2020-09-30,3,2.995272636413574
0767834001,2020-10-01,3,3.070441484451294
0767834001,2020-10-02,3,3.0804481506347656
0767834001,2020-10-03,4,3.656952142715454
0767834001,2020-10-04,3,2.8289852142333984
0767834001,2020-10-05,3,2.753556966781616
0767834001,2020-10-06,3,2.6998214721679688
0767834001,2020-10-07,3,2.8611676692962646
0767834001,2020-10-08,2,2.465827703475952
0767834001,2020-10-09,2,2.2326772212982178
0767834001,2020-10-10,2,2.481940746307373
0767834001,2020-10-11,2,2.201446294784546
0767834001,2020-10-12,2,2.0976500511169434
0767834001,2020-10-13,2,2.1390554904937744
0767834001,2020-10-14,2,2.468047857284546
0767834001,2020-10-15,2,2.100402593612671
0767834001,2020-10-16,2,1.8599636554718018
0767834001,2020-10-17,2,1.649269700050354
0767834001,2020-10-18,1,1.4657526016235352
0767834001,2020-10-19,1,1.4086596965789795
0767834001,2020-10-20,2,1.5941054821014404
0767834001,2020-10-21,2,1.662489414215088
0767834001,2020-10-22,2,1.6850491762161255
0767862001,2020-09-23,17,16.527278900146484
0767862001,2020-09-24,18,17.770151138305664
0767862001,2020-09-25,18,18.094785690307617
0767862001,2020-09-26,28,27.900636672973633
0767862001,2020-09-27,29,29.25214195251465
0767862001,2020-09-28,34,34.17365646362305
0767862001,2020-09-29,28,27.630390167236328
0767862001,2020-09-30,26,25.57565689086914
0767862001,2020-10-01,24,24.252988815307617
0767862001,2020-10-02,24,23.746234893798828
0767862001,2020-10-03,28,27.685569763183594
0767862001,2020-10-04,22,22.34590721130371
0767862001,2020-10-05,22,21.663665771484375
0767862001,2020-10-06,21,21.41546630859375
0767862001,2020-10-07,21,21.019460678100586
0767862001,2020-10-08,21,21.100561141967773
0767862001,2020-10-09,21,20.56376838684082
0767862001,2020-10-10,22,21.574054718017578
0767862001,2020-10-11,21,20.787246704101562
0767862001,2020-10-12,21,20.743410110473633
0767862001,2020-10-13,20,20.323427200317383
0767862001,2020-10-14,21,20.83108901977539
0767862001,2020-10-15,21,21.06770896911621
0767862001,2020-10-16,21,20.878795623779297
0767862001,2020-10-17,22,21.51253318786621
0767862001,2020-10-18,20,19.737985610961914
0767862001,2020-10-19,20,20.387609481811523
0767862001,2020-10-20,20,20.485267639160156
0767862001,2020-10-21,21,20.902111053466797
0767862001,2020-10-22,23,22.801815032958984
0767869001,2020-09-23,2,2.436615228652954
0767869001,2020-09-24,2,1.7464946508407593
0767869001,2020-09-25,2,1.5598127841949463
0767869001,2020-09-26,5,4.604666233062744
0767869001,2020-09-27,2,1.8560688495635986
0767869001,2020-09-28,7,6.747480392456055
0767869001,2020-09-29,3,3.4159293174743652
0767869001,2020-09-30,2,2.0096147060394287
0767869001,2020-10-01,3,2.527463674545288
0767869001,2020-10-02,2,2.3936328887939453
0767869001,2020-10-03,3,2.867034673690796
0767869001,2020-10-04,2,2.26265287399292
0767869001,2020-10-05,2,2.2630105018615723
0767869001,2020-10-06,2,2.264031410217285
0767869001,2020-10-07,2,2.2967474460601807
0767869001,2020-10-08,2,1.9825929403305054
0767869001,2020-10-09,2,1.5180577039718628
0767869001,2020-10-10,2,1.6626745462417603
0767869001,2020-10-11,1,1.4172987937927246
0767869001,2020-10-12,1,1.3611187934875488
0767869001,2020-10-13,1,1.4562629461288452
0767869001,2020-10-14,2,1.7074257135391235
0767869001,2020-10-15,1,1.3546210527420044
0767869001,2020-10-16,1,1.1881663799285889
0767869001,2020-10-17,1,1.1938167810440063
0767869001,2020-10-18,1,1.111140489578247
0767869001,2020-10-19,1,1.1531453132629395
0767869001,2020-10-20,1,1.3385910987854004
0767869001,2020-10-21,1,1.3950955867767334
0767869001,2020-10-22,1,1.4879945516586304
0768759001,2020-09-23,2,1.8513180017471313
0768759001,2020-09-24,2,1.5037710666656494
0768759001,2020-09-25,2,1.512157678604126
0768759001,2020-09-26,5,4.557011127471924
0768759001,2020-09-27,2,1.5625813007354736
0768759001,2020-09-28,7,6.5173258781433105
0768759001,2020-09-29,3,3.2214386463165283
0768759001,2020-09-30,2,1.7380023002624512
0768759001,2020-10-01,2,2.266329288482666
0768759001,2020-10-02,2,2.266754627227783
0768759001,2020-10-03,3,2.7150118350982666
0768759001,2020-10-04,2,2.1974291801452637
0768759001,2020-10-05,2,2.043938398361206
0768759001,2020-10-06,2,2.1172807216644287
0768759001,2020-10-07,2,2.2889013290405273
0768759001,2020-10-08,2,1.9726591110229492
0768759001,2020-10-09,1,1.4863097667694092
0768759001,2020-10-10,2,1.564943552017212
0768759001,2020-10-11,1,1.4176090955734253
0768759001,2020-10-12,1,1.387342929840088
0768759001,2020-10-13,1,1.4790159463882446
0768759001,2020-10-14,2,1.753324031829834
0768759001,2020-10-15,1,1.4005193710327148
0768759001,2020-10-16,1,1.2334269285202026
0768759001,2020-10-17,1,1.26369047164917
0768759001,2020-10-18,1,1.1928240060806274
0768759001,2020-10-19,1,1.1985969543457031
0768759001,2020-10-20,1,1.3840429782867432
0768759001,2020-10-21,1,1.437462329864502
0768759001,2020-10-22,2,1.5390713214874268
0768912001,2020-09-23,51,51.459529876708984
0768912001,2020-09-24,60,60.060237884521484
0768912001,2020-09-25,64,63.86695098876953
0768912001,2020-09-26,89,88.5290756225586
0768912001,2020-09-27,90,89.90252685546875
0768912001,2020-09-28,107,107.07562255859375
0768912001,2020-09-29,68,67.88673400878906
0768912001,2020-09-30,57,56.94943618774414
0768912001,2020-10-01,55,55.042236328125
0768912001,2020-10-02,55,55.05813980102539
0768912001,2020-10-03,71,70.71443176269531
0768912001,2020-10-04,63,62.96665573120117
0768912001,2020-10-05,57,56.75218200683594
0768912001,2020-10-06,53,52.820682525634766
0768912001,2020-10-07,50,50.40718460083008
0768912001,2020-10-08,48,48.441898345947266
0768912001,2020-10-09,45,44.57882308959961
0768912001,2020-10-10,51,50.62659454345703
0768912001,2020-10-11,56,56.20369338989258
0768912001,2020-10-12,47,46.897159576416016
0768912001,2020-10-13,42,41.973243713378906
0768912001,2020-10-14,46,45.77769088745117
0768912001,2020-10-15,44,44.467796325683594
0768912001,2020-10-16,44,43.81760025024414
0768912001,2020-10-17,53,53.26630783081055
0768912001,2020-10-18,52,52.25703811645508
0768912001,2020-10-19,49,48.71110534667969
0768912001,2020-10-20,48,48.37202453613281
0768912001,2020-10-21,52,52.15396499633789
0768912001,2020-10-22,61,61.068424224853516
0769748002,2020-09-23,2,2.303037643432617
0769748002,2020-09-24,2,2.287111520767212
0769748002,2020-09-25,2,2.3161745071411133
0769748002,2020-09-26,6,5.52932596206665
0769748002,2020-09-27,2,2.394042491912842
0769748002,2020-09-28,8,7.795295715332031
0769748002,2020-09-29,4,3.9796266555786133
0769748002,2020-09-30,2,2.4783153533935547
0769748002,2020-10-01,3,3.1956264972686768
0769748002,2020-10-02,3,3.2191591262817383
0769748002,2020-10-03,4,3.8303864002227783
0769748002,2020-10-04,3,3.1060056686401367
0769748002,2020-10-05,3,2.944988489151001
0769748002,2020-10-06,3,2.7863285541534424
0769748002,2020-10-07,3,2.9614710807800293
0769748002,2020-10-08,3,2.757742404937744
0769748002,2020-10-09,2,2.4267170429229736
0769748002,2020-10-10,3,2.6452507972717285
0769748002,2020-10-11,3,2.5331952571868896
0769748002,2020-10-12,2,2.3705332279205322
0769748002,2020-10-13,2,2.343834400177002
0769748002,2020-10-14,3,2.6314737796783447
0769748002,2020-10-15,2,2.2773537635803223
0769748002,2020-10-16,2,2.1136810779571533
0769748002,2020-10-17,2,2.191765785217285
0769748002,2020-10-18,2,2.0090484619140625
0769748002,2020-10-19,2,1.845512866973877
0769748002,2020-10-20,2,1.8564033508300781
0769748002,2020-10-21,2,1.8294379711151123
0769748002,2020-10-22,2,1.9148640632629395
0770315005,2020-09-23,11,10.848255157470703
0770315005,2020-09-24,11,11.199258804321289
0770315005,2020-09-25,11,10.781255722045898
0770315005,2020-09-26,15,15.291435241699219
0770315005,2020-09-27,9,9.302910804748535
0770315005,2020-09-28,17,16.610652923583984
0770315005,2020-09-29,16,15.623736381530762
0770315005,2020-09-30,15,15.326560974121094
0770315005,2020-10-01,13,13.117938041687012
0770315005,2020-10-02,13,12.746291160583496
0770315005,2020-10-03,13,13.473247528076172
0770315005,2020-10-04,11,10.905559539794922
0770315005,2020-10-05,11,10.868705749511719
0770315005,2020-10-06,11,11.173568725585938
0770315005,2020-10-07,12,12.143957138061523
0770315005,2020-10-08,12,12.097816467285156
0770315005,2020-10-09,11,11.325093269348145
0770315005,2020-10-10,12,12.116647720336914
0770315005,2020-10-11,10,9.736250877380371
0770315005,2020-10-12,9,9.420796394348145
0770315005,2020-10-13,10,9.736913681030273
0770315005,2020-10-14,11,11.049884796142578
0770315005,2020-10-15,11,10.973503112792969
0770315005,2020-10-16,11,10.613311767578125
0770315005,2020-10-17,11,11.194560050964355
0770315005,2020-10-18,9,8.82481575012207
0770315005,2020-10-19,9,8.656023025512695
0770315005,2020-10-20,9,8.923362731933594
0770315005,2020-10-21,10,9.928159713745117
0770315005,2020-10-22,11,10.598475456237793
0772005009,2020-09-23,2,1.830605387687683
0772005009,2020-09-24,1,1.4830584526062012
0772005009,2020-09-25,2,1.5121212005615234
0772005009,2020-09-26,5,4.583119869232178
0772005009,2020-09-27,2,1.5842089653015137
0772005009,2020-09-28,7,6.54255485534668
0772005009,2020-09-29,3,3.2304465770721436
0772005009,2020-09-30,2,1.6859638690948486
0772005009,2020-10-01,2,2.2188076972961426
0772005009,2020-10-02,2,2.266754627227783
0772005009,2020-10-03,3,2.7150118350982666
0772005009,2020-10-04,2,2.1974291801452637
0772005009,2020-10-05,2,2.043938398361206
0772005009,2020-10-06,2,2.1172807216644287
0772005009,2020-10-07,2,2.2889013290405273
0772005009,2020-10-08,2,1.9726591110229492
0772005009,2020-10-09,1,1.4863097667694092
0772005009,2020-10-10,2,1.5475704669952393
0772005009,2020-10-11,1,1.4002357721328735
0772005009,2020-10-12,1,1.3699698448181152
0772005009,2020-10-13,1,1.4616426229476929
0772005009,2020-10-14,2,1.7359507083892822
0772005009,2020-10-15,1,1.3662004470825195
0772005009,2020-10-16,1,1.1737533807754517
0772005009,2020-10-17,1,1.1893447637557983
0772005009,2020-10-18,1,1.1408495903015137
0772005009,2020-10-19,1,1.1727677583694458
0772005009,2020-10-20,1,1.3582135438919067
0772005009,2020-10-21,1,1.4289896488189697
0772005009,2020-10-22,2,1.5305984020233154
0772773001,2020-09-23,2,1.940582513809204
0772773001,2020-09-24,1,1.487047791481018
0772773001,2020-09-25,2,1.5141390562057495
0772773001,2020-09-26,5,4.574259281158447
0772773001,2020-09-27,2,1.523480772972107
0772773001,2020-09-28,7,6.518068313598633
0772773001,2020-09-29,3,3.1784470081329346
0772773001,2020-09-30,2,1.7297395467758179
0772773001,2020-10-01,2,2.141184091567993
0772773001,2020-10-02,2,2.1661720275878906
0772773001,2020-10-03,2,2.454502820968628
0772773001,2020-10-04,2,2.0091772079467773
0772773001,2020-10-05,2,1.933066725730896
0772773001,2020-10-06,2,1.8121393918991089
0772773001,2020-10-07,2,1.7902330160140991
0772773001,2020-10-08,1,1.4888309240341187
0772773001,2020-10-09,1,1.167655110359192
0772773001,2020-10-10,1,1.3381701707839966
0772773001,2020-10-11,1,1.2462224960327148
0772773001,2020-10-12,1,1.242836356163025
0772773001,2020-10-13,1,1.2823790311813354
0772773001,2020-10-14,2,1.5815094709396362
0772773001,2020-10-15,1,1.2287050485610962
0772773001,2020-10-16,1,1.1031208038330078
0772773001,2020-10-17,1,1.1510711908340454
0772773001,2020-10-18,1,1.090766191482544
0772773001,2020-10-19,1,1.1327710151672363
0772773001,2020-10-20,1,1.3182170391082764
0772773001,2020-10-21,1,1.3747212886810303
0772773001,2020-10-22,1,1.4676204919815063
0772773002,2020-09-23,2,2.286954402923584
0772773002,2020-09-24,2,2.142307758331299
0772773002,2020-09-25,2,2.1782445907592773
0772773002,2020-09-26,5,5.2703704833984375
0772773002,2020-09-27,2,2.0824575424194336
0772773002,2020-09-28,8,7.6676025390625
0772773002,2020-09-29,4,3.9157211780548096
0772773002,2020-09-30,2,2.3272573947906494
0772773002,2020-10-01,3,2.8439435958862305
0772773002,2020-10-02,3,2.847109317779541
0772773002,2020-10-03,3,3.1865551471710205
0772773002,2020-10-04,3,2.691890239715576
0772773002,2020-10-05,2,2.4536519050598145
0772773002,2020-10-06,3,2.52461838722229
0772773002,2020-10-07,3,2.5977001190185547
0772773002,2020-10-08,2,2.4129812717437744
0772773002,2020-10-09,2,2.037344217300415
0772773002,2020-10-10,2,2.2866077423095703
0772773002,2020-10-11,2,2.1883962154388428
0772773002,2020-10-12,2,2.0244221687316895
0772773002,2020-10-13,2,1.9768706560134888
0772773002,2020-10-14,2,2.0797064304351807
0772773002,2020-10-15,2,1.9414981603622437
0772773002,2020-10-16,1,1.4950976371765137
0772773002,2020-10-17,1,1.4388400316238403
0772773002,2020-10-18,1,1.3615443706512451
0772773002,2020-10-19,1,1.361138105392456
0772773002,2020-10-20,2,1.51163649559021
0772773002,2020-10-21,2,1.5560967922210693
0772773002,2020-10-22,2,1.5897499322891235
0772902001,2020-09-23,18,17.545156478881836
0772902001,2020-09-24,20,19.545654296875
0772902001,2020-09-25,19,18.68417739868164
0772902001,2020-09-26,25,25.155500411987305
0772902001,2020-09-27,26,25.818796157836914
0772902001,2020-09-28,26,25.863431930541992
0772902001,2020-09-29,22,21.80291175842285
0772902001,2020-09-30,22,22.46125030517578
0772902001,2020-10-01,22,21.642702102661133
0772902001,2020-10-02,20,19.893882751464844
0772902001,2020-10-03,24,23.917970657348633
0772902001,2020-10-04,21,20.950504302978516
0772902001,2020-10-05,20,19.96457290649414
0772902001,2020-10-06,20,19.679214477539062
0772902001,2020-10-07,20,20.36216163635254
0772902001,2020-10-08,20,20.264440536499023
0772902001,2020-10-09,20,19.558868408203125
0772902001,2020-10-10,21,20.925207138061523
0772902001,2020-10-11,20,19.871143341064453
0772902001,2020-10-12,20,19.754640579223633
0772902001,2020-10-13,20,19.669418334960938
0772902001,2020-10-14,21,20.82156753540039
0772902001,2020-10-15,21,21.14381980895996
0772902001,2020-10-16,21,20.87627601623535
0772902001,2020-10-17,22,21.679838180541992
0772902001,2020-10-18,20,20.058364868164062
0772902001,2020-10-19,20,20.104656219482422
0772902001,2020-10-20,21,20.57905387878418
0772902001,2020-10-21,21,21.012216567993164
0772902001,2020-10-22,23,23.186872482299805
0776237011,2020-09-23,3,3.183703899383545
0776237011,2020-09-24,3,3.222874879837036
0776237011,2020-09-25,3,3.108682155609131
0776237011,2020-09-26,6,6.303977012634277
0776237011,2020-09-27,3,2.883847236633301
0776237011,2020-09-28,9,8.565908432006836
0776237011,2020-09-29,5,5.347980499267578
0776237011,2020-09-30,4,3.784959077835083
0776237011,2020-10-01,4,4.168375492095947
0776237011,2020-10-02,4,4.245321273803711
0776237011,2020-10-03,5,4.683324813842773
0776237011,2020-10-04,4,3.939598560333252
0776237011,2020-10-05,4,3.5687105655670166
0776237011,2020-10-06,4,3.730520009994507
0776237011,2020-10-07,4,4.066471099853516
0776237011,2020-10-08,4,4.043946266174316
0776237011,2020-10-09,4,3.7731802463531494
0776237011,2020-10-10,4,3.5781192779541016
0776237011,2020-10-11,3,3.2977564334869385
0776237011,2020-10-12,3,3.1993932723999023
0776237011,2020-10-13,3,3.053053617477417
0776237011,2020-10-14,4,3.5912363529205322
0776237011,2020-10-15,3,3.373032569885254
0776237011,2020-10-16,3,3.1313493251800537
0776237011,2020-10-17,3,3.022367000579834
0776237011,2020-10-18,3,2.9056973457336426
0776237011,2020-10-19,3,2.5226376056671143
0776237011,2020-10-20,3,2.637467384338379
0776237011,2020-10-21,3,2.835846424102783
0776237011,2020-10-22,3,2.8068673610687256
0776237020,2020-09-23,3,3.119906425476074
0776237020,2020-09-24,3,2.8874149322509766
0776237020,2020-09-25,3,2.7287824153900146
0776237020,2020-09-26,5,5.439064979553223
0776237020,2020-09-27,2,2.3482658863067627
0776237020,2020-09-28,8,8.168825149536133
0776237020,2020-09-29,5,5.133274078369141
0776237020,2020-09-30,4,3.5450634956359863
0776237020,2020-10-01,4,3.827052116394043
0776237020,2020-10-02,4,3.669041395187378
0776237020,2020-10-03,4,4.031919002532959
0776237020,2020-10-04,4,3.5576303005218506
0776237020,2020-10-05,3,3.3468005657196045
0776237020,2020-10-06,3,3.3827176094055176
0776237020,2020-10-07,3,3.4587645530700684
0776237020,2020-10-08,3,3.159410238265991
0776237020,2020-10-09,3,2.9012227058410645
0776237020,2020-10-10,3,2.9142024517059326
0776237020,2020-10-11,3,2.6731672286987305
0776237020,2020-10-12,2,2.3989646434783936
0776237020,2020-10-13,2,2.4855563640594482
0776237020,2020-10-14,3,2.836209297180176
0776237020,2020-10-15,3,2.6775195598602295
0776237020,2020-10-16,2,2.388552665710449
0776237020,2020-10-17,2,2.2593977451324463
0776237020,2020-10-18,2,2.1246297359466553
0776237020,2020-10-19,2,2.0455970764160156
0776237020,2020-10-20,2,2.2192325592041016
0776237020,2020-10-21,2,2.254397392272949
0776237020,2020-10-22,2,2.3242478370666504
0778064001,2020-09-23,20,19.837881088256836
0778064001,2020-09-24,22,21.724525451660156
0778064001,2020-09-25,22,22.316158294677734
0778064001,2020-09-26,32,32.459381103515625
0778064001,2020-09-27,40,40.299007415771484
0778064001,2020-09-28,40,39.81915283203125
0778064001,2020-09-29,33,32.889739990234375
0778064001,2020-09-30,30,30.18977928161621
0778064001,2020-10-01,30,29.653240203857422
0778064001,2020-10-02,29,29.067319869995117
0778064001,2020-10-03,35,34.521575927734375
0778064001,2020-10-04,29,28.87035369873047
0778064001,2020-10-05,27,26.67180824279785
0778064001,2020-10-06,25,25.428020477294922
0778064001,2020-10-07,26,25.69581413269043
0778064001,2020-10-08,25,24.649520874023438
0778064001,2020-10-09,24,24.245281219482422
0778064001,2020-10-10,27,26.559473037719727
0778064001,2020-10-11,23,23.417131423950195
0778064001,2020-10-12,25,24.625450134277344
0778064001,2020-10-13,24,24.17989730834961
0778064001,2020-10-14,25,24.947738647460938
0778064001,2020-10-15,25,25.14510726928711
0778064001,2020-10-16,25,25.127521514892578
0778064001,2020-10-17,27,27.026283264160156
0778064001,2020-10-18,24,23.65892791748047
0778064001,2020-10-19,24,23.756013870239258
0778064001,2020-10-20,24,24.2410831451416
0778064001,2020-10-21,25,25.01483726501465
0778064001,2020-10-22,28,28.44514274597168
0778064003,2020-09-23,14,13.975747108459473
0778064003,2020-09-24,17,16.874267578125
0778064003,2020-09-25,19,19.426374435424805
0778064003,2020-09-26,24,24.07863998413086
0778064003,2020-09-27,24,24.258569717407227
0778064003,2020-09-28,26,25.806333541870117
0778064003,2020-09-29,22,22.22012710571289
0778064003,2020-09-30,22,21.909696578979492
0778064003,2020-10-01,22,21.89138412475586
0778064003,2020-10-02,21,20.967899322509766
0778064003,2020-10-03,24,23.90134620666504
0778064003,2020-10-04,20,20.16873550415039
0778064003,2020-10-05,20,19.995969772338867
0778064003,2020-10-06,20,20.260770797729492
0778064003,2020-10-07,21,20.747156143188477
0778064003,2020-10-08,20,19.97933578491211
0778064003,2020-10-09,20,20.16259002685547
0778064003,2020-10-10,21,20.962339401245117
0778064003,2020-10-11,20,19.590280532836914
0778064003,2020-10-12,19,19.37089729309082
0778064003,2020-10-13,20,19.547801971435547
0778064003,2020-10-14,21,20.607223510742188
0778064003,2020-10-15,21,20.938066482543945
0778064003,2020-10-16,21,20.53360366821289
0778064003,2020-10-17,22,21.67646026611328
0778064003,2020-10-18,20,19.55048942565918
0778064003,2020-10-19,20,19.607206344604492
0778064003,2020-10-20,20,19.84776496887207
0778064003,2020-10-21,21,20.684446334838867
0778064003,2020-10-22,23,22.581674575805664
0778064004,2020-09-23,2,1.9939045906066895
0778064004,2020-09-24,2,1.6373648643493652
0778064004,2020-09-25,2,1.6664280891418457
0778064004,2020-09-26,5,4.737427234649658
0778064004,2020-09-27,2,1.694810152053833
0778064004,2020-09-28,7,6.738715171813965
0778064004,2020-09-29,3,3.450296401977539
0778064004,2020-09-30,2,1.8749665021896362
0778064004,2020-10-01,2,2.3788275718688965
0778064004,2020-10-02,2,2.3928842544555664
0778064004,2020-10-03,3,2.819657564163208
0778064004,2020-10-04,2,2.2568607330322266
0778064004,2020-10-05,2,2.1341679096221924
0778064004,2020-10-06,2,2.2345597743988037
0778064004,2020-10-07,2,2.4037561416625977
0778064004,2020-10-08,2,2.087512969970703
0778064004,2020-10-09,2,1.8298014402389526
0778064004,2020-10-10,2,1.7777454853057861
0778064004,2020-10-11,2,1.5700591802597046
0778064004,2020-10-12,2,1.5258350372314453
0778064004,2020-10-13,2,1.546911597251892
0778064004,2020-10-14,2,1.8204402923583984
0778064004,2020-10-15,1,1.4676358699798584
0778064004,2020-10-16,1,1.2772983312606812
0778064004,2020-10-17,1,1.3089916706085205
0778064004,2020-10-18,1,1.2181965112686157
0778064004,2020-10-19,1,1.2015981674194336
0778064004,2020-10-20,1,1.3870439529418945
0778064004,2020-10-21,1,1.4578198194503784
0778064004,2020-10-22,2,1.5594288110733032
0778064005,2020-09-23,2,1.8548282384872437
0778064005,2020-09-24,1,1.4885027408599854
0778064005,2020-09-25,2,1.5087332725524902
0778064005,2020-09-26,5,4.553586483001709
0778064005,2020-09-27,2,1.5995700359344482
0778064005,2020-09-28,6,6.455069541931152
0778064005,2020-09-29,3,3.2381479740142822
0778064005,2020-09-30,2,1.7535464763641357
0778064005,2020-10-01,2,2.2068443298339844
0778064005,2020-10-02,2,2.2072696685791016
0778064005,2020-10-03,3,2.629382371902466
0778064005,2020-10-04,2,2.0859193801879883
0778064005,2020-10-05,2,1.9844545125961304
0778064005,2020-10-06,2,1.8692017793655396
0778064005,2020-10-07,2,1.8593462705612183
0778064005,2020-10-08,2,1.5125080347061157
0778064005,2020-10-09,1,1.2793580293655396
0778064005,2020-10-10,1,1.3618460893630981
0778064005,2020-10-11,1,1.2420310974121094
0778064005,2020-10-12,1,1.2597821950912476
0778064005,2020-10-13,1,1.3246790170669556
0778064005,2020-10-14,2,1.5815094709396362
0778064005,2020-10-15,1,1.2287050485610962
0778064005,2020-10-16,1,1.1031208038330078
0778064005,2020-10-17,1,1.1510711908340454
0778064005,2020-10-18,1,1.090766191482544
0778064005,2020-10-19,1,1.1327710151672363
0778064005,2020-10-20,1,1.3182170391082764
0778064005,2020-10-21,1,1.3747212886810303
0778064005,2020-10-22,1,1.4676204919815063
0778064028,2020-09-23,4,3.670869827270508
0778064028,2020-09-24,3,2.9753589630126953
0778064028,2020-09-25,3,2.6359329223632812
0778064028,2020-09-26,6,5.8449554443359375
0778064028,2020-09-27,3,2.706559658050537
0778064028,2020-09-28,9,8.706154823303223
0778064028,2020-09-29,5,5.360966205596924
0778064028,2020-09-30,4,3.756883144378662
0778064028,2020-10-01,4,4.008902549743652
0778064028,2020-10-02,4,4.1162190437316895
0778064028,2020-10-03,5,4.589582920074463
0778064028,2020-10-04,4,3.8760132789611816
0778064028,2020-10-05,4,3.659914493560791
0778064028,2020-10-06,4,3.6988539695739746
0778064028,2020-10-07,4,3.8380050659179688
0778064028,2020-10-08,4,3.5381760597229004
0778064028,2020-10-09,3,3.2674124240875244
0778064028,2020-10-10,3,3.4685654640197754
0778064028,2020-10-11,3,3.110952138900757
0778064028,2020-10-12,3,2.933030605316162
0778064028,2020-10-13,3,2.7522549629211426
0778064028,2020-10-14,3,3.168498992919922
0778064028,2020-10-15,3,3.1360998153686523
0778064028,2020-10-16,3,2.8481929302215576
0778064028,2020-10-17,3,2.5977578163146973
0778064028,2020-10-18,2,2.4467997550964355
0778064028,2020-10-19,2,2.342677354812622
0778064028,2020-10-20,3,2.528123617172241
0778064028,2020-10-21,3,2.7200980186462402
0778064028,2020-10-22,3,2.5442135334014893
0780297001,2020-09-23,3,2.6778125762939453
0780297001,2020-09-24,2,2.341322183609009
0780297001,2020-09-25,2,2.4314842224121094
0780297001,2020-09-26,6,5.746084213256836
0780297001,2020-09-27,2,2.3733248710632324
0780297001,2020-09-28,8,7.827218055725098
0780297001,2020-09-29,4,4.004478454589844
0780297001,2020-09-30,3,3.08317232131958
0780297001,2020-10-01,3,3.45404314994812
0780297001,2020-10-02,3,3.491495132446289
0780297001,2020-10-03,4,3.967193365097046
0780297001,2020-10-04,3,3.357872486114502
0780297001,2020-10-05,3,3.240853786468506
0780297001,2020-10-06,3,3.114739179611206
0780297001,2020-10-07,3,3.3572797775268555
0780297001,2020-10-08,3,3.044400215148926
0780297001,2020-10-09,3,2.8452017307281494
0780297001,2020-10-10,3,2.8818511962890625
0780297001,2020-10-11,3,2.616063356399536
0780297001,2020-10-12,2,2.4428017139434814
0780297001,2020-10-13,2,2.4649291038513184
0780297001,2020-10-14,3,2.894127607345581
0780297001,2020-10-15,3,2.5400075912475586
0780297001,2020-10-16,2,2.237990140914917
0780297001,2020-10-17,2,2.402353286743164
0780297001,2020-10-18,2,2.171233654022217
0780297001,2020-10-19,2,2.0776443481445312
0780297001,2020-10-20,2,2.1898627281188965
0780297001,2020-10-21,2,2.2350430488586426
0780297001,2020-10-22,2,2.2959144115448
0781613006,2020-09-23,62,61.91175079345703
0781613006,2020-09-24,62,61.809783935546875
0781613006,2020-09-25,63,62.696983337402344
0781613006,2020-09-26,99,99.2457046508789
0781613006,2020-09-27,101,101.14401245117188
0781613006,2020-09-28,139,139.31173706054688
0781613006,2020-09-29,99,98.60768127441406
0781613006,2020-09-30,85,85.20416259765625
0781613006,2020-10-01,78,78.13688659667969
0781613006,2020-10-02,79,78.64488983154297
0781613006,2020-10-03,82,81.86736297607422
0781613006,2020-10-04,78,77.62834167480469
0781613006,2020-10-05,80,79.79730987548828
0781613006,2020-10-06,80,80.2294692993164
0781613006,2020-10-07,77,77.05715942382812
0781613006,2020-10-08,71,70.8288345336914
0781613006,2020-10-09,64,64.2112808227539
0781613006,2020-10-10,67,66.59358978271484
0781613006,2020-10-11,75,75.3474349975586
0781613006,2020-10-12,67,67.49486541748047
0781613006,2020-10-13,60,59.81403350830078
0781613006,2020-10-14,60,59.79119110107422
0781613006,2020-10-15,60,59.66913604736328
0781613006,2020-10-16,59,58.850704193115234
0781613006,2020-10-17,60,60.149879455566406
0781613006,2020-10-18,61,60.55615997314453
0781613006,2020-10-19,63,63.252628326416016
0781613006,2020-10-20,65,65.3960952758789
0781613006,2020-10-21,70,69.66954040527344
0781613006,2020-10-22,78,78.36724090576172
0783346001,2020-09-23,44,44.182857513427734
0783346001,2020-09-24,51,50.70381546020508
0783346001,2020-09-25,52,52.487144470214844
0783346001,2020-09-26,87,86.53813171386719
0783346001,2020-09-27,63,62.53339767456055
0783346001,2020-09-28,95,95.32915496826172
0783346001,2020-09-29,75,74.59334564208984
0783346001,2020-09-30,75,74.56158447265625
0783346001,2020-10-01,67,66.6803207397461
0783346001,2020-10-02,62,61.60552978515625
0783346001,2020-10-03,71,71.26502990722656
0783346001,2020-10-04,62,62.34968566894531
0783346001,2020-10-05,60,59.65351104736328
0783346001,2020-10-06,58,58.37345504760742
0783346001,2020-10-07,59,59.04208755493164
0783346001,2020-10-08,57,57.39360427856445
0783346001,2020-10-09,51,51.422698974609375
0783346001,2020-10-10,60,59.61124801635742
0783346001,2020-10-11,59,59.115665435791016
0783346001,2020-10-12,56,56.22035217285156
0783346001,2020-10-13,53,52.9653434753418
0783346001,2020-10-14,57,56.83373260498047
0783346001,2020-10-15,60,59.54191207885742
0783346001,2020-10-16,61,61.006099700927734
0783346001,2020-10-17,68,68.19461822509766
0783346001,2020-10-18,66,66.06792449951172
0783346001,2020-10-19,57,56.604549407958984
0783346001,2020-10-20,53,53.45256805419922
0783346001,2020-10-21,59,58.54781723022461
0783346001,2020-10-22,65,64.55160522460938
0783346018,2020-09-23,9,8.87794303894043
0783346018,2020-09-24,10,10.250516891479492
0783346018,2020-09-25,10,10.093750953674316
0783346018,2020-09-26,14,13.57393741607666
0783346018,2020-09-27,8,8.123466491699219
0783346018,2020-09-28,15,15.33681583404541
0783346018,2020-09-29,14,14.225730895996094
0783346018,2020-09-30,14,13.64764404296875
0783346018,2020-10-01,12,12.10538101196289
0783346018,2020-10-02,12,11.696053504943848
0783346018,2020-10-03,12,12.426811218261719
0783346018,2020-10-04,10,9.648122787475586
0783346018,2020-10-05,10,10.111533164978027
0783346018,2020-10-06,11,10.885623931884766
0783346018,2020-10-07,12,11.85943603515625
0783346018,2020-10-08,11,11.265504837036133
0783346018,2020-10-09,11,10.70921516418457
0783346018,2020-10-10,11,11.482253074645996
0783346018,2020-10-11,9,9.354312896728516
0783346018,2020-10-12,9,9.283392906188965
0783346018,2020-10-13,9,9.398063659667969
0783346018,2020-10-14,10,10.491254806518555
0783346018,2020-10-15,11,11.038921356201172
0783346018,2020-10-16,11,10.548317909240723
0783346018,2020-10-17,11,10.558918952941895
0783346018,2020-10-18,8,8.49740982055664
0783346018,2020-10-19,8,8.44639778137207
0783346018,2020-10-20,9,8.806628227233887
0783346018,2020-10-21,10,9.535815238952637
0783346018,2020-10-22,10,10.443096160888672
0783346020,2020-09-23,7,7.253340244293213
0783346020,2020-09-24,8,7.671741485595703
0783346020,2020-09-25,7,7.345968723297119
0783346020,2020-09-26,10,9.973350524902344
0783346020,2020-09-27,5,5.47756814956665
0783346020,2020-09-28,12,12.277311325073242
0783346020,2020-09-29,12,11.659998893737793
0783346020,2020-09-30,12,11.51638126373291
0783346020,2020-10-01,10,9.60714340209961
0783346020,2020-10-02,9,9.028553009033203
0783346020,2020-10-03,9,9.444567680358887
0783346020,2020-10-04,7,7.473621368408203
0783346020,2020-10-05,8,7.7477803230285645
0783346020,2020-10-06,8,7.927714824676514
0783346020,2020-10-07,8,8.254154205322266
0783346020,2020-10-08,8,8.207305908203125
0783346020,2020-10-09,8,8.05666446685791
0783346020,2020-10-10,8,8.350309371948242
0783346020,2020-10-11,7,6.634456634521484
0783346020,2020-10-12,6,6.404363632202148
0783346020,2020-10-13,7,6.52775764465332
0783346020,2020-10-14,7,7.46132230758667
0783346020,2020-10-15,8,7.545019149780273
0783346020,2020-10-16,7,7.223220348358154
0783346020,2020-10-17,7,7.126399040222168
0783346020,2020-10-18,6,5.891441345214844
0783346020,2020-10-19,6,5.732973575592041
0783346020,2020-10-20,6,5.904181003570557
0783346020,2020-10-21,7,6.5263848304748535
0783346020,2020-10-22,7,6.797551155090332
0785018003,2020-09-23,35,34.910316467285156
0785018003,2020-09-24,39,39.02253723144531
0785018003,2020-09-25,43,42.912994384765625
0785018003,2020-09-26,84,83.72732543945312
0785018003,2020-09-27,55,55.13324737548828
0785018003,2020-09-28,85,84.78557586669922
0785018003,2020-09-29,71,71.2963638305664
0785018003,2020-09-30,56,55.78669738769531
0785018003,2020-10-01,49,49.159305572509766
0785018003,2020-10-02,45,44.67582321166992
0785018003,2020-10-03,51,51.079742431640625
0785018003,2020-10-04,47,46.946590423583984
0785018003,2020-10-05,46,45.83330154418945
0785018003,2020-10-06,44,44.0748405456543
0785018003,2020-10-07,43,42.83877944946289
0785018003,2020-10-08,40,39.88483810424805
0785018003,2020-10-09,38,37.62699508666992
0785018003,2020-10-10,42,41.8765869140625
0785018003,2020-10-11,44,44.12331008911133
0785018003,2020-10-12,43,43.39710235595703
0785018003,2020-10-13,41,41.18096160888672
0785018003,2020-10-14,44,44.02217102050781
0785018003,2020-10-15,46,46.25313949584961
0785018003,2020-10-16,43,43.164817810058594
0785018003,2020-10-17,48,47.67822265625
0785018003,2020-10-18,48,48.3773193359375
0785018003,2020-10-19,46,45.74399948120117
0785018003,2020-10-20,46,46.1001091003418
0785018003,2020-10-21,46,46.19574737548828
0785018003,2020-10-22,50,49.59343719482422
0787946002,2020-09-23,30,30.48276710510254
0787946002,2020-09-24,30,30.159337997436523
0787946002,2020-09-25,31,30.749019622802734
0787946002,2020-09-26,54,53.51791763305664
0787946002,2020-09-27,50,50.034767150878906
0787946002,2020-09-28,79,79.41264343261719
0787946002,2020-09-29,62,61.59341049194336
0787946002,2020-09-30,48,47.981719970703125
0787946002,2020-10-01,42,41.87458801269531
0787946002,2020-10-02,42,42.298133850097656
0787946002,2020-10-03,46,46.47223663330078
0787946002,2020-10-04,41,41.35637664794922
0787946002,2020-10-05,42,41.70587158203125
0787946002,2020-10-06,42,41.83135986328125
0787946002,2020-10-07,40,39.82178497314453
0787946002,2020-10-08,36,36.185569763183594
0787946002,2020-10-09,33,33.085182189941406
0787946002,2020-10-10,37,36.63292694091797
0787946002,2020-10-11,34,34.499515533447266
0787946002,2020-10-12,32,32.10116958618164
0787946002,2020-10-13,31,30.608617782592773
0787946002,2020-10-14,33,33.05425262451172
0787946002,2020-10-15,34,33.926971435546875
0787946002,2020-10-16,34,34.487552642822266
0787946002,2020-10-17,36,35.807777404785156
0787946002,2020-10-18,33,33.044864654541016
0787946002,2020-10-19,33,32.92593765258789
0787946002,2020-10-20,33,33.34226608276367
0787946002,2020-10-21,33,33.47212219238281
0787946002,2020-10-22,40,39.62868881225586
0788261001,2020-09-23,2,1.870007038116455
0788261001,2020-09-24,2,1.5072808265686035
0788261001,2020-09-25,2,1.5363433361053467
0788261001,2020-09-26,5,4.5624189376831055
0788261001,2020-09-27,2,1.6084020137786865
0788261001,2020-09-28,6,6.4826788902282715
0788261001,2020-09-29,3,3.2855000495910645
0788261001,2020-09-30,2,1.7721021175384521
0788261001,2020-10-01,2,2.1681551933288574
0788261001,2020-10-02,2,2.216102123260498
0788261001,2020-10-03,3,2.638214349746704
0788261001,2020-10-04,2,2.0947513580322266
0788261001,2020-10-05,2,1.9932868480682373
0788261001,2020-10-06,2,1.8780337572097778
0788261001,2020-10-07,2,1.8681784868240356
0788261001,2020-10-08,2,1.5667763948440552
0788261001,2020-10-09,1,1.3090635538101196
0788261001,2020-10-10,1,1.3912874460220337
0788261001,2020-10-11,1,1.3060998916625977
0788261001,2020-10-12,1,1.2909467220306396
0788261001,2020-10-13,1,1.3558435440063477
0788261001,2020-10-14,2,1.6269456148147583
0788261001,2020-10-15,1,1.2741411924362183
0788261001,2020-10-16,1,1.1239943504333496
0788261001,2020-10-17,1,1.18051278591156
0788261001,2020-10-18,1,1.1320176124572754
0788261001,2020-10-19,1,1.1639355421066284
0788261001,2020-10-20,1,1.3493815660476685
0788261001,2020-10-21,1,1.4201574325561523
0788261001,2020-10-22,2,1.5217664241790771
0788261004,2020-09-23,7,6.571313381195068
0788261004,2020-09-24,4,4.354203224182129
0788261004,2020-09-25,4,4.074936389923096
0788261004,2020-09-26,7,7.405959606170654
0788261004,2020-09-27,4,3.8239054679870605
0788261004,2020-09-28,10,10.014925956726074
0788261004,2020-09-29,10,9.503263473510742
0788261004,2020-09-30,6,6.477363586425781
0788261004,2020-10-01,6,5.851789951324463
0788261004,2020-10-02,6,5.669128894805908
0788261004,2020-10-03,6,6.106569766998291
0788261004,2020-10-04,5,5.2441253662109375
0788261004,2020-10-05,5,5.100992202758789
0788261004,2020-10-06,5,5.347198486328125
0788261004,2020-10-07,6,5.59784460067749
0788261004,2020-10-08,5,5.133948802947998
0788261004,2020-10-09,5,4.900798797607422
0788261004,2020-10-10,5,4.969146251678467
0788261004,2020-10-11,4,4.494739532470703
0788261004,2020-10-12,4,4.360809326171875
0788261004,2020-10-13,4,4.421390533447266
0788261004,2020-10-14,5,4.9366841316223145
0788261004,2020-10-15,5,4.608758449554443
0788261004,2020-10-16,4,4.36692476272583
0788261004,2020-10-17,4,4.391149997711182
0788261004,2020-10-18,4,3.8995814323425293
0788261004,2020-10-19,4,3.5722808837890625
0788261004,2020-10-20,4,3.805840492248535
0788261004,2020-10-21,4,4.080529689788818
0788261004,2020-10-22,4,4.3227386474609375
0790096001,2020-09-23,2,1.8871999979019165
0790096001,2020-09-24,2,1.5113918781280518
0790096001,2020-09-25,2,1.5107991695404053
0790096001,2020-09-26,5,4.516388416290283
0790096001,2020-09-27,2,1.5398503541946411
0790096001,2020-09-28,7,6.5593061447143555
0790096001,2020-09-29,3,3.2745702266693115
0790096001,2020-09-30,2,1.7502367496490479
0790096001,2020-10-01,2,2.222093105316162
0790096001,2020-10-02,2,2.2225184440612793
0790096001,2020-10-03,3,2.6446311473846436
0790096001,2020-10-04,2,2.1270480155944824
0790096001,2020-10-05,2,1.99970281124115
0790096001,2020-10-06,2,1.9118221998214722
0790096001,2020-10-07,2,1.8745949268341064
0790096001,2020-10-08,2,1.69978666305542
0790096001,2020-10-09,1,1.3154797554016113
0790096001,2020-10-10,1,1.4065358638763428
0790096001,2020-10-11,1,1.3472281694412231
0790096001,2020-10-12,1,1.3223778009414673
0790096001,2020-10-13,1,1.4223884344100952
0790096001,2020-10-14,2,1.664565086364746
0790096001,2020-10-15,2,1.5071909427642822
0790096001,2020-10-16,1,1.4457803964614868
0790096001,2020-10-17,1,1.126768708229065
0790096001,2020-10-18,1,1.1642931699752808
0790096001,2020-10-19,1,1.2186683416366577
0790096001,2020-10-20,1,1.4041141271591187
0790096001,2020-10-21,1,1.4748902320861816
0790096001,2020-10-22,2,1.5764989852905273
0791587001,2020-09-23,55,54.5924186706543
0791587001,2020-09-24,53,52.81523895263672
0791587001,2020-09-25,51,51.207664489746094
0791587001,2020-09-26,85,84.60433197021484
0791587001,2020-09-27,76,76.32408905029297
0791587001,2020-09-28,97,96.9026870727539
0791587001,2020-09-29,82,81.75385284423828
0791587001,2020-09-30,65,65.4635238647461
0791587001,2020-10-01,59,59.01681137084961
0791587001,2020-10-02,55,54.764915466308594
0791587001,2020-10-03,59,59.430381774902344
0791587001,2020-10-04,59,59.1295280456543
0791587001,2020-10-05,55,54.828060150146484
0791587001,2020-10-06,51,51.106910705566406
0791587001,2020-10-07,51,51.1518440246582
0791587001,2020-10-08,47,47.280887603759766
0791587001,2020-10-09,42,42.26790237426758
0791587001,2020-10-10,48,47.945465087890625
0791587001,2020-10-11,60,59.73673629760742
0791587001,2020-10-12,52,52.427894592285156
0791587001,2020-10-13,46,45.880218505859375
0791587001,2020-10-14,50,49.870426177978516
0791587001,2020-10-15,51,50.761287689208984
0791587001,2020-10-16,49,49.17798614501953
0791587001,2020-10-17,52,52.326904296875
0791587001,2020-10-18,53,53.38478088378906
0791587001,2020-10-19,53,53.1075439453125
0791587001,2020-10-20,52,52.41584777832031
0791587001,2020-10-21,54,54.4630241394043
0791587001,2020-10-22,62,61.73960494995117
0794575001,2020-09-23,15,15.1637601852417
0794575001,2020-09-24,18,18.312639236450195
0794575001,2020-09-25,19,19.183115005493164
0794575001,2020-09-26,24,23.698266983032227
0794575001,2020-09-27,21,21.16766357421875
0794575001,2020-09-28,27,27.47637367248535
0794575001,2020-09-29,22,22.32278060913086
0794575001,2020-09-30,22,22.45684814453125
0794575001,2020-10-01,29,29.25061798095703
0794575001,2020-10-02,25,24.683095932006836
0794575001,2020-10-03,28,28.189289093017578
0794575001,2020-10-04,21,21.47917938232422
0794575001,2020-10-05,22,21.7799072265625
0794575001,2020-10-06,22,21.922443389892578
0794575001,2020-10-07,22,22.32663917541504
0794575001,2020-10-08,23,23.032493591308594
0794575001,2020-10-09,22,22.023908615112305
0794575001,2020-10-10,23,23.105783462524414
0794575001,2020-10-11,22,21.695682525634766
0794575001,2020-10-12,21,21.173629760742188
0794575001,2020-10-13,21,21.321273803710938
0794575001,2020-10-14,22,22.14089584350586
0794575001,2020-10-15,23,23.029455184936523
0794575001,2020-10-16,23,22.883901596069336
0794575001,2020-10-17,24,23.640384674072266
0794575001,2020-10-18,21,21.219491958618164
0794575001,2020-10-19,21,21.476200103759766
0794575001,2020-10-20,21,21.483478546142578
0794575001,2020-10-21,22,21.95388412475586
0794575001,2020-10-22,24,24.33085823059082
0795440001,2020-09-23,2,2.0765788555145264
0795440001,2020-09-24,2,1.7141932249069214
0795440001,2020-09-25,2,1.5087332725524902
0795440001,2020-09-26,5,4.553586483001709
0795440001,2020-09-27,2,1.5947601795196533
0795440001,2020-09-28,6,6.458567142486572
0795440001,2020-09-29,3,3.304666042327881
0795440001,2020-09-30,2,1.7848260402679443
0795440001,2020-10-01,2,2.141184091567993
0795440001,2020-10-02,2,2.1661720275878906
0795440001,2020-10-03,3,2.5806329250335693
0795440001,2020-10-04,2,2.0091772079467773
0795440001,2020-10-05,2,1.933066725730896
0795440001,2020-10-06,2,1.8561893701553345
0795440001,2020-10-07,2,1.8139103651046753
0795440001,2020-10-08,2,1.5125080347061157
0795440001,2020-10-09,1,1.1913307905197144
0795440001,2020-10-10,1,1.3177958726882935
0795440001,2020-10-11,1,1.2258484363555908
0795440001,2020-10-12,1,1.242836356163025
0795440001,2020-10-13,1,1.3246790170669556
0795440001,2020-10-14,2,1.5815094709396362
0795440001,2020-10-15,1,1.2287050485610962
0795440001,2020-10-16,1,1.1031208038330078
0795440001,2020-10-17,1,1.1510711908340454
0795440001,2020-10-18,1,1.090766191482544
0795440001,2020-10-19,1,1.1327710151672363
0795440001,2020-10-20,1,1.3182170391082764
0795440001,2020-10-21,1,1.3747212886810303
0795440001,2020-10-22,1,1.4676204919815063
0795440003,2020-09-23,2,1.863301157951355
0795440003,2020-09-24,2,1.5157535076141357
0795440003,2020-09-25,2,1.544816255569458
0795440003,2020-09-26,5,4.615815162658691
0795440003,2020-09-27,2,1.5981268882751465
0795440003,2020-09-28,7,6.575250148773193
0795440003,2020-09-29,3,3.2304465770721436
0795440003,2020-09-30,2,1.6859638690948486
0795440003,2020-10-01,2,2.2188076972961426
0795440003,2020-10-02,2,2.266754627227783
0795440003,2020-10-03,3,2.7150118350982666
0795440003,2020-10-04,2,2.1974291801452637
0795440003,2020-10-05,2,2.043938398361206
0795440003,2020-10-06,2,2.1613314151763916
0795440003,2020-10-07,2,2.2889013290405273
0795440003,2020-10-08,2,1.9726591110229492
0795440003,2020-10-09,2,1.5725178718566895
0795440003,2020-10-10,2,1.6715242862701416
0795440003,2020-10-11,1,1.4002357721328735
0795440003,2020-10-12,1,1.3699698448181152
0795440003,2020-10-13,1,1.4616426229476929
0795440003,2020-10-14,2,1.7598755359649658
0795440003,2020-10-15,1,1.4070708751678467
0795440003,2020-10-16,1,1.2160536050796509
0795440003,2020-10-17,1,1.2463171482086182
0795440003,2020-10-18,1,1.1408495903015137
0795440003,2020-10-19,1,1.1727677583694458
0795440003,2020-10-20,1,1.3582135438919067
0795440003,2020-10-21,1,1.4289896488189697
0795440003,2020-10-22,2,1.5305984020233154
0795675001,2020-09-23,3,2.5951037406921387
0795675001,2020-09-24,2,2.269747257232666
0795675001,2020-09-25,2,2.2203259468078613
0795675001,2020-09-26,5,5.444559574127197
0795675001,2020-09-27,2,2.0771617889404297
0795675001,2020-09-28,8,7.650121688842773
0795675001,2020-09-29,4,3.929093599319458
0795675001,2020-09-30,3,2.5668461322784424
0795675001,2020-10-01,3,3.070481300354004
0795675001,2020-10-02,3,3.00010347366333
0795675001,2020-10-03,3,3.4327056407928467
0795675001,2020-10-04,3,2.691890239715576
0795675001,2020-10-05,3,2.6229166984558105
0795675001,2020-10-06,3,2.568065643310547
0795675001,2020-10-07,3,2.7621753215789795
0795675001,2020-10-08,2,2.4480202198028564
0795675001,2020-10-09,2,2.214869737625122
0795675001,2020-10-10,2,2.3346967697143555
0795675001,2020-10-11,2,2.1883962154388428
0795675001,2020-10-12,2,2.1107003688812256
0795675001,2020-10-13,2,2.0788779258728027
0795675001,2020-10-14,2,2.3790905475616455
0795675001,2020-10-15,2,1.9855480194091797
0795675001,2020-10-16,2,1.6013190746307373
0795675001,2020-10-17,2,1.5430482625961304
0795675001,2020-10-18,1,1.3615443706512451
0795675001,2020-10-19,1,1.4086596965789795
0795675001,2020-10-20,2,1.546583652496338
0795675001,2020-10-21,2,1.5921506881713867
0795675001,2020-10-22,2,1.6611248254776
0796210001,2020-09-23,22,22.136734008789062
0796210001,2020-09-24,25,25.140850067138672
0796210001,2020-09-25,29,28.75385284423828
0796210001,2020-09-26,50,50.30107498168945
0796210001,2020-09-27,49,49.169742584228516
0796210001,2020-09-28,65,64.51215362548828
0796210001,2020-09-29,57,56.939720153808594
0796210001,2020-09-30,47,47.01003646850586
0796210001,2020-10-01,42,42.008277893066406
0796210001,2020-10-02,41,40.725303649902344
0796210001,2020-10-03,47,46.81322479248047
0796210001,2020-10-04,40,40.03893280029297
0796210001,2020-10-05,39,38.70518112182617
0796210001,2020-10-06,37,36.954532623291016
0796210001,2020-10-07,37,37.402950286865234
0796210001,2020-10-08,36,35.90486145019531
0796210001,2020-10-09,32,32.3226318359375
0796210001,2020-10-10,37,36.88642883300781
0796210001,2020-10-11,37,37.295921325683594
0796210001,2020-10-12,33,32.888099670410156
0796210001,2020-10-13,31,30.906108856201172
0796210001,2020-10-14,34,33.76187515258789
0796210001,2020-10-15,36,35.56564712524414
0796210001,2020-10-16,33,33.14930725097656
0796210001,2020-10-17,36,36.11571502685547
0796210001,2020-10-18,32,31.830873489379883
0796210001,2020-10-19,31,31.439254760742188
0796210001,2020-10-20,32,31.748653411865234
0796210001,2020-10-21,33,33.070701599121094
0796210001,2020-10-22,40,39.612953186035156
0796210010,2020-09-23,4,4.384640693664551
0796210010,2020-09-24,4,4.037054061889648
0796210010,2020-09-25,4,4.030733585357666
0796210010,2020-09-26,8,7.500199317932129
0796210010,2020-09-27,4,3.852358341217041
0796210010,2020-09-28,9,9.339448928833008
0796210010,2020-09-29,8,7.681030750274658
0796210010,2020-09-30,5,5.444842338562012
0796210010,2020-10-01,5,5.366285800933838
0796210010,2020-10-02,5,5.419582366943359
0796210010,2020-10-03,6,6.015835762023926
0796210010,2020-10-04,5,5.303885459899902
0796210010,2020-10-05,5,4.93298864364624
0796210010,2020-10-06,5,4.829925537109375
0796210010,2020-10-07,5,5.297830104827881
0796210010,2020-10-08,5,5.287572383880615
0796210010,2020-10-09,5,4.988677501678467
0796210010,2020-10-10,5,5.14497709274292
0796210010,2020-10-11,5,4.70201301574707
0796210010,2020-10-12,4,4.47357702255249
0796210010,2020-10-13,5,4.511027812957764
0796210010,2020-10-14,5,5.153604984283447
0796210010,2020-10-15,5,4.944634914398193
0796210010,2020-10-16,5,4.615161418914795
0796210010,2020-10-17,5,4.773058891296387
0796210010,2020-10-18,4,4.211623668670654
0796210010,2020-10-19,4,3.988636016845703
0796210010,2020-10-20,4,3.958665609359741
0796210010,2020-10-21,4,4.319375514984131
0796210010,2020-10-22,5,4.55632209777832
0799365002,2020-09-23,34,34.3204460144043
0799365002,2020-09-24,38,38.47743225097656
0799365002,2020-09-25,42,42.4911994934082
0799365002,2020-09-26,81,80.54360961914062
0799365002,2020-09-27,62,61.78656768798828
0799365002,2020-09-28,97,96.60496520996094
0799365002,2020-09-29,76,76.07022857666016
0799365002,2020-09-30,61,60.849849700927734
0799365002,2020-10-01,49,49.122642517089844
0799365002,2020-10-02,52,52.09053421020508
0799365002,2020-10-03,58,58.0741081237793
0799365002,2020-10-04,52,51.9005241394043
0799365002,2020-10-05,45,45.396339416503906
0799365002,2020-10-06,43,43.29810333251953
0799365002,2020-10-07,43,43.23302459716797
0799365002,2020-10-08,39,38.757232666015625
0799365002,2020-10-09,36,35.93178939819336
0799365002,2020-10-10,41,41.32315444946289
0799365002,2020-10-11,44,44.06155776977539
0799365002,2020-10-12,42,41.94921875
0799365002,2020-10-13,42,41.580902099609375
0799365002,2020-10-14,45,44.97829818725586
0799365002,2020-10-15,44,44.115543365478516
0799365002,2020-10-16,45,44.65861129760742
0799365002,2020-10-17,47,47.22393798828125
0799365002,2020-10-18,49,49.31094741821289
0799365002,2020-10-19,44,44.163238525390625
0799365002,2020-10-20,44,44.36708450317383
0799365002,2020-10-21,46,46.451377868652344
0799365002,2020-10-22,50,49.600406646728516
0799365011,2020-09-23,3,3.1252121925354004
0799365011,2020-09-24,3,3.2104947566986084
0799365011,2020-09-25,3,3.291100025177002
0799365011,2020-09-26,6,6.258678913116455
0799365011,2020-09-27,3,2.6730780601501465
0799365011,2020-09-28,9,8.529020309448242
0799365011,2020-09-29,5,5.239722728729248
0799365011,2020-09-30,4,3.828418493270874
0799365011,2020-10-01,4,4.191228866577148
0799365011,2020-10-02,4,4.289237976074219
0799365011,2020-10-03,5,4.728187561035156
0799365011,2020-10-04,4,3.8760132789611816
0799365011,2020-10-05,4,3.7319412231445312
0799365011,2020-10-06,4,3.6811444759368896
0799365011,2020-10-07,4,4.079996585845947
0799365011,2020-10-08,4,4.030895709991455
0799365011,2020-10-09,4,3.7867047786712646
0799365011,2020-10-10,4,3.591644763946533
0799365011,2020-10-11,3,3.302880048751831
0799365011,2020-10-12,3,3.125002384185791
0799365011,2020-10-13,3,3.0534238815307617
0799365011,2020-10-14,4,3.6042866706848145
0799365011,2020-10-15,4,3.531404495239258
0799365011,2020-10-16,3,3.1182987689971924
0799365011,2020-10-17,3,3.022367000579834
0799365011,2020-10-18,3,2.8735718727111816
0799365011,2020-10-19,3,2.5226376056671143
0799365011,2020-10-20,3,2.637467384338379
0799365011,2020-10-21,3,2.835846424102783
0799365011,2020-10-22,3,2.8068673610687256
0800691007,2020-09-23,21,20.792465209960938
0800691007,2020-09-24,25,25.065521240234375
0800691007,2020-09-25,27,27.339942932128906
0800691007,2020-09-26,51,50.858585357666016
0800691007,2020-09-27,47,46.72977066040039
0800691007,2020-09-28,68,68.45420837402344
0800691007,2020-09-29,57,56.7976188659668
0800691007,2020-09-30,48,48.09794235229492
0800691007,2020-10-01,45,44.95130157470703
0800691007,2020-10-02,42,42.41309356689453
0800691007,2020-10-03,48,47.51465606689453
0800691007,2020-10-04,41,40.791934967041016
0800691007,2020-10-05,40,40.481285095214844
0800691007,2020-10-06,40,39.79218292236328
0800691007,2020-10-07,39,38.95283126831055
0800691007,2020-10-08,37,37.283565521240234
0800691007,2020-10-09,34,34.253108978271484
0800691007,2020-10-10,38,38.2606315612793
0800691007,2020-10-11,39,39.48969650268555
0800691007,2020-10-12,37,36.65894317626953
0800691007,2020-10-13,34,33.770755767822266
0800691007,2020-10-14,37,36.68748092651367
0800691007,2020-10-15,39,38.69567108154297
0800691007,2020-10-16,41,41.183101654052734
0800691007,2020-10-17,44,43.87907791137695
0800691007,2020-10-18,37,37.43978500366211
0800691007,2020-10-19,35,35.488834381103516
0800691007,2020-10-20,35,34.771240234375
0800691007,2020-10-21,38,37.7728385925293
0800691007,2020-10-22,43,42.81773376464844
0800691008,2020-09-23,28,28.04578971862793
0800691008,2020-09-24,35,34.62868881225586
0800691008,2020-09-25,38,37.54852294921875
0800691008,2020-09-26,62,62.40636444091797
0800691008,2020-09-27,54,54.067569732666016
0800691008,2020-09-28,91,91.40897369384766
0800691008,2020-09-29,66,66.17752838134766
0800691008,2020-09-30,60,59.538272857666016
0800691008,2020-10-01,56,56.24688720703125
0800691008,2020-10-02,57,57.307037353515625
0800691008,2020-10-03,66,66.49679565429688
0800691008,2020-10-04,51,50.73820877075195
0800691008,2020-10-05,52,51.935184478759766
0800691008,2020-10-06,49,48.96577453613281
0800691008,2020-10-07,49,49.19580841064453
0800691008,2020-10-08,46,46.0825309753418
0800691008,2020-10-09,40,39.72774887084961
0800691008,2020-10-10,45,45.295005798339844
0800691008,2020-10-11,48,47.91585159301758
0800691008,2020-10-12,42,42.460105895996094
0800691008,2020-10-13,42,41.821434020996094
0800691008,2020-10-14,47,46.60458755493164
0800691008,2020-10-15,49,48.67430114746094
0800691008,2020-10-16,48,47.88349533081055
0800691008,2020-10-17,50,50.0214958190918
0800691008,2020-10-18,52,51.53850555419922
0800691008,2020-10-19,51,50.842281341552734
0800691008,2020-10-20,50,50.153648376464844
0800691008,2020-10-21,52,51.618011474609375
0800691008,2020-10-22,59,58.83857345581055
0803468002,2020-09-23,29,28.631553649902344
0803468002,2020-09-24,31,31.288679122924805
0803468002,2020-09-25,31,31.01544952392578
0803468002,2020-09-26,55,55.37788391113281
0803468002,2020-09-27,47,47.35246276855469
0803468002,2020-09-28,74,73.5208969116211
0803468002,2020-09-29,62,61.99537658691406
0803468002,2020-09-30,53,53.36309051513672
0803468002,2020-10-01,48,47.53815460205078
0803468002,2020-10-02,42,42.2581672668457
0803468002,2020-10-03,50,49.752777099609375
0803468002,2020-10-04,44,44.31697082519531
0803468002,2020-10-05,43,42.894805908203125
0803468002,2020-10-06,41,40.94721603393555
0803468002,2020-10-07,42,42.07589340209961
0803468002,2020-10-08,41,40.501216888427734
0803468002,2020-10-09,40,39.7379035949707
0803468002,2020-10-10,43,43.46022033691406
0803468002,2020-10-11,51,50.67349624633789
0803468002,2020-10-12,41,41.49142837524414
0803468002,2020-10-13,41,41.02095031738281
0803468002,2020-10-14,45,45.299964904785156
0803468002,2020-10-15,45,44.88182830810547
0803468002,2020-10-16,47,46.7154655456543
0803468002,2020-10-17,51,51.37586975097656
0803468002,2020-10-18,48,47.91287612915039
0803468002,2020-10-19,43,43.38310623168945
0803468002,2020-10-20,42,41.586402893066406
0803468002,2020-10-21,46,46.20624923706055
0803468002,2020-10-22,50,49.6895637512207
0803757001,2020-09-23,20,19.80196189880371
0803757001,2020-09-24,26,25.595731735229492
0803757001,2020-09-25,28,27.891067504882812
0803757001,2020-09-26,38,38.10725402832031
0803757001,2020-09-27,41,41.016212463378906
0803757001,2020-09-28,45,45.37421417236328
0803757001,2020-09-29,37,37.07090377807617
0803757001,2020-09-30,33,33.48392868041992
0803757001,2020-10-01,36,35.60361099243164
0803757001,2020-10-02,34,34.024784088134766
0803757001,2020-10-03,40,40.24765396118164
0803757001,2020-10-04,33,32.71419906616211
0803757001,2020-10-05,31,30.502662658691406
0803757001,2020-10-06,28,28.380783081054688
0803757001,2020-10-07,30,29.60882568359375
0803757001,2020-10-08,29,28.929975509643555
0803757001,2020-10-09,29,28.79557228088379
0803757001,2020-10-10,32,32.026634216308594
0803757001,2020-10-11,30,29.672792434692383
0803757001,2020-10-12,30,30.332368850708008
0803757001,2020-10-13,28,27.5079288482666
0803757001,2020-10-14,29,29.0103759765625
0803757001,2020-10-15,30,29.819931030273438
0803757001,2020-10-16,30,29.794105529785156
0803757001,2020-10-17,33,32.59962844848633
0803757001,2020-10-18,29,28.616212844848633
0803757001,2020-10-19,27,26.89348602294922
0803757001,2020-10-20,25,25.063217163085938
0803757001,2020-10-21,30,29.563312530517578
0803757001,2020-10-22,36,35.5892219543457
0803757004,2020-09-23,23,22.741865158081055
0803757004,2020-09-24,26,25.583959579467773
0803757004,2020-09-25,29,28.732162475585938
0803757004,2020-09-26,51,51.3316535949707
0803757004,2020-09-27,49,49.19484329223633
0803757004,2020-09-28,71,71.11345672607422
0803757004,2020-09-29,61,61.196590423583984
0803757004,2020-09-30,50,50.382198333740234
0803757004,2020-10-01,48,48.08211135864258
0803757004,2020-10-02,44,44.431053161621094
0803757004,2020-10-03,50,49.51219940185547
0803757004,2020-10-04,46,45.600364685058594
0803757004,2020-10-05,44,44.37249755859375
0803757004,2020-10-06,42,42.426429748535156
0803757004,2020-10-07,44,44.13516616821289
0803757004,2020-10-08,42,41.94831085205078
0803757004,2020-10-09,41,40.97909927368164
0803757004,2020-10-10,46,46.32038879394531
0803757004,2020-10-11,58,58.202667236328125
0803757004,2020-10-12,45,44.68737030029297
0803757004,2020-10-13,44,43.99493408203125
0803757004,2020-10-14,49,49.260231018066406
0803757004,2020-10-15,51,50.510719299316406
0803757004,2020-10-16,50,49.87717819213867
0803757004,2020-10-17,53,53.01264190673828
0803757004,2020-10-18,53,52.59209442138672
0803757004,2020-10-19,50,50.14188003540039
0803757004,2020-10-20,49,49.43288803100586
0803757004,2020-10-21,52,52.061256408691406
0803757004,2020-10-22,58,57.95319366455078
0803772002,2020-09-23,3,3.319143295288086
0803772002,2020-09-24,3,3.358598232269287
0803772002,2020-09-25,3,3.49013614654541
0803772002,2020-09-26,7,6.654208183288574
0803772002,2020-09-27,3,2.915186882019043
0803772002,2020-09-28,9,8.758091926574707
0803772002,2020-09-29,5,5.2559709548950195
0803772002,2020-09-30,4,3.8858792781829834
0803772002,2020-10-01,4,4.248475551605225
0803772002,2020-10-02,4,4.306313514709473
0803772002,2020-10-03,5,4.852199077606201
0803772002,2020-10-04,4,3.8010129928588867
0803772002,2020-10-05,4,3.6109938621520996
0803772002,2020-10-06,4,3.626389503479004
0803772002,2020-10-07,4,3.950012445449829
0803772002,2020-10-08,4,3.6228039264678955
0803772002,2020-10-09,3,3.1881935596466064
0803772002,2020-10-10,3,3.365511894226074
0803772002,2020-10-11,3,2.9929168224334717
0803772002,2020-10-12,3,2.7718913555145264
0803772002,2020-10-13,3,2.715533494949341
0803772002,2020-10-14,3,3.1044557094573975
0803772002,2020-10-15,3,2.783592939376831
0803772002,2020-10-16,2,2.4174773693084717
0803772002,2020-10-17,3,2.517967700958252
0803772002,2020-10-18,2,2.3495726585388184
0803772002,2020-10-19,2,2.1356849670410156
0803772002,2020-10-20,2,2.3211312294006348
0803772002,2020-10-21,2,2.3572750091552734
0803772002,2020-10-22,2,2.3621058464050293
0805000001,2020-09-23,29,28.87458038330078
0805000001,2020-09-24,32,32.335304260253906
0805000001,2020-09-25,35,34.93803405761719
0805000001,2020-09-26,60,59.98518753051758
0805000001,2020-09-27,52,52.451717376708984
0805000001,2020-09-28,77,77.26447296142578
0805000001,2020-09-29,69,69.32933807373047
0805000001,2020-09-30,57,56.512454986572266
0805000001,2020-10-01,53,53.435569763183594
0805000001,2020-10-02,54,54.0019416809082
0805000001,2020-10-03,66,66.13253784179688
0805000001,2020-10-04,57,57.04509353637695
0805000001,2020-10-05,60,59.68357849121094
0805000001,2020-10-06,57,57.15821838378906
0805000001,2020-10-07,54,53.674644470214844
0805000001,2020-10-08,50,49.7698974609375
0805000001,2020-10-09,42,42.220314025878906
0805000001,2020-10-10,48,47.53719711303711
0805000001,2020-10-11,57,56.73539352416992
0805000001,2020-10-12,49,49.21269989013672
0805000001,2020-10-13,45,45.36892318725586
0805000001,2020-10-14,50,49.986942291259766
0805000001,2020-10-15,51,50.64537811279297
0805000001,2020-10-16,49,49.46226119995117
0805000001,2020-10-17,53,53.15639114379883
0805000001,2020-10-18,53,52.763633728027344
0805000001,2020-10-19,49,48.9371223449707
0805000001,2020-10-20,46,46.234153747558594
0805000001,2020-10-21,49,49.11271286010742
0805000001,2020-10-22,57,56.7567138671875
0806225002,2020-09-23,5,4.719889163970947
0806225002,2020-09-24,5,4.647611141204834
0806225002,2020-09-25,4,4.172545433044434
0806225002,2020-09-26,7,7.142051696777344
0806225002,2020-09-27,4,3.629840135574341
0806225002,2020-09-28,10,9.754499435424805
0806225002,2020-09-29,8,7.743086814880371
0806225002,2020-09-30,6,5.5877766609191895
0806225002,2020-10-01,5,5.422355651855469
0806225002,2020-10-02,5,5.2887372970581055
0806225002,2020-10-03,6,5.762844085693359
0806225002,2020-10-04,5,4.969625473022461
0806225002,2020-10-05,5,4.624773025512695
0806225002,2020-10-06,5,4.863564491271973
0806225002,2020-10-07,5,5.3040971755981445
0806225002,2020-10-08,5,5.229290962219238
0806225002,2020-10-09,5,4.958052635192871
0806225002,2020-10-10,5,4.939235687255859
0806225002,2020-10-11,4,4.387561321258545
0806225002,2020-10-12,4,4.374290943145752
0806225002,2020-10-13,4,4.462387561798096
0806225002,2020-10-14,5,5.006631374359131
0806225002,2020-10-15,5,4.919921398162842
0806225002,2020-10-16,5,4.605370044708252
0806225002,2020-10-17,4,4.338815689086914
0806225002,2020-10-18,4,4.011969566345215
0806225002,2020-10-19,4,3.9565887451171875
0806225002,2020-10-20,4,3.9880356788635254
0806225002,2020-10-21,4,4.248807907104492
0806225002,2020-10-22,5,4.584654808044434
0806388001,2020-09-23,22,21.91197395324707
0806388001,2020-09-24,25,25.466154098510742
0806388001,2020-09-25,30,30.30495262145996
0806388001,2020-09-26,57,56.54452896118164
0806388001,2020-09-27,48,48.35765075683594
0806388001,2020-09-28,80,79.72098541259766
0806388001,2020-09-29,69,68.8931884765625
0806388001,2020-09-30,57,57.43001937866211
0806388001,2020-10-01,52,51.69864273071289
0806388001,2020-10-02,48,48.013084411621094
0806388001,2020-10-03,59,59.101287841796875
0806388001,2020-10-04,56,56.10206985473633
0806388001,2020-10-05,57,56.91035461425781
0806388001,2020-10-06,51,50.935821533203125
0806388001,2020-10-07,50,49.742637634277344
0806388001,2020-10-08,42,42.331607818603516
0806388001,2020-10-09,39,38.95020294189453
0806388001,2020-10-10,43,42.59575653076172
0806388001,2020-10-11,47,47.1531867980957
0806388001,2020-10-12,44,43.69120788574219
0806388001,2020-10-13,44,44.18388366699219
0806388001,2020-10-14,47,46.845314025878906
0806388001,2020-10-15,49,48.866310119628906
0806388001,2020-10-16,49,48.58167266845703
0806388001,2020-10-17,50,50.291297912597656
0806388001,2020-10-18,46,46.197998046875
0806388001,2020-10-19,44,44.431312561035156
0806388001,2020-10-20,47,46.82992172241211
0806388001,2020-10-21,48,47.52973175048828
0806388001,2020-10-22,51,50.64227294921875
0806388002,2020-09-23,32,31.629451751708984
0806388002,2020-09-24,33,33.32989501953125
0806388002,2020-09-25,33,33.327823638916016
0806388002,2020-09-26,57,56.98004150390625
0806388002,2020-09-27,50,49.583152770996094
0806388002,2020-09-28,84,84.35633850097656
0806388002,2020-09-29,66,66.41761016845703
0806388002,2020-09-30,56,55.522926330566406
0806388002,2020-10-01,53,52.60972213745117
0806388002,2020-10-02,49,48.58039474487305
0806388002,2020-10-03,61,61.27144241333008
0806388002,2020-10-04,55,54.519474029541016
0806388002,2020-10-05,55,54.69023132324219
0806388002,2020-10-06,50,50.12424850463867
0806388002,2020-10-07,50,49.57595443725586
0806388002,2020-10-08,43,43.11111068725586
0806388002,2020-10-09,39,39.34698486328125
0806388002,2020-10-10,43,43.26456832885742
0806388002,2020-10-11,48,48.28599166870117
0806388002,2020-10-12,43,43.44043731689453
0806388002,2020-10-13,44,44.032920837402344
0806388002,2020-10-14,50,49.652217864990234
0806388002,2020-10-15,50,49.610511779785156
0806388002,2020-10-16,50,49.95857620239258
0806388002,2020-10-17,50,50.05854797363281
0806388002,2020-10-18,48,47.99842834472656
0806388002,2020-10-19,46,45.73203659057617
0806388002,2020-10-20,44,44.24074935913086
0806388002,2020-10-21,47,47.04110336303711
0806388002,2020-10-22,51,50.54419708251953
0806388003,2020-09-23,14,14.397507667541504
0806388003,2020-09-24,15,15.443401336669922
0806388003,2020-09-25,18,17.537527084350586
0806388003,2020-09-26,23,22.660503387451172
0806388003,2020-09-27,15,15.458892822265625
0806388003,2020-09-28,31,31.22818946838379
0806388003,2020-09-29,26,25.541147232055664
0806388003,2020-09-30,23,22.510543823242188
0806388003,2020-10-01,23,22.915971755981445
0806388003,2020-10-02,21,21.033859252929688
0806388003,2020-10-03,23,23.377613067626953
0806388003,2020-10-04,19,18.953771591186523
0806388003,2020-10-05,19,18.622426986694336
0806388003,2020-10-06,19,18.600887298583984
0806388003,2020-10-07,19,18.86869239807129
0806388003,2020-10-08,18,18.465940475463867
0806388003,2020-10-09,18,17.897117614746094
0806388003,2020-10-10,19,19.456762313842773
0806388003,2020-10-11,17,16.984779357910156
0806388003,2020-10-12,17,17.200586318969727
0806388003,2020-10-13,18,18.22047233581543
0806388003,2020-10-14,19,19.24581527709961
0806388003,2020-10-15,19,19.395771026611328
0806388003,2020-10-16,19,18.931854248046875
0806388003,2020-10-17,19,19.335092544555664
0806388003,2020-10-18,16,16.310060501098633
0806388003,2020-10-19,17,16.612525939941406
0806388003,2020-10-20,17,17.247127532958984
0806388003,2020-10-21,19,18.950515747070312
0806388003,2020-10-22,21,20.689245223999023
0806388005,2020-09-23,11,10.575291633605957
0806388005,2020-09-24,12,12.149263381958008
0806388005,2020-09-25,12,11.631356239318848
0806388005,2020-09-26,15,14.702864646911621
0806388005,2020-09-27,10,9.5424165725708
0806388005,2020-09-28,17,17.202653884887695
0806388005,2020-09-29,17,16.748363494873047
0806388005,2020-09-30,16,16.015329360961914
0806388005,2020-10-01,13,13.496024131774902
0806388005,2020-10-02,13,12.529650688171387
0806388005,2020-10-03,13,13.130617141723633
0806388005,2020-10-04,11,10.78734302520752
0806388005,2020-10-05,11,11.042911529541016
0806388005,2020-10-06,11,11.344472885131836
0806388005,2020-10-07,12,12.180227279663086
0806388005,2020-10-08,12,12.168716430664062
0806388005,2020-10-09,11,11.350592613220215
0806388005,2020-10-10,12,11.763341903686523
0806388005,2020-10-11,10,9.962352752685547
0806388005,2020-10-12,10,9.50538444519043
0806388005,2020-10-13,10,10.19422435760498
0806388005,2020-10-14,11,11.383645057678223
0806388005,2020-10-15,11,11.265679359436035
0806388005,2020-10-16,11,10.800826072692871
0806388005,2020-10-17,11,10.922327041625977
0806388005,2020-10-18,9,8.812153816223145
0806388005,2020-10-19,9,8.775552749633789
0806388005,2020-10-20,9,9.09234619140625
0806388005,2020-10-21,10,10.187299728393555
0806388005,2020-10-22,11,11.491752624511719
0809961002,2020-09-23,26,26.087182998657227
0809961002,2020-09-24,33,32.734249114990234
0809961002,2020-09-25,34,34.43409729003906
0809961002,2020-09-26,60,59.840885162353516
0809961002,2020-09-27,46,45.781578063964844
0809961002,2020-09-28,67,67.11673736572266
0809961002,2020-09-29,59,59.177677154541016
0809961002,2020-09-30,50,50.049198150634766
0809961002,2020-10-01,45,45.25706100463867
0809961002,2020-10-02,43,43.18320083618164
0809961002,2020-10-03,50,49.998722076416016
0809961002,2020-10-04,42,42.00566482543945
0809961002,2020-10-05,41,40.566890716552734
0809961002,2020-10-06,41,40.512046813964844
0809961002,2020-10-07,42,41.82058334350586
0809961002,2020-10-08,42,41.54661560058594
0809961002,2020-10-09,40,40.20616912841797
0809961002,2020-10-10,44,43.852684020996094
0809961002,2020-10-11,44,43.71086883544922
0809961002,2020-10-12,40,40.41136169433594
0809961002,2020-10-13,41,40.732078552246094
0809961002,2020-10-14,44,44.18000030517578
0809961002,2020-10-15,45,45.10871124267578
0809961002,2020-10-16,43,42.97329330444336
0809961002,2020-10-17,45,45.48515319824219
0809961002,2020-10-18,43,42.613494873046875
0809961002,2020-10-19,41,40.973594665527344
0809961002,2020-10-20,41,40.996891021728516
0809961002,2020-10-21,43,42.91780471801758
0809961002,2020-10-22,47,46.72482681274414
0810838010,2020-09-23,6,6.351080417633057
0810838010,2020-09-24,5,4.563251972198486
0810838010,2020-09-25,4,4.250454425811768
0810838010,2020-09-26,8,7.580661773681641
0810838010,2020-09-27,4,3.9893789291381836
0810838010,2020-09-28,10,10.20515251159668
0810838010,2020-09-29,10,9.521502494812012
0810838010,2020-09-30,7,6.6395583152771
0810838010,2020-10-01,6,6.1555399894714355
0810838010,2020-10-02,6,6.173671722412109
0810838010,2020-10-03,7,6.6964192390441895
0810838010,2020-10-04,5,5.443930625915527
0810838010,2020-10-05,5,5.347834587097168
0810838010,2020-10-06,5,5.494962215423584
0810838010,2020-10-07,6,5.852596759796143
0810838010,2020-10-08,6,5.5664262771606445
0810838010,2020-10-09,5,5.213221549987793
0810838010,2020-10-10,5,5.4969258308410645
0810838010,2020-10-11,5,4.809325218200684
0810838010,2020-10-12,5,4.564253807067871
0810838010,2020-10-13,5,4.742364883422852
0810838010,2020-10-14,5,5.460989475250244
0810838010,2020-10-15,5,5.367004871368408
0810838010,2020-10-16,5,5.203806400299072
0810838010,2020-10-17,5,5.132893085479736
0810838010,2020-10-18,5,4.548649787902832
0810838010,2020-10-19,4,4.419152736663818
0810838010,2020-10-20,5,4.587648868560791
0810838010,2020-10-21,5,4.997682571411133
0810838010,2020-10-22,5,5.126277446746826
0811887001,2020-09-23,2,1.8652349710464478
0811887001,2020-09-24,2,1.5176880359649658
0811887001,2020-09-25,2,1.5260746479034424
0811887001,2020-09-26,5,4.57092809677124
0811887001,2020-09-27,2,1.5720183849334717
0811887001,2020-09-28,7,6.542591094970703
0811887001,2020-09-29,3,3.2457544803619385
0811887001,2020-09-30,2,1.6860003471374512
0811887001,2020-10-01,2,2.2061901092529297
0811887001,2020-10-02,2,2.2541370391845703
0811887001,2020-10-03,3,2.6762497425079346
0811887001,2020-10-04,2,2.1586666107177734
0811887001,2020-10-05,2,2.043938398361206
0811887001,2020-10-06,2,2.1172807216644287
0811887001,2020-10-07,2,2.2889013290405273
0811887001,2020-10-08,2,1.9726591110229492
0811887001,2020-10-09,1,1.4863097667694092
0811887001,2020-10-10,2,1.564943552017212
0811887001,2020-10-11,1,1.4176090955734253
0811887001,2020-10-12,1,1.387342929840088
0811887001,2020-10-13,1,1.4790159463882446
0811887001,2020-10-14,2,1.753324031829834
0811887001,2020-10-15,1,1.4005193710327148
0811887001,2020-10-16,1,1.2334269285202026
0811887001,2020-10-17,1,1.241319179534912
0811887001,2020-10-18,1,1.1928240060806274
0811887001,2020-10-19,1,1.1985969543457031
0811887001,2020-10-20,1,1.3840429782867432
0811887001,2020-10-21,1,1.437462329864502
0811887001,2020-10-22,2,1.5390713214874268
0811925009,2020-09-23,5,4.65571403503418
0811925009,2020-09-24,4,4.4918599128723145
0811925009,2020-09-25,4,4.344353199005127
0811925009,2020-09-26,8,7.621136665344238
0811925009,2020-09-27,4,3.731809377670288
0811925009,2020-09-28,9,9.484113693237305
0811925009,2020-09-29,8,7.692237377166748
0811925009,2020-09-30,6,5.80685567855835
0811925009,2020-10-01,6,5.837683200836182
0811925009,2020-10-02,5,5.446385860443115
0811925009,2020-10-03,6,5.956883907318115
0811925009,2020-10-04,5,5.055160999298096
0811925009,2020-10-05,5,4.853085994720459
0811925009,2020-10-06,5,4.849205017089844
0811925009,2020-10-07,5,5.289262771606445
0811925009,2020-10-08,5,5.201406002044678
0811925009,2020-10-09,5,4.9567437171936035
0811925009,2020-10-10,5,5.046191215515137
0811925009,2020-10-11,5,4.5897016525268555
0811925009,2020-10-12,4,4.376926898956299
0811925009,2020-10-13,5,4.5039753913879395
0811925009,2020-10-14,5,5.031322479248047
0811925009,2020-10-15,5,5.0169477462768555
0811925009,2020-10-16,5,4.853274345397949
0811925009,2020-10-17,5,4.520542144775391
0811925009,2020-10-18,4,4.023610591888428
0811925009,2020-10-19,4,3.9906344413757324
0811925009,2020-10-20,4,3.9880356788635254
0811925009,2020-10-21,4,4.338729381561279
0811925009,2020-10-22,5,4.584654808044434
0816563001,2020-09-23,4,4.012012004852295
0816563001,2020-09-24,3,3.2650647163391113
0816563001,2020-09-25,3,3.035318374633789
0816563001,2020-09-26,6,6.310964584350586
0816563001,2020-09-27,3,2.7614119052886963
0816563001,2020-09-28,9,8.634310722351074
0816563001,2020-09-29,5,5.373514175415039
0816563001,2020-09-30,4,3.88293719291687
0816563001,2020-10-01,4,4.107248306274414
0816563001,2020-10-02,4,4.185863018035889
0816563001,2020-10-03,5,4.650862216949463
0816563001,2020-10-04,4,3.861133337020874
0816563001,2020-10-05,4,3.5699424743652344
0816563001,2020-10-06,4,3.72947096824646
0816563001,2020-10-07,4,3.83237361907959
0816563001,2020-10-08,4,3.5489017963409424
0816563001,2020-10-09,3,3.277663230895996
0816563001,2020-10-10,3,3.4876930713653564
0816563001,2020-10-11,3,3.111478328704834
0816563001,2020-10-12,3,2.9837865829467773
0816563001,2020-10-13,3,2.7615535259246826
0816563001,2020-10-14,3,3.2388877868652344
0816563001,2020-10-15,3,3.1838910579681396
0816563001,2020-10-16,3,3.0467939376831055
0816563001,2020-10-17,3,2.7686374187469482
0816563001,2020-10-18,3,2.504760980606079
0816563001,2020-10-19,2,2.3376541137695312
0816563001,2020-10-20,3,2.5374221801757812
0816563001,2020-10-21,3,2.702024459838867
0816563001,2020-10-22,3,2.7977728843688965
0817472002,2020-09-23,3,2.782585382461548
0817472002,2020-09-24,2,2.409531593322754
0817472002,2020-09-25,2,2.360020399093628
0817472002,2020-09-26,5,5.427515983581543
0817472002,2020-09-27,3,2.5650899410247803
0817472002,2020-09-28,8,8.07452392578125
0817472002,2020-09-29,5,5.382137775421143
0817472002,2020-09-30,4,3.8896331787109375
0817472002,2020-10-01,4,3.6724443435668945
0817472002,2020-10-02,4,3.566831350326538
0817472002,2020-10-03,4,3.9296603202819824
0817472002,2020-10-04,3,3.4237000942230225
0817472002,2020-10-05,3,3.2679572105407715
0817472002,2020-10-06,3,3.344386100769043
0817472002,2020-10-07,3,3.4583730697631836
0817472002,2020-10-08,3,3.145493745803833
0817472002,2020-10-09,3,2.898169994354248
0817472002,2020-10-10,3,2.9242002964019775
0817472002,2020-10-11,3,2.683164596557617
0817472002,2020-10-12,2,2.411623477935791
0817472002,2020-10-13,2,2.4851648807525635
0817472002,2020-10-14,3,2.835817813873291
0817472002,2020-10-15,3,2.663602590560913
0817472002,2020-10-16,2,2.398550033569336
0817472002,2020-10-17,2,2.269395112991333
0817472002,2020-10-18,2,2.137345552444458
0817472002,2020-10-19,2,2.0348737239837646
0817472002,2020-10-20,2,2.2085092067718506
0817472002,2020-10-21,2,2.4469735622406006
0817472002,2020-10-22,2,2.3497543334960938
0824337001,2020-09-23,3,3.39011812210083
0824337001,2020-09-24,3,3.1676177978515625
0824337001,2020-09-25,3,2.9772822856903076
0824337001,2020-09-26,6,6.039512634277344
0824337001,2020-09-27,2,2.35063099861145
0824337001,2020-09-28,9,8.723949432373047
0824337001,2020-09-29,5,5.3620500564575195
0824337001,2020-09-30,4,3.8213608264923096
0824337001,2020-10-01,4,4.082595348358154
0824337001,2020-10-02,4,4.1521711349487305
0824337001,2020-10-03,5,4.625652313232422
0824337001,2020-10-04,4,3.9199299812316895
0824337001,2020-10-05,4,3.608839988708496
0824337001,2020-10-06,4,3.7813217639923096
0824337001,2020-10-07,4,3.9148621559143066
0824337001,2020-10-08,4,3.780190944671631
0824337001,2020-10-09,3,3.3131320476531982
0824337001,2020-10-10,4,3.5012340545654297
0824337001,2020-10-11,3,3.170196294784546
0824337001,2020-10-12,3,3.074215888977051
0824337001,2020-10-13,3,3.110537052154541
0824337001,2020-10-14,3,3.4467356204986572
0824337001,2020-10-15,3,3.275796413421631
0824337001,2020-10-16,3,3.0648677349090576
0824337001,2020-10-17,3,2.9485349655151367
0824337001,2020-10-18,3,2.651068687438965
0824337001,2020-10-19,2,2.421163320541382
0824337001,2020-10-20,3,2.5554957389831543
0824337001,2020-10-21,3,2.7200980186462402
0824337001,2020-10-22,3,2.8068673610687256
0827411001,2020-09-23,2,2.4678444862365723
0827411001,2020-09-24,2,2.4114043712615967
0827411001,2020-09-25,2,2.131824493408203
0827411001,2020-09-26,5,5.209493160247803
0827411001,2020-09-27,2,2.181710720062256
0827411001,2020-09-28,8,7.780526638031006
0827411001,2020-09-29,4,4.010699272155762
0827411001,2020-09-30,3,2.9455361366271973
0827411001,2020-10-01,3,3.151390790939331
0827411001,2020-10-02,3,3.0956969261169434
0827411001,2020-10-03,4,3.680779218673706
0827411001,2020-10-04,3,2.969728469848633
0827411001,2020-10-05,3,2.7856311798095703
0827411001,2020-10-06,3,2.707529067993164
0827411001,2020-10-07,3,2.9172351360321045
0827411001,2020-10-08,3,2.6161303520202637
0827411001,2020-10-09,2,2.27770733833313
0827411001,2020-10-10,3,2.5638561248779297
0827411001,2020-10-11,2,2.2707760334014893
0827411001,2020-10-12,2,2.1440632343292236
0827411001,2020-10-13,2,2.1854686737060547
0827411001,2020-10-14,3,2.5287325382232666
0827411001,2020-10-15,2,2.2906527519226074
0827411001,2020-10-16,2,2.14050555229187
0827411001,2020-10-17,2,1.988257646560669
0827411001,2020-10-18,2,1.6455014944076538
0827411001,2020-10-19,2,1.58480703830719
0827411001,2020-10-20,2,1.7540689706802368
0827411001,2020-10-21,2,1.7626581192016602
0827411001,2020-10-22,2,1.8642672300338745
0827635001,2020-09-23,15,15.484742164611816
0827635001,2020-09-24,17,16.952213287353516
0827635001,2020-09-25,18,17.626304626464844
0827635001,2020-09-26,24,23.870372772216797
0827635001,2020-09-27,22,21.711597442626953
0827635001,2020-09-28,27,26.791696548461914
0827635001,2020-09-29,22,22.353286743164062
0827635001,2020-09-30,22,22.057456970214844
0827635001,2020-10-01,21,21.17738151550293
0827635001,2020-10-02,20,20.129371643066406
0827635001,2020-10-03,23,23.40159797668457
0827635001,2020-10-04,21,20.51531982421875
0827635001,2020-10-05,21,20.500436782836914
0827635001,2020-10-06,20,20.269800186157227
0827635001,2020-10-07,21,20.783775329589844
0827635001,2020-10-08,20,20.40791130065918
0827635001,2020-10-09,20,19.866405487060547
0827635001,2020-10-10,22,21.631357192993164
0827635001,2020-10-11,20,19.834915161132812
0827635001,2020-10-12,20,19.7655086517334
0827635001,2020-10-13,20,19.79088592529297
0827635001,2020-10-14,21,20.953296661376953
0827635001,2020-10-15,21,21.198118209838867
0827635001,2020-10-16,21,21.08714485168457
0827635001,2020-10-17,22,22.31777572631836
0827635001,2020-10-18,20,19.904293060302734
0827635001,2020-10-19,20,20.25507926940918
0827635001,2020-10-20,20,20.327924728393555
0827635001,2020-10-21,21,20.99492645263672
0827635001,2020-10-22,23,22.90461540222168
0827968001,2020-09-23,42,41.82707595825195
0827968001,2020-09-24,50,50.078590393066406
0827968001,2020-09-25,53,53.171058654785156
0827968001,2020-09-26,102,101.59432220458984
0827968001,2020-09-27,77,77.4355697631836
0827968001,2020-09-28,113,113.29476165771484
0827968001,2020-09-29,89,88.96845245361328
0827968001,2020-09-30,78,78.07530975341797
0827968001,2020-10-01,76,76.1402587890625
0827968001,2020-10-02,71,71.14600372314453
0827968001,2020-10-03,81,80.5770263671875
0827968001,2020-10-04,74,74.40318298339844
0827968001,2020-10-05,69,68.75394439697266
0827968001,2020-10-06,65,65.4400634765625
0827968001,2020-10-07,62,61.952945709228516
0827968001,2020-10-08,57,57.054996490478516
0827968001,2020-10-09,51,51.38846206665039
0827968001,2020-10-10,62,62.281639099121094
0827968001,2020-10-11,70,70.459228515625
0827968001,2020-10-12,64,64.17599487304688
0827968001,2020-10-13,63,63.003387451171875
0827968001,2020-10-14,63,62.76845932006836
0827968001,2020-10-15,62,61.89231491088867
0827968001,2020-10-16,58,58.28791046142578
0827968001,2020-10-17,64,64.06342315673828
0827968001,2020-10-18,64,64.08403015136719
0827968001,2020-10-19,65,64.5766830444336
0827968001,2020-10-20,62,61.774269104003906
0827968001,2020-10-21,68,68.36323547363281
0827968001,2020-10-22,76,75.97747802734375
0827968004,2020-09-23,34,33.77766799926758
0827968004,2020-09-24,39,39.063602447509766
0827968004,2020-09-25,42,41.58841323852539
0827968004,2020-09-26,79,79.06279754638672
0827968004,2020-09-27,63,62.910865783691406
0827968004,2020-09-28,97,97.17545318603516
0827968004,2020-09-29,90,89.7153549194336
0827968004,2020-09-30,83,83.26404571533203
0827968004,2020-10-01,71,71.05157470703125
0827968004,2020-10-02,61,61.10672378540039
0827968004,2020-10-03,66,65.58914184570312
0827968004,2020-10-04,59,59.431480407714844
0827968004,2020-10-05,57,56.56413269042969
0827968004,2020-10-06,53,52.71395492553711
0827968004,2020-10-07,50,50.22700500488281
0827968004,2020-10-08,46,46.34896469116211
0827968004,2020-10-09,40,39.69668960571289
0827968004,2020-10-10,44,44.070560455322266
0827968004,2020-10-11,52,52.42460250854492
0827968004,2020-10-12,44,44.2905387878418
0827968004,2020-10-13,44,44.02970886230469
0827968004,2020-10-14,48,47.84514236450195
0827968004,2020-10-15,46,46.28306198120117
0827968004,2020-10-16,45,45.137908935546875
0827968004,2020-10-17,52,51.5322151184082
0827968004,2020-10-18,50,49.970863342285156
0827968004,2020-10-19,48,48.08128356933594
0827968004,2020-10-20,50,49.55366897583008
0827968004,2020-10-21,53,53.30569076538086
0827968004,2020-10-22,60,60.09856033325195
0832330002,2020-09-23,4,3.6491503715515137
0832330002,2020-09-24,3,2.5447332859039307
0832330002,2020-09-25,2,2.45599365234375
0832330002,2020-09-26,6,5.565696716308594
0832330002,2020-09-27,2,2.3740038871765137
0832330002,2020-09-28,8,8.048049926757812
0832330002,2020-09-29,5,5.210803508758545
0832330002,2020-09-30,4,3.5631370544433594
0832330002,2020-10-01,4,3.6809003353118896
0832330002,2020-10-02,4,3.5834598541259766
0832330002,2020-10-03,4,4.071338653564453
0832330002,2020-10-04,4,3.599086284637451
0832330002,2020-10-05,3,3.4092509746551514
0832330002,2020-10-06,3,3.424173355102539
0832330002,2020-10-07,3,3.4871699810028076
0832330002,2020-10-08,3,3.174290657043457
0832330002,2020-10-09,3,2.9165775775909424
0832330002,2020-10-10,3,3.0155439376831055
0832330002,2020-10-11,3,2.9695069789886475
0832330002,2020-10-12,3,2.574706792831421
0832330002,2020-10-13,3,2.503936290740967
0832330002,2020-10-14,3,2.864614725112915
0832330002,2020-10-15,3,2.626534938812256
0832330002,2020-10-16,2,2.48943829536438
0832330002,2020-10-17,2,2.4283642768859863
0832330002,2020-10-18,2,2.280062675476074
0832330002,2020-10-19,2,2.0977156162261963
0832330002,2020-10-20,2,2.3059494495391846
0832330002,2020-10-21,2,2.4346566200256348
0832330002,2020-10-22,2,2.3592402935028076
0832361001,2020-09-23,4,4.247929573059082
0832361001,2020-09-24,4,3.8275339603424072
0832361001,2020-09-25,4,3.6976075172424316
0832361001,2020-09-26,7,6.664778232574463
0832361001,2020-09-27,3,2.8791980743408203
0832361001,2020-09-28,9,8.742676734924316
0832361001,2020-09-29,6,5.690107822418213
0832361001,2020-09-30,4,4.320864677429199
0832361001,2020-10-01,5,4.621433258056641
0832361001,2020-10-02,5,4.517053604125977
0832361001,2020-10-03,5,4.91846227645874
0832361001,2020-10-04,4,3.989983081817627
0832361001,2020-10-05,4,3.8025124073028564
0832361001,2020-10-06,4,3.8438949584960938
0832361001,2020-10-07,4,4.215525150299072
0832361001,2020-10-08,4,4.0912675857543945
0832361001,2020-10-09,4,3.820026159286499
0832361001,2020-10-10,4,3.8107151985168457
0832361001,2020-10-11,3,3.406883955001831
0832361001,2020-10-12,3,3.1520042419433594
0832361001,2020-10-13,3,3.281794548034668
0832361001,2020-10-14,4,3.6714887619018555
0832361001,2020-10-15,3,3.4117727279663086
0832361001,2020-10-16,3,3.2320010662078857
0832361001,2020-10-17,3,3.1243696212768555
0832361001,2020-10-18,3,2.997504711151123
0832361001,2020-10-19,3,2.587395191192627
0832361001,2020-10-20,3,2.7357265949249268
0832361001,2020-10-21,3,2.863940477371216
0832361001,2020-10-22,3,2.8652422428131104
0832361002,2020-09-23,2,2.1054110527038574
0832361002,2020-09-24,2,1.7779055833816528
0832361002,2020-09-25,2,1.5476512908935547
0832361002,2020-09-26,5,4.570047378540039
0832361002,2020-09-27,2,1.676674723625183
0832361002,2020-09-28,7,6.636325359344482
0832361002,2020-09-29,3,3.4096970558166504
0832361002,2020-09-30,2,1.8053234815597534
0832361002,2020-10-01,2,2.3055343627929688
0832361002,2020-10-02,2,2.2225184440612793
0832361002,2020-10-03,3,2.6608145236968994
0832361002,2020-10-04,2,2.1270480155944824
0832361002,2020-10-05,2,2.0899319648742676
0832361002,2020-10-06,2,2.14446759223938
0832361002,2020-10-07,2,2.3336222171783447
0832361002,2020-10-08,2,2.0304293632507324
0832361002,2020-10-09,2,1.7596675157546997
0832361002,2020-10-10,2,1.707364559173584
0832361002,2020-10-11,1,1.4556280374526978
0832361002,2020-10-12,1,1.3634815216064453
0832361002,2020-10-13,2,1.5300477743148804
0832361002,2020-10-14,2,1.7909276485443115
0832361002,2020-10-15,2,1.54487144947052
0832361002,2020-10-16,1,1.3707997798919678
0832361002,2020-10-17,1,1.1695142984390259
0832361002,2020-10-18,1,1.1846674680709839
0832361002,2020-10-19,1,1.2390426397323608
0832361002,2020-10-20,1,1.4244884252548218
0832361002,2020-10-21,1,1.4952642917633057
0832361002,2020-10-22,2,1.5968732833862305
0841383002,2020-09-23,26,26.499860763549805
0841383002,2020-09-24,34,33.99770736694336
0841383002,2020-09-25,34,33.893638610839844
0841383002,2020-09-26,62,62.091880798339844
0841383002,2020-09-27,54,53.805702209472656
0841383002,2020-09-28,90,90.46157836914062
0841383002,2020-09-29,66,65.69719696044922
0841383002,2020-09-30,61,61.3270378112793
0841383002,2020-10-01,58,58.231712341308594
0841383002,2020-10-02,57,56.869834899902344
0841383002,2020-10-03,61,61.22291564941406
0841383002,2020-10-04,54,54.486122131347656
0841383002,2020-10-05,52,51.922889709472656
0841383002,2020-10-06,50,50.01061248779297
0841383002,2020-10-07,50,50.00716018676758
0841383002,2020-10-08,48,47.707271575927734
0841383002,2020-10-09,39,38.92251968383789
0841383002,2020-10-10,44,43.865997314453125
0841383002,2020-10-11,48,48.1112060546875
0841383002,2020-10-12,44,43.82538986206055
0841383002,2020-10-13,43,43.061641693115234
0841383002,2020-10-14,48,48.32729721069336
0841383002,2020-10-15,50,50.2215461730957
0841383002,2020-10-16,50,50.12628936767578
0841383002,2020-10-17,55,54.63869857788086
0841383002,2020-10-18,52,52.07103729248047
0841383002,2020-10-19,51,50.60327911376953
0841383002,2020-10-20,50,49.793121337890625
0841383002,2020-10-21,52,51.595558166503906
0841383002,2020-10-22,59,58.94804763793945
0841383003,2020-09-23,12,11.733611106872559
0841383003,2020-09-24,14,14.454019546508789
0841383003,2020-09-25,15,14.99771785736084
0841383003,2020-09-26,18,18.49992561340332
0841383003,2020-09-27,13,13.356870651245117
0841383003,2020-09-28,22,22.06740951538086
0841383003,2020-09-29,21,20.628211975097656
0841383003,2020-09-30,19,19.41258430480957
0841383003,2020-10-01,18,17.9554500579834
0841383003,2020-10-02,18,17.530874252319336
0841383003,2020-10-03,20,19.95612907409668
0841383003,2020-10-04,16,15.729836463928223
0841383003,2020-10-05,15,15.28917121887207
0841383003,2020-10-06,15,15.472859382629395
0841383003,2020-10-07,16,16.215103149414062
0841383003,2020-10-08,16,15.91644287109375
0841383003,2020-10-09,15,15.150388717651367
0841383003,2020-10-10,16,16.03196144104004
0841383003,2020-10-11,14,14.402339935302734
0841383003,2020-10-12,14,14.384081840515137
0841383003,2020-10-13,14,13.846405029296875
0841383003,2020-10-14,15,14.921589851379395
0841383003,2020-10-15,15,14.808243751525879
0841383003,2020-10-16,14,14.300293922424316
0841383003,2020-10-17,15,15.006454467773438
0841383003,2020-10-18,12,12.425297737121582
0841383003,2020-10-19,13,12.855134010314941
0841383003,2020-10-20,13,12.765423774719238
0841383003,2020-10-21,13,13.331803321838379
0841383003,2020-10-22,15,14.876165390014648
0850917001,2020-09-23,92,92.28897857666016
0850917001,2020-09-24,100,100.3502426147461
0850917001,2020-09-25,99,98.73999786376953
0850917001,2020-09-26,163,163.19493103027344
0850917001,2020-09-27,81,80.60639953613281
0850917001,2020-09-28,119,118.55850982666016
0850917001,2020-09-29,108,108.35934448242188
0850917001,2020-09-30,91,91.37014770507812
0850917001,2020-10-01,84,83.91825866699219
0850917001,2020-10-02,76,76.35350799560547
0850917001,2020-10-03,94,93.92638397216797
0850917001,2020-10-04,81,80.97991943359375
0850917001,2020-10-05,83,82.8924789428711
0850917001,2020-10-06,78,78.39836120605469
0850917001,2020-10-07,84,83.68041229248047
0850917001,2020-10-08,76,76.22650146484375
0850917001,2020-10-09,71,71.06499481201172
0850917001,2020-10-10,78,78.06974029541016
0850917001,2020-10-11,101,101.3735122680664
0850917001,2020-10-12,79,79.28498077392578
0850917001,2020-10-13,73,73.25056457519531
0850917001,2020-10-14,74,73.53043365478516
0850917001,2020-10-15,75,75.37078857421875
0850917001,2020-10-16,73,72.8048324584961
0850917001,2020-10-17,75,74.8595199584961
0850917001,2020-10-18,73,73.23224639892578
0850917001,2020-10-19,66,66.21952056884766
0850917001,2020-10-20,67,66.71221160888672
0850917001,2020-10-21,70,70.16619873046875
0850917001,2020-10-22,78,78.34907531738281
0852174001,2020-09-23,11,11.318806648254395
0852174001,2020-09-24,12,11.671289443969727
0852174001,2020-09-25,11,10.761128425598145
0852174001,2020-09-26,15,14.636131286621094
0852174001,2020-09-27,10,9.539994239807129
0852174001,2020-09-28,18,17.99761390686035
0852174001,2020-09-29,17,17.272737503051758
0852174001,2020-09-30,17,17.083158493041992
0852174001,2020-10-01,14,14.403029441833496
0852174001,2020-10-02,13,13.217572212219238
0852174001,2020-10-03,14,13.996368408203125
0852174001,2020-10-04,12,11.710962295532227
0852174001,2020-10-05,12,11.568039894104004
0852174001,2020-10-06,12,12.0657958984375
0852174001,2020-10-07,13,12.906927108764648
0852174001,2020-10-08,12,12.339484214782715
0852174001,2020-10-09,12,11.870905876159668
0852174001,2020-10-10,12,12.030097007751465
0852174001,2020-10-11,10,10.301263809204102
0852174001,2020-10-12,11,10.694581985473633
0852174001,2020-10-13,10,10.405744552612305
0852174001,2020-10-14,12,11.661395072937012
0852174001,2020-10-15,12,11.757920265197754
0852174001,2020-10-16,11,11.214926719665527
0852174001,2020-10-17,11,11.414717674255371
0852174001,2020-10-18,9,9.14013385772705
0852174001,2020-10-19,9,9.303624153137207
0852174001,2020-10-20,10,9.91843318939209
0852174001,2020-10-21,11,10.510537147521973
0852174001,2020-10-22,12,11.560552597045898
0854043005,2020-09-23,2,2.118156671524048
0854043005,2020-09-24,2,2.008021354675293
0854043005,2020-09-25,2,2.0164079666137695
0854043005,2020-09-26,5,5.094740867614746
0854043005,2020-09-27,2,2.1134514808654785
0854043005,2020-09-28,8,7.690030574798584
0854043005,2020-09-29,4,3.936683177947998
0854043005,2020-09-30,2,2.2215306758880615
0854043005,2020-10-01,3,2.9248526096343994
0854043005,2020-10-02,3,2.663867950439453
0854043005,2020-10-03,3,3.1875107288360596
0854043005,2020-10-04,3,2.7534074783325195
0854043005,2020-10-05,2,2.4512429237365723
0854043005,2020-10-06,3,2.579939842224121
0854043005,2020-10-07,3,2.6332051753997803
0854043005,2020-10-08,2,2.4695239067077637
0854043005,2020-10-09,2,2.0734660625457764
0854043005,2020-10-10,2,2.3312978744506836
0854043005,2020-10-11,2,2.2586467266082764
0854043005,2020-10-12,2,2.058706045150757
0854043005,2020-10-13,2,2.0111536979675293
0854043005,2020-10-14,2,2.3576977252960205
0854043005,2020-10-15,2,2.1203317642211914
0854043005,2020-10-16,2,1.9823139905929565
0854043005,2020-10-17,2,1.6293249130249023
0854043005,2020-10-18,2,1.5340648889541626
0854043005,2020-10-19,1,1.4830682277679443
0854043005,2020-10-20,2,1.6685140132904053
0854043005,2020-10-21,2,1.6984214782714844
0854043005,2020-10-22,2,1.7879009246826172
0859125001,2020-09-23,16,16.183937072753906
0859125001,2020-09-24,17,16.90684700012207
0859125001,2020-09-25,18,17.530963897705078
0859125001,2020-09-26,23,22.622343063354492
0859125001,2020-09-27,15,15.132460594177246
0859125001,2020-09-28,23,23.218908309936523
0859125001,2020-09-29,21,20.86614990234375
0859125001,2020-09-30,21,20.543306350708008
0859125001,2020-10-01,18,18.495361328125
0859125001,2020-10-02,19,18.511728286743164
0859125001,2020-10-03,22,21.896154403686523
0859125001,2020-10-04,17,16.775251388549805
0859125001,2020-10-05,17,16.550893783569336
0859125001,2020-10-06,16,16.373071670532227
0859125001,2020-10-07,17,17.36026382446289
0859125001,2020-10-08,17,17.10306167602539
0859125001,2020-10-09,18,17.555160522460938
0859125001,2020-10-10,19,18.89168930053711
0859125001,2020-10-11,15,15.498992919921875
0859125001,2020-10-12,16,15.517531394958496
0859125001,2020-10-13,15,15.387669563293457
0859125001,2020-10-14,16,16.24734878540039
0859125001,2020-10-15,16,16.387821197509766
0859125001,2020-10-16,16,16.27805519104004
0859125001,2020-10-17,17,17.01760482788086
0859125001,2020-10-18,14,14.20510196685791
0859125001,2020-10-19,13,13.444148063659668
0859125001,2020-10-20,14,14.19328784942627
0859125001,2020-10-21,15,15.227851867675781
0859125001,2020-10-22,17,16.568239212036133
0866383001,2020-09-23,2,2.0697145462036133
0866383001,2020-09-24,2,1.860101580619812
0866383001,2020-09-25,2,1.666097640991211
0866383001,2020-09-26,5,4.7138495445251465
0866383001,2020-09-27,2,1.7473479509353638
0866383001,2020-09-28,7,6.798630237579346
0866383001,2020-09-29,3,3.411121129989624
0866383001,2020-09-30,2,1.9587854146957397
0866383001,2020-10-01,2,2.4673385620117188
0866383001,2020-10-02,2,2.3648314476013184
0866383001,2020-10-03,3,2.749276876449585
0866383001,2020-10-04,2,2.21482515335083
0866383001,2020-10-05,2,2.1056361198425293
0866383001,2020-10-06,2,2.3238165378570557
0866383001,2020-10-07,2,2.3910062313079834
0866383001,2020-10-08,2,2.043276786804199
0866383001,2020-10-09,2,1.7855654954910278
0866383001,2020-10-10,2,1.7522029876708984
0866383001,2020-10-11,2,1.5445164442062378
0866383001,2020-10-12,1,1.4176321029663086
0866383001,2020-10-13,2,1.512776255607605
0866383001,2020-10-14,2,1.8010280132293701
0866383001,2020-10-15,2,1.5455849170684814
0866383001,2020-10-16,1,1.3954380750656128
0866383001,2020-10-17,1,1.2283012866973877
0866383001,2020-10-18,1,1.2301372289657593
0866383001,2020-10-19,1,1.2396838665008545
0866383001,2020-10-20,1,1.4251296520233154
0866383001,2020-10-21,1,1.4785490036010742
0866383001,2020-10-22,2,1.563962697982788
0883033002,2020-09-23,3,3.1188130378723145
0883033002,2020-09-24,2,2.378664970397949
0883033002,2020-09-25,2,2.13767409324646
0883033002,2020-09-26,5,5.222245693206787
0883033002,2020-09-27,2,2.262028455734253
0883033002,2020-09-28,8,7.864754676818848
0883033002,2020-09-29,4,4.172990322113037
0883033002,2020-09-30,3,3.0230636596679688
0883033002,2020-10-01,3,3.381402015686035
0883033002,2020-10-02,3,3.3455846309661865
0883033002,2020-10-03,4,3.7437195777893066
0883033002,2020-10-04,3,3.1037418842315674
0883033002,2020-10-05,3,3.1113851070404053
0883033002,2020-10-06,3,2.9897210597991943
0883033002,2020-10-07,3,3.023320198059082
0883033002,2020-10-08,3,2.8979265689849854
0883033002,2020-10-09,2,2.4514517784118652
0883033002,2020-10-10,3,2.614124059677124
0883033002,2020-10-11,2,2.465266704559326
0883033002,2020-10-12,2,2.2816543579101562
0883033002,2020-10-13,2,2.295846700668335
0883033002,2020-10-14,3,2.5838873386383057
0883033002,2020-10-15,2,2.411672353744507
0883033002,2020-10-16,2,2.2615251541137695
0883033002,2020-10-17,2,2.0591418743133545
0883033002,2020-10-18,2,1.9624446630477905
0883033002,2020-10-19,2,1.7170051336288452
0883033002,2020-10-20,2,1.8857725858688354
0883033002,2020-10-21,2,1.8487920761108398
0883033002,2020-10-22,2,1.9431979656219482
